" Alex Grey Anal MrStrokesXXX NEW RELEASE Skinny Little Tit ","[URL=http://pimpandhost.com/image/55113816-original.html][IMG]http://ist3-1.filesor.com/pimpandhost.com/1/_/_/_/1/3/J/f/C/3JfCw/0001_anal_fisting_insertions_xxx_video_l_s.jpg[/IMG][/URL]<BR><BR>[b]Anal fisting, Anal inserthions, extreme anal, anal toys, prolapse, double fisting, amateur fisting, [/b]<BR>0001_ Alex Grey Anal MrStrokesXXX NEW RELEASE Skinny Little Tit Blonde Gets Her Bald Cunt andamp Ass Smashed In By A Monster Hammer Cock 1080p Alex Grey Ana<BR><BR>[b]0001_anal_fisting_insertions_xxx_video_l[/b]<BR>MPEG-4 | Size: 662 MiB | Duration: 29mn 28s | 1920x1080<BR><BR>[b]~> Download video from KEEP2SHARE <~<BR>[url=http://k2s.cc/file/82aa3c5b389b4/0001_anal_fisting_insertions_xxx_video_l.mp4.part1.rar]0001_anal_fisting_insertions_xxx_video_l.mp4.part1.rar[/url]<BR>[url=http://k2s.cc/file/75018bf30886d/0001_anal_fisting_insertions_xxx_video_l.mp4.part2.rar]0001_anal_fisting_insertions_xxx_video_l.mp4.part2.rar[/url][/b]<BR><BR>More screenshots:<BR>[URL=http://pimpandhost.com/image/55113744-medium.html][IMG]http://ist3-1.filesor.com/pimpandhost.com/1/_/_/_/1/3/J/f/B/3JfBm/0001_anal_fisting_insertions_xxx_video_l_s_0.jpg[/IMG][/URL]<BR><BR><BR>","1340","2241","3588","1337"
" Amateur solo ass fisters 4045064 h","[URL=http://pimpandhost.com/image/55113823-original.html][IMG]http://ist3-1.filesor.com/pimpandhost.com/1/_/_/_/1/3/J/f/C/3JfCD/0002_anal_fisting_insertions_xxx_video_d_s.jpg[/IMG][/URL]<BR><BR>[b]Anal fisting, Anal inserthions, extreme anal, anal toys, prolapse, double fisting, amateur fisting, [/b]<BR>0002_ Amateur solo ass fisters 4045064 h<BR><BR>[b]0002_anal_fisting_insertions_xxx_video_d[/b]<BR>Windows Media | Size: 714 MiB | Duration: 11mn 43s | 1920x1080<BR><BR>[b]~> Download video from KEEP2SHARE <~<BR>[url=http://k2s.cc/file/1d2f9d7bf3819/0002_anal_fisting_insertions_xxx_video_d.wmv.part1.rar]0002_anal_fisting_insertions_xxx_video_d.wmv.part1.rar[/url]<BR>[url=http://k2s.cc/file/058a685e2940e/0002_anal_fisting_insertions_xxx_video_d.wmv.part2.rar]0002_anal_fisting_insertions_xxx_video_d.wmv.part2.rar[/url][/b]<BR><BR>More screenshots:<BR>[URL=http://pimpandhost.com/image/55113755-medium.html][IMG]http://ist3-1.filesor.com/pimpandhost.com/1/_/_/_/1/3/J/f/B/3JfBx/0002_anal_fisting_insertions_xxx_video_d_s_0.jpg[/IMG][/URL]<BR><BR><BR>","1358","1814","3528","1341"
" Amateur solo ass fisters Amtr.Self.Anl.Fstng.Big.Dld","[URL=http://pimpandhost.com/image/55113839-original.html][IMG]http://ist3-2.filesor.com/pimpandhost.com/1/_/_/_/1/3/J/f/C/3JfCT/0003_anal_fisting_insertions_xxx_video_o_s.jpg[/IMG][/URL]<BR><BR>[b]Anal fisting, Anal inserthions, extreme anal, anal toys, prolapse, double fisting, amateur fisting, [/b]<BR>0003_ Amateur solo ass fisters Amtr.Self.Anl.Fstng.Big.Dld<BR><BR>[b]0003_anal_fisting_insertions_xxx_video_o[/b]<BR>AVI | Size: 445 MiB | Duration: 39mn 43s | 501x376<BR><BR>[b]~> Download video from KEEP2SHARE <~<BR>[url=http://k2s.cc/file/1c44d884e1a6a/0003_anal_fisting_insertions_xxx_video_o.avi]0003_anal_fisting_insertions_xxx_video_o.avi[/url][/b]<BR><BR>More screenshots:<BR>[URL=http://pimpandhost.com/image/55113772-medium.html][IMG]http://ist3-1.filesor.com/pimpandhost.com/1/_/_/_/1/3/J/f/B/3JfBO/0003_anal_fisting_insertions_xxx_video_o_s_0.jpg[/IMG][/URL]<BR><BR><BR>","1397","2213","3683","1384"
" Amateur solo ass fisters cmanldldstryanlfs","[URL=http://pimpandhost.com/image/55113856-original.html][IMG]http://ist3-2.filesor.com/pimpandhost.com/1/_/_/_/1/3/J/f/D/3JfDa/0004_anal_fisting_insertions_xxx_video_t_s.jpg[/IMG][/URL]<BR><BR>[b]Anal fisting, Anal inserthions, extreme anal, anal toys, prolapse, double fisting, amateur fisting, [/b]<BR>0004_ Amateur solo ass fisters cmanldldstryanlfs<BR><BR>[b]0004_anal_fisting_insertions_xxx_video_t[/b]<BR>MPEG-4 | Size: 224 MiB | Duration: 14mn 10s | 960x540<BR><BR>[b]~> Download video from KEEP2SHARE <~<BR>[url=http://k2s.cc/file/61245650f7f6a/0004_anal_fisting_insertions_xxx_video_t.mp4]0004_anal_fisting_insertions_xxx_video_t.mp4[/url][/b]<BR><BR>More screenshots:<BR>[URL=http://pimpandhost.com/image/55113778-medium.html][IMG]http://ist3-1.filesor.com/pimpandhost.com/1/_/_/_/1/3/J/f/B/3JfBU/0004_anal_fisting_insertions_xxx_video_t_s_0.jpg[/IMG][/URL]<BR><BR><BR>","1367","2101","3671","1378"
" Amateur solo ass fisters cutie self ass fis","[URL=http://pimpandhost.com/image/55113862-original.html][IMG]http://ist3-1.filesor.com/pimpandhost.com/1/_/_/_/1/3/J/f/D/3JfDg/0005_anal_fisting_insertions_xxx_video_t_s.jpg[/IMG][/URL]<BR><BR>[b]Anal fisting, Anal inserthions, extreme anal, anal toys, prolapse, double fisting, amateur fisting, [/b]<BR>0005_ Amateur solo ass fisters cutie self ass fis<BR><BR>[b]0005_anal_fisting_insertions_xxx_video_t[/b]<BR>MPEG-4 | Size: 45.9 MiB | Duration: 4mn 52s | 544x368<BR><BR>[b]~> Download video from KEEP2SHARE <~<BR>[url=http://k2s.cc/file/efe363a02679a/0005_anal_fisting_insertions_xxx_video_t.mp4]0005_anal_fisting_insertions_xxx_video_t.mp4[/url][/b]<BR><BR>More screenshots:<BR>[URL=http://pimpandhost.com/image/55113784-medium.html][IMG]http://ist3-2.filesor.com/pimpandhost.com/1/_/_/_/1/3/J/f/C/3JfC0/0005_anal_fisting_insertions_xxx_video_t_s_0.jpg[/IMG][/URL]<BR><BR><BR>","1366","1633","3652","1391"
" Amateur solo ass fisters psyanlfstdld","[URL=http://pimpandhost.com/image/55113867-original.html][IMG]http://ist3-1.filesor.com/pimpandhost.com/1/_/_/_/1/3/J/f/D/3JfDl/0006_anal_fisting_insertions_xxx_video_o_s.jpg[/IMG][/URL]<BR><BR>[b]Anal fisting, Anal inserthions, extreme anal, anal toys, prolapse, double fisting, amateur fisting, [/b]<BR>0006_ Amateur solo ass fisters psyanlfstdld<BR><BR>[b]0006_anal_fisting_insertions_xxx_video_o[/b]<BR>Windows Media | Size: 177 MiB | Duration: 4mn 46s | 1280x720<BR><BR>[b]~> Download video from KEEP2SHARE <~<BR>[url=http://k2s.cc/file/7389be4559e12/0006_anal_fisting_insertions_xxx_video_o.wmv]0006_anal_fisting_insertions_xxx_video_o.wmv[/url][/b]<BR><BR>More screenshots:<BR>[URL=http://pimpandhost.com/image/55113795-medium.html][IMG]http://ist3-2.filesor.com/pimpandhost.com/1/_/_/_/1/3/J/f/C/3JfCb/0006_anal_fisting_insertions_xxx_video_o_s_0.jpg[/IMG][/URL]<BR><BR><BR>","1310","1634","3573","1323"
" Bella new eastern European prolapse Queen wannabe Bell","[URL=http://pimpandhost.com/image/55113878-original.html][IMG]http://ist3-2.filesor.com/pimpandhost.com/1/_/_/_/1/3/J/f/D/3JfDw/0007_anal_fisting_insertions_xxx_video_a_s.jpg[/IMG][/URL]<BR><BR>[b]Anal fisting, Anal inserthions, extreme anal, anal toys, prolapse, double fisting, amateur fisting, [/b]<BR>0007_ Bella new eastern European prolapse Queen wannabe Bell<BR><BR>[b]0007_anal_fisting_insertions_xxx_video_a[/b]<BR>MPEG-4 | Size: 803 MiB | Duration: 13mn 15s | 1920x1080<BR><BR>[b]~> Download video from KEEP2SHARE <~<BR>[url=http://k2s.cc/file/f3ae126d62ec2/0007_anal_fisting_insertions_xxx_video_a.mp4.part1.rar]0007_anal_fisting_insertions_xxx_video_a.mp4.part1.rar[/url]<BR>[url=http://k2s.cc/file/cd2ee81999999/0007_anal_fisting_insertions_xxx_video_a.mp4.part2.rar]0007_anal_fisting_insertions_xxx_video_a.mp4.part2.rar[/url][/b]<BR><BR>More screenshots:<BR>[URL=http://pimpandhost.com/image/55113801-medium.html][IMG]http://ist3-1.filesor.com/pimpandhost.com/1/_/_/_/1/3/J/f/C/3JfCh/0007_anal_fisting_insertions_xxx_video_a_s_0.jpg[/IMG][/URL]<BR><BR><BR>","1311","1976","3512","1397"
" Burning Angel 2016 05 14 Taurus andamp Rachael Madori Ole ","[URL=http://pimpandhost.com/image/55113886-original.html][IMG]http://ist3-1.filesor.com/pimpandhost.com/1/_/_/_/1/3/J/f/D/3JfDE/0008_anal_fisting_insertions_xxx_video_i_s.jpg[/IMG][/URL]<BR><BR>[b]Anal fisting, Anal inserthions, extreme anal, anal toys, prolapse, double fisting, amateur fisting, [/b]<BR>0008_ Burning Angel 2016 05 14 Taurus andamp Rachael Madori Ole For Anal Part 2 1080p burna.16.05.14.taurus.and.rachael.mador<BR><BR>[b]0008_anal_fisting_insertions_xxx_video_i[/b]<BR>MPEG-4 | Size: 2.37 GiB | Duration: 48mn 33s | 1920x1080<BR><BR>[b]~> Download video from KEEP2SHARE <~<BR>[url=http://k2s.cc/file/507718f2ef3e5/0008_anal_fisting_insertions_xxx_video_i.mp4.part1.rar]0008_anal_fisting_insertions_xxx_video_i.mp4.part1.rar[/url]<BR>[url=http://k2s.cc/file/e445638ba7b61/0008_anal_fisting_insertions_xxx_video_i.mp4.part2.rar]0008_anal_fisting_insertions_xxx_video_i.mp4.part2.rar[/url]<BR>[url=http://k2s.cc/file/f045adde26db1/0008_anal_fisting_insertions_xxx_video_i.mp4.part3.rar]0008_anal_fisting_insertions_xxx_video_i.mp4.part3.rar[/url]<BR>[url=http://k2s.cc/file/5fde324ce26be/0008_anal_fisting_insertions_xxx_video_i.mp4.part4.rar]0008_anal_fisting_insertions_xxx_video_i.mp4.part4.rar[/url]<BR>[url=http://k2s.cc/file/e057f171e10c2/0008_anal_fisting_insertions_xxx_video_i.mp4.part5.rar]0008_anal_fisting_insertions_xxx_video_i.mp4.part5.rar[/url]<BR>[url=http://k2s.cc/file/e7d9f6fd6f005/0008_anal_fisting_insertions_xxx_video_i.mp4.part6.rar]0008_anal_fisting_insertions_xxx_video_i.mp4.part6.rar[/url][/b]<BR><BR>More screenshots:<BR>[URL=http://pimpandhost.com/image/55113812-medium.html][IMG]http://ist3-1.filesor.com/pimpandhost.com/1/_/_/_/1/3/J/f/C/3JfCs/0008_anal_fisting_insertions_xxx_video_i_s_0.jpg[/IMG][/URL]<BR><BR><BR>","1346","1609","3639","1386"
" Cute brunette camgirl fists ass and stuffs cunt with huge ","[URL=http://pimpandhost.com/image/55113891-original.html][IMG]http://ist3-1.filesor.com/pimpandhost.com/1/_/_/_/1/3/J/f/D/3JfDJ/0009_anal_fisting_insertions_xxx_video_w_s.jpg[/IMG][/URL]<BR><BR>[b]Anal fisting, Anal inserthions, extreme anal, anal toys, prolapse, double fisting, amateur fisting, [/b]<BR>0009_ Cute brunette camgirl fists ass and stuffs cunt with huge toys CumSho<BR><BR>[b]0009_anal_fisting_insertions_xxx_video_w[/b]<BR>MPEG-4 | Size: 576 MiB | Duration: 10mn 38s | 1920x1080<BR><BR>[b]~> Download video from KEEP2SHARE <~<BR>[url=http://k2s.cc/file/84f98d52bcf83/0009_anal_fisting_insertions_xxx_video_w.mp4.part1.rar]0009_anal_fisting_insertions_xxx_video_w.mp4.part1.rar[/url]<BR>[url=http://k2s.cc/file/e4f1a2daf0ad6/0009_anal_fisting_insertions_xxx_video_w.mp4.part2.rar]0009_anal_fisting_insertions_xxx_video_w.mp4.part2.rar[/url][/b]<BR><BR>More screenshots:<BR>[URL=http://pimpandhost.com/image/55113835-medium.html][IMG]http://ist3-1.filesor.com/pimpandhost.com/1/_/_/_/1/3/J/f/C/3JfCP/0009_anal_fisting_insertions_xxx_video_w_s_0.jpg[/IMG][/URL]<BR><BR><BR>","1395","1621","3545","1352"
" Dirty Lili Chronicles 3 449943","[URL=http://pimpandhost.com/image/55113895-original.html][IMG]http://ist3-1.filesor.com/pimpandhost.com/1/_/_/_/1/3/J/f/D/3JfDN/0010_anal_fisting_insertions_xxx_video_5_s.jpg[/IMG][/URL]<BR><BR>[b]Anal fisting, Anal inserthions, extreme anal, anal toys, prolapse, double fisting, amateur fisting, [/b]<BR>0010_ Dirty Lili Chronicles 3 449943<BR><BR>[b]0010_anal_fisting_insertions_xxx_video_5[/b]<BR>MPEG-4 | Size: 99.3 MiB | Duration: 28mn 2s | 640x360<BR><BR>[b]~> Download video from KEEP2SHARE <~<BR>[url=http://k2s.cc/file/2beb4c96c7149/0010_anal_fisting_insertions_xxx_video_5.mp4]0010_anal_fisting_insertions_xxx_video_5.mp4[/url][/b]<BR><BR>More screenshots:<BR>[URL=http://pimpandhost.com/image/55113847-medium.html][IMG]http://ist3-2.filesor.com/pimpandhost.com/1/_/_/_/1/3/J/f/D/3JfD1/0010_anal_fisting_insertions_xxx_video_5_s_0.jpg[/IMG][/URL]<BR><BR><BR>","1348","1828","3687","1345"
" FuckingMachines Kink Roxy Raye Record Breaking ANAL11.05.1","[URL=http://pimpandhost.com/image/55113900-original.html][IMG]http://ist3-1.filesor.com/pimpandhost.com/1/_/_/_/1/3/J/f/D/3JfDS/0011_anal_fisting_insertions_xxx_video_p_s.jpg[/IMG][/URL]<BR><BR>[b]Anal fisting, Anal inserthions, extreme anal, anal toys, prolapse, double fisting, amateur fisting, [/b]<BR>0011_ FuckingMachines Kink Roxy Raye Record Breaking ANAL11.05.16 FuckingMachines.11.05.2016.Roxy.Raye.720<BR><BR>[b]0011_anal_fisting_insertions_xxx_video_p[/b]<BR>MPEG-4 | Size: 1.42 GiB | Duration: 39mn 50s | 1280x720<BR><BR>[b]~> Download video from KEEP2SHARE <~<BR>[url=http://k2s.cc/file/60368e05f2e5c/0011_anal_fisting_insertions_xxx_video_p.mp4.part1.rar]0011_anal_fisting_insertions_xxx_video_p.mp4.part1.rar[/url]<BR>[url=http://k2s.cc/file/83d78f643b11e/0011_anal_fisting_insertions_xxx_video_p.mp4.part2.rar]0011_anal_fisting_insertions_xxx_video_p.mp4.part2.rar[/url]<BR>[url=http://k2s.cc/file/278ca71d2b975/0011_anal_fisting_insertions_xxx_video_p.mp4.part3.rar]0011_anal_fisting_insertions_xxx_video_p.mp4.part3.rar[/url]<BR>[url=http://k2s.cc/file/0dd53ecc63c2b/0011_anal_fisting_insertions_xxx_video_p.mp4.part4.rar]0011_anal_fisting_insertions_xxx_video_p.mp4.part4.rar[/url][/b]<BR><BR>More screenshots:<BR>[URL=http://pimpandhost.com/image/55113864-medium.html][IMG]http://ist3-1.filesor.com/pimpandhost.com/1/_/_/_/1/3/J/f/D/3JfDi/0011_anal_fisting_insertions_xxx_video_p_s_0.jpg[/IMG][/URL]<BR><BR><BR>","1315","2264","3556","1383"
" Joe gets girls whole arm up his ass ...yes I do mean an en","[URL=http://pimpandhost.com/image/55113905-original.html][IMG]http://ist3-1.filesor.com/pimpandhost.com/1/_/_/_/1/3/J/f/D/3JfDX/0012_anal_fisting_insertions_xxx_video_n_s.jpg[/IMG][/URL]<BR><BR>[b]Anal fisting, Anal inserthions, extreme anal, anal toys, prolapse, double fisting, amateur fisting, [/b]<BR>0012_ Joe gets girls whole arm up his ass ...yes I do mean an entire real arm joe gets it i<BR><BR>[b]0012_anal_fisting_insertions_xxx_video_n[/b]<BR>Windows Media | Size: 14.8 MiB | Duration: 3mn 17s | 768x576<BR><BR>[b]~> Download video from KEEP2SHARE <~<BR>[url=http://k2s.cc/file/9d6cef79447cf/0012_anal_fisting_insertions_xxx_video_n.wmv]0012_anal_fisting_insertions_xxx_video_n.wmv[/url][/b]<BR><BR>More screenshots:<BR>[URL=http://pimpandhost.com/image/55113874-medium.html][IMG]http://ist3-2.filesor.com/pimpandhost.com/1/_/_/_/1/3/J/f/D/3JfDs/0012_anal_fisting_insertions_xxx_video_n_s_0.jpg[/IMG][/URL]<BR><BR><BR>","1352","1620","3622","1317"
" LegalPorno 2on2 ATM andamp DAP. Arwen and Greenvelle anal ","[URL=http://pimpandhost.com/image/55113912-original.html][IMG]http://ist3-1.filesor.com/pimpandhost.com/1/_/_/_/1/3/J/f/E/3JfE4/0013_anal_fisting_insertions_xxx_video_p_s.jpg[/IMG][/URL]<BR><BR>[b]Anal fisting, Anal inserthions, extreme anal, anal toys, prolapse, double fisting, amateur fisting, [/b]<BR>0013_ LegalPorno 2on2 ATM andamp DAP. Arwen and Greenvelle anal challenge with fisting, from creampiee to mouth, facial, gapes and whatever GIO151 SD 480p 2016 04 23 2on2 ATM and DAP. Arwen and Greenvelle anal challenge GIO151 SD 480<BR><BR>[b]0013_anal_fisting_insertions_xxx_video_p[/b]<BR>MPEG-4 | Size: 1.08 GiB | Duration: 58mn 50s | 848x480<BR><BR>[b]~> Download video from KEEP2SHARE <~<BR>[url=http://k2s.cc/file/ea12ef328ec7c/0013_anal_fisting_insertions_xxx_video_p.mp4.part1.rar]0013_anal_fisting_insertions_xxx_video_p.mp4.part1.rar[/url]<BR>[url=http://k2s.cc/file/89b825659dbbc/0013_anal_fisting_insertions_xxx_video_p.mp4.part2.rar]0013_anal_fisting_insertions_xxx_video_p.mp4.part2.rar[/url]<BR>[url=http://k2s.cc/file/4f13b83d9000e/0013_anal_fisting_insertions_xxx_video_p.mp4.part3.rar]0013_anal_fisting_insertions_xxx_video_p.mp4.part3.rar[/url][/b]<BR><BR>More screenshots:<BR>[URL=http://pimpandhost.com/image/55113882-medium.html][IMG]http://ist3-2.filesor.com/pimpandhost.com/1/_/_/_/1/3/J/f/D/3JfDA/0013_anal_fisting_insertions_xxx_video_p_s_0.jpg[/IMG][/URL]<BR><BR><BR>","1328","1831","3516","1339"
" LegalPorno Bal Deep with Brittany Bardot and Kirshley Swoo","[URL=http://pimpandhost.com/image/55113915-original.html][IMG]http://ist3-2.filesor.com/pimpandhost.com/1/_/_/_/1/3/J/f/E/3JfE7/0014_anal_fisting_insertions_xxx_video_p_s.jpg[/IMG][/URL]<BR><BR>[b]Anal fisting, Anal inserthions, extreme anal, anal toys, prolapse, double fisting, amateur fisting, [/b]<BR>0014_ LegalPorno Bal Deep with Brittany Bardot and Kirshley Swoon, DoubleFist, MonsterProlapseDPDAPATMDP AFistGAGSPITTINGSQUIRTING GIO182 SD 480p 2016 05 08 Bal Deep with Brittany Bardot and Kirshley Swoon GIO182 SD 480<BR><BR>[b]0014_anal_fisting_insertions_xxx_video_p[/b]<BR>MPEG-4 | Size: 1.30 GiB | Duration: 1h 10mn | 848x480<BR><BR>[b]~> Download video from KEEP2SHARE <~<BR>[url=http://k2s.cc/file/8a34ca661801c/0014_anal_fisting_insertions_xxx_video_p.mp4.part1.rar]0014_anal_fisting_insertions_xxx_video_p.mp4.part1.rar[/url]<BR>[url=http://k2s.cc/file/7f80e86d2d4f4/0014_anal_fisting_insertions_xxx_video_p.mp4.part2.rar]0014_anal_fisting_insertions_xxx_video_p.mp4.part2.rar[/url]<BR>[url=http://k2s.cc/file/38ae5bfe2bce5/0014_anal_fisting_insertions_xxx_video_p.mp4.part3.rar]0014_anal_fisting_insertions_xxx_video_p.mp4.part3.rar[/url][/b]<BR><BR>More screenshots:<BR>[URL=http://pimpandhost.com/image/55113892-medium.html][IMG]http://ist3-1.filesor.com/pimpandhost.com/1/_/_/_/1/3/J/f/D/3JfDK/0014_anal_fisting_insertions_xxx_video_p_s_0.jpg[/IMG][/URL]<BR><BR><BR>","1352","1902","3623","1363"
" LegalPorno Ball Deep with July Sun and Kirshley Swoon July","[URL=http://pimpandhost.com/image/55113918-original.html][IMG]http://ist3-1.filesor.com/pimpandhost.com/1/_/_/_/1/3/J/f/E/3JfEa/0015_anal_fisting_insertions_xxx_video_n_s.jpg[/IMG][/URL]<BR><BR>[b]Anal fisting, Anal inserthions, extreme anal, anal toys, prolapse, double fisting, amateur fisting, [/b]<BR>0015_ LegalPorno Ball Deep with July Sun and Kirshley Swoon July Sun, Kirschley Swoo<BR><BR>[b]0015_anal_fisting_insertions_xxx_video_n[/b]<BR>MPEG-4 | Size: 901 MiB | Duration: 1h 10mn | 856x480<BR><BR>[b]~> Download video from KEEP2SHARE <~<BR>[url=http://k2s.cc/file/3b3b4a94dba33/0015_anal_fisting_insertions_xxx_video_n.mp4.part1.rar]0015_anal_fisting_insertions_xxx_video_n.mp4.part1.rar[/url]<BR>[url=http://k2s.cc/file/ed3a53335476d/0015_anal_fisting_insertions_xxx_video_n.mp4.part2.rar]0015_anal_fisting_insertions_xxx_video_n.mp4.part2.rar[/url][/b]<BR><BR>More screenshots:<BR>[URL=http://pimpandhost.com/image/55113901-medium.html][IMG]http://ist3-2.filesor.com/pimpandhost.com/1/_/_/_/1/3/J/f/D/3JfDT/0015_anal_fisting_insertions_xxx_video_n_s_0.jpg[/IMG][/URL]<BR><BR><BR>","1398","2110","3620","1343"
" LegalPorno Ball Deep with Proxy Paige in 4K. No PussyAnalD","[URL=http://pimpandhost.com/image/55113923-original.html][IMG]http://ist3-2.filesor.com/pimpandhost.com/1/_/_/_/1/3/J/f/E/3JfEf/0016_anal_fisting_insertions_xxx_video_p_s.jpg[/IMG][/URL]<BR><BR>[b]Anal fisting, Anal inserthions, extreme anal, anal toys, prolapse, double fisting, amateur fisting, [/b]<BR>0016_ LegalPorno Ball Deep with Proxy Paige in 4K. No PussyAnalDAPGAPEanal fistingmonster toysMultiple Swallow with Spearm Games GIO178 720p 2016 04 26 Ball Deep with Proxy Paige GIO178 720<BR><BR>[b]0016_anal_fisting_insertions_xxx_video_p[/b]<BR>MPEG-4 | Size: 2.22 GiB | Duration: 1h 8mn | 1280x720<BR><BR>[b]~> Download video from KEEP2SHARE <~<BR>[url=http://k2s.cc/file/6606d045286e2/0016_anal_fisting_insertions_xxx_video_p.mp4.part1.rar]0016_anal_fisting_insertions_xxx_video_p.mp4.part1.rar[/url]<BR>[url=http://k2s.cc/file/21ebcf8cb4694/0016_anal_fisting_insertions_xxx_video_p.mp4.part2.rar]0016_anal_fisting_insertions_xxx_video_p.mp4.part2.rar[/url]<BR>[url=http://k2s.cc/file/f96dbe876ab31/0016_anal_fisting_insertions_xxx_video_p.mp4.part3.rar]0016_anal_fisting_insertions_xxx_video_p.mp4.part3.rar[/url]<BR>[url=http://k2s.cc/file/ca8ee4b632e99/0016_anal_fisting_insertions_xxx_video_p.mp4.part4.rar]0016_anal_fisting_insertions_xxx_video_p.mp4.part4.rar[/url]<BR>[url=http://k2s.cc/file/cb2b21560ef10/0016_anal_fisting_insertions_xxx_video_p.mp4.part5.rar]0016_anal_fisting_insertions_xxx_video_p.mp4.part5.rar[/url][/b]<BR><BR>More screenshots:<BR>[URL=http://pimpandhost.com/image/55113913-medium.html][IMG]http://ist3-2.filesor.com/pimpandhost.com/1/_/_/_/1/3/J/f/E/3JfE5/0016_anal_fisting_insertions_xxx_video_p_s_0.jpg[/IMG][/URL]<BR><BR><BR>","1380","1761","3558","1375"
" LegalPorno Ninfo Animal with Anal Fist. Taissia Shanti and","[URL=http://pimpandhost.com/image/55113926-original.html][IMG]http://ist3-2.filesor.com/pimpandhost.com/1/_/_/_/1/3/J/f/E/3JfEi/0017_anal_fisting_insertions_xxx_video_p_s.jpg[/IMG][/URL]<BR><BR>[b]Anal fisting, Anal inserthions, extreme anal, anal toys, prolapse, double fisting, amateur fisting, [/b]<BR>0017_ LegalPorno Ninfo Animal with Anal Fist. Taissia Shanti andamp Francsca Dicaprio. ATMSPITTINGFOOTFETISHCUM SWALLOWDAPDPFIST+FUCKING GIO174 720p 2016 04 29 Ninfo Animal with Anal Fist. Taissia Shanti and Francsca Dicaprio GIO174 720<BR><BR>[b]0017_anal_fisting_insertions_xxx_video_p[/b]<BR>MPEG-4 | Size: 2.09 GiB | Duration: 1h 5mn | 1280x720<BR><BR>[b]~> Download video from KEEP2SHARE <~<BR>[url=http://k2s.cc/file/2419301c0df7e/0017_anal_fisting_insertions_xxx_video_p.mp4.part1.rar]0017_anal_fisting_insertions_xxx_video_p.mp4.part1.rar[/url]<BR>[url=http://k2s.cc/file/2c5976213e0ee/0017_anal_fisting_insertions_xxx_video_p.mp4.part2.rar]0017_anal_fisting_insertions_xxx_video_p.mp4.part2.rar[/url]<BR>[url=http://k2s.cc/file/251a9d5945833/0017_anal_fisting_insertions_xxx_video_p.mp4.part3.rar]0017_anal_fisting_insertions_xxx_video_p.mp4.part3.rar[/url]<BR>[url=http://k2s.cc/file/ffd9282f0762e/0017_anal_fisting_insertions_xxx_video_p.mp4.part4.rar]0017_anal_fisting_insertions_xxx_video_p.mp4.part4.rar[/url]<BR>[url=http://k2s.cc/file/32477fb308fd7/0017_anal_fisting_insertions_xxx_video_p.mp4.part5.rar]0017_anal_fisting_insertions_xxx_video_p.mp4.part5.rar[/url][/b]<BR><BR>More screenshots:<BR>[URL=http://pimpandhost.com/image/55113921-medium.html][IMG]http://ist3-2.filesor.com/pimpandhost.com/1/_/_/_/1/3/J/f/E/3JfEd/0017_anal_fisting_insertions_xxx_video_p_s_0.jpg[/IMG][/URL]<BR><BR><BR>","1342","1963","3552","1391"
" LegalPorno Ninfo Animal with Milk Overflow. Brittany Love ","[URL=http://pimpandhost.com/image/55113932-original.html][IMG]http://ist3-1.filesor.com/pimpandhost.com/1/_/_/_/1/3/J/f/E/3JfEo/0018_anal_fisting_insertions_xxx_video_p_s.jpg[/IMG][/URL]<BR><BR>[b]Anal fisting, Anal inserthions, extreme anal, anal toys, prolapse, double fisting, amateur fisting, [/b]<BR>0018_ LegalPorno Ninfo Animal with Milk Overflow. Brittany Love andamp Sara Kay. ATMSPITTINGMANHANDLEMULTIPLE FACIALSWALLOWMilkDAPDP GIO169 SD 480p 2016 04 02 Brittany Love and Sara Kay. ATMSPITTINGMANHANDLEMULTIPLE FACIALSWALLOWMilkDAPDP GIO169 SD 480<BR><BR>[b]0018_anal_fisting_insertions_xxx_video_p[/b]<BR>MPEG-4 | Size: 1.36 GiB | Duration: 1h 13mn | 848x480<BR><BR>[b]~> Download video from KEEP2SHARE <~<BR>[url=http://k2s.cc/file/733b8a39c4eef/0018_anal_fisting_insertions_xxx_video_p.mp4.part1.rar]0018_anal_fisting_insertions_xxx_video_p.mp4.part1.rar[/url]<BR>[url=http://k2s.cc/file/9c348c3935d26/0018_anal_fisting_insertions_xxx_video_p.mp4.part2.rar]0018_anal_fisting_insertions_xxx_video_p.mp4.part2.rar[/url]<BR>[url=http://k2s.cc/file/a2e9c7cbf1ac8/0018_anal_fisting_insertions_xxx_video_p.mp4.part3.rar]0018_anal_fisting_insertions_xxx_video_p.mp4.part3.rar[/url][/b]<BR><BR>More screenshots:<BR>[URL=http://pimpandhost.com/image/55113928-medium.html][IMG]http://ist3-2.filesor.com/pimpandhost.com/1/_/_/_/1/3/J/f/E/3JfEk/0018_anal_fisting_insertions_xxx_video_p_s_0.jpg[/IMG][/URL]<BR><BR><BR>","1388","1677","3571","1303"
" LegalPorno Take no Prisoners with Evelina Darling andamp D","[URL=http://pimpandhost.com/image/55113935-original.html][IMG]http://ist3-2.filesor.com/pimpandhost.com/1/_/_/_/1/3/J/f/E/3JfEr/0019_anal_fisting_insertions_xxx_video_p_s.jpg[/IMG][/URL]<BR><BR>[b]Anal fisting, Anal inserthions, extreme anal, anal toys, prolapse, double fisting, amateur fisting, [/b]<BR>0019_ LegalPorno Take no Prisoners with Evelina Darling andamp Dominica Phoenix ATMSPITTINGMANHANDLE SWALLOWDAPTAPDAP+PFISTINGANAL FIST GIO176 720p 2016 05 03 Take no Prisoners with Evelina Darling and Dominica Phoenix GIO176 720<BR><BR>[b]0019_anal_fisting_insertions_xxx_video_p[/b]<BR>MPEG-4 | Size: 2.63 GiB | Duration: 1h 21mn | 1280x720<BR><BR>[b]~> Download video from KEEP2SHARE <~<BR>[url=http://k2s.cc/file/3d963f44a1fe8/0019_anal_fisting_insertions_xxx_video_p.mp4.part1.rar]0019_anal_fisting_insertions_xxx_video_p.mp4.part1.rar[/url]<BR>[url=http://k2s.cc/file/7ddcf6fc74d7b/0019_anal_fisting_insertions_xxx_video_p.mp4.part2.rar]0019_anal_fisting_insertions_xxx_video_p.mp4.part2.rar[/url]<BR>[url=http://k2s.cc/file/39c1dfaf767dd/0019_anal_fisting_insertions_xxx_video_p.mp4.part3.rar]0019_anal_fisting_insertions_xxx_video_p.mp4.part3.rar[/url]<BR>[url=http://k2s.cc/file/9fcce220915e3/0019_anal_fisting_insertions_xxx_video_p.mp4.part4.rar]0019_anal_fisting_insertions_xxx_video_p.mp4.part4.rar[/url]<BR>[url=http://k2s.cc/file/10d5d8da6f47f/0019_anal_fisting_insertions_xxx_video_p.mp4.part5.rar]0019_anal_fisting_insertions_xxx_video_p.mp4.part5.rar[/url]<BR>[url=http://k2s.cc/file/4dd8ae6c87bed/0019_anal_fisting_insertions_xxx_video_p.mp4.part6.rar]0019_anal_fisting_insertions_xxx_video_p.mp4.part6.rar[/url][/b]<BR><BR>More screenshots:<BR>[URL=http://pimpandhost.com/image/55113936-medium.html][IMG]http://ist3-2.filesor.com/pimpandhost.com/1/_/_/_/1/3/J/f/E/3JfEs/0019_anal_fisting_insertions_xxx_video_p_s_0.jpg[/IMG][/URL]<BR><BR><BR>","1304","2072","3673","1356"
" LegalpornoGiorgio Grandi One of LPand 39s roughest scenes ","[URL=http://pimpandhost.com/image/55113940-original.html][IMG]http://ist3-2.filesor.com/pimpandhost.com/1/_/_/_/1/3/J/f/E/3JfEw/0020_anal_fisting_insertions_xxx_video_9_s.jpg[/IMG][/URL]<BR><BR>[b]Anal fisting, Anal inserthions, extreme anal, anal toys, prolapse, double fisting, amateur fisting, [/b]<BR>0020_ LegalpornoGiorgio Grandi One of LPand 39s roughest scenes yet Ninfo Animal with Milk Overflow. Brittany Love andamp Sara Kay Anal Fisting, Anal Footing, Milk Puking, DAP, ATM GIFs Ins Ninfo Animal with Milk Overflow. Brittany Love and Sara Kay. ATMSPITTINGMANHANDLEMULTIPLE FACIALSWALLOWMilkDAPDP GIO16<BR><BR>[b]0020_anal_fisting_insertions_xxx_video_9[/b]<BR>MPEG-4 | Size: 2.36 GiB | Duration: 1h 13mn | 1280x720<BR><BR>[b]~> Download video from KEEP2SHARE <~<BR>[url=http://k2s.cc/file/44247b3d5a90d/0020_anal_fisting_insertions_xxx_video_9.mp4.part1.rar]0020_anal_fisting_insertions_xxx_video_9.mp4.part1.rar[/url]<BR>[url=http://k2s.cc/file/226e660737689/0020_anal_fisting_insertions_xxx_video_9.mp4.part2.rar]0020_anal_fisting_insertions_xxx_video_9.mp4.part2.rar[/url]<BR>[url=http://k2s.cc/file/0eac383f06d89/0020_anal_fisting_insertions_xxx_video_9.mp4.part3.rar]0020_anal_fisting_insertions_xxx_video_9.mp4.part3.rar[/url]<BR>[url=http://k2s.cc/file/5dbe7578e2e10/0020_anal_fisting_insertions_xxx_video_9.mp4.part4.rar]0020_anal_fisting_insertions_xxx_video_9.mp4.part4.rar[/url]<BR>[url=http://k2s.cc/file/a205d2efee07d/0020_anal_fisting_insertions_xxx_video_9.mp4.part5.rar]0020_anal_fisting_insertions_xxx_video_9.mp4.part5.rar[/url]<BR>[url=http://k2s.cc/file/d0156fc886add/0020_anal_fisting_insertions_xxx_video_9.mp4.part6.rar]0020_anal_fisting_insertions_xxx_video_9.mp4.part6.rar[/url][/b]<BR><BR>More screenshots:<BR>[URL=http://pimpandhost.com/image/55113947-medium.html][IMG]http://ist3-1.filesor.com/pimpandhost.com/1/_/_/_/1/3/J/f/E/3JfED/0020_anal_fisting_insertions_xxx_video_9_s_0.jpg[/IMG][/URL]<BR><BR><BR>","1377","1925","3647","1305"
" Naughty Trixie Updates Four Videos 2016.03.17 Fucking My A","[URL=http://pimpandhost.com/image/55113945-original.html][IMG]http://ist3-2.filesor.com/pimpandhost.com/1/_/_/_/1/3/J/f/E/3JfEB/0021_anal_fisting_insertions_xxx_video_d_s.jpg[/IMG][/URL]<BR><BR>[b]Anal fisting, Anal inserthions, extreme anal, anal toys, prolapse, double fisting, amateur fisting, [/b]<BR>0021_ Naughty Trixie Updates Four Videos 2016.03.17 Fucking My Ass and Getting Ass Fucke<BR><BR>[b]0021_anal_fisting_insertions_xxx_video_d[/b]<BR>MPEG-4 | Size: 5.48 MiB | Duration: 1mn 46s | 640x360<BR><BR>[b]~> Download video from KEEP2SHARE <~<BR>[url=http://k2s.cc/file/f1d571f689a02/0021_anal_fisting_insertions_xxx_video_d.mp4]0021_anal_fisting_insertions_xxx_video_d.mp4[/url][/b]<BR><BR>More screenshots:<BR>[URL=http://pimpandhost.com/image/55113953-medium.html][IMG]http://ist3-1.filesor.com/pimpandhost.com/1/_/_/_/1/3/J/f/E/3JfEJ/0021_anal_fisting_insertions_xxx_video_d_s_0.jpg[/IMG][/URL]<BR><BR><BR>","1384","2234","3588","1335"
" Naughty Trixie Updates Four Videos 2016.03.23 In a Leash G","[URL=http://pimpandhost.com/image/55113949-original.html][IMG]http://ist3-1.filesor.com/pimpandhost.com/1/_/_/_/1/3/J/f/E/3JfEF/0022_anal_fisting_insertions_xxx_video_d_s.jpg[/IMG][/URL]<BR><BR>[b]Anal fisting, Anal inserthions, extreme anal, anal toys, prolapse, double fisting, amateur fisting, [/b]<BR>0022_ Naughty Trixie Updates Four Videos 2016.03.23 In a Leash Getting Anal Fiste<BR><BR>[b]0022_anal_fisting_insertions_xxx_video_d[/b]<BR>MPEG-4 | Size: 27.8 MiB | Duration: 4mn 6s | 640x360<BR><BR>[b]~> Download video from KEEP2SHARE <~<BR>[url=http://k2s.cc/file/dedde468d3b03/0022_anal_fisting_insertions_xxx_video_d.mp4]0022_anal_fisting_insertions_xxx_video_d.mp4[/url][/b]<BR><BR>More screenshots:<BR>[URL=http://pimpandhost.com/image/55113957-medium.html][IMG]http://ist3-1.filesor.com/pimpandhost.com/1/_/_/_/1/3/J/f/E/3JfEN/0022_anal_fisting_insertions_xxx_video_d_s_0.jpg[/IMG][/URL]<BR><BR><BR>","1326","1549","3698","1323"
" Naughty Trixie Updates Four Videos 2016.03.31 Kukke Anal F","[URL=http://pimpandhost.com/image/55113951-original.html][IMG]http://ist3-2.filesor.com/pimpandhost.com/1/_/_/_/1/3/J/f/E/3JfEH/0023_anal_fisting_insertions_xxx_video_r_s.jpg[/IMG][/URL]<BR><BR>[b]Anal fisting, Anal inserthions, extreme anal, anal toys, prolapse, double fisting, amateur fisting, [/b]<BR>0023_ Naughty Trixie Updates Four Videos 2016.03.31 Kukke Anal Fuck Mirro<BR><BR>[b]0023_anal_fisting_insertions_xxx_video_r[/b]<BR>MPEG-4 | Size: 14.0 MiB | Duration: 2mn 3s | 640x360<BR><BR>[b]~> Download video from KEEP2SHARE <~<BR>[url=http://k2s.cc/file/5be7a08a597dc/0023_anal_fisting_insertions_xxx_video_r.mp4]0023_anal_fisting_insertions_xxx_video_r.mp4[/url][/b]<BR><BR>More screenshots:<BR>[URL=http://pimpandhost.com/image/55113962-medium.html][IMG]http://ist3-1.filesor.com/pimpandhost.com/1/_/_/_/1/3/J/f/E/3JfES/0023_anal_fisting_insertions_xxx_video_r_s_0.jpg[/IMG][/URL]<BR><BR><BR>","1373","2028","3634","1353"
" Naughty Trixie Updates Four Videos 2016.04.07 My Stretched","[URL=http://pimpandhost.com/image/55113955-original.html][IMG]http://ist3-1.filesor.com/pimpandhost.com/1/_/_/_/1/3/J/f/E/3JfEL/0024_anal_fisting_insertions_xxx_video_s_s.jpg[/IMG][/URL]<BR><BR>[b]Anal fisting, Anal inserthions, extreme anal, anal toys, prolapse, double fisting, amateur fisting, [/b]<BR>0024_ Naughty Trixie Updates Four Videos 2016.04.07 My Stretched Ass Filled With Pis<BR><BR>[b]0024_anal_fisting_insertions_xxx_video_s[/b]<BR>MPEG-4 | Size: 17.6 MiB | Duration: 2mn 18s | 640x360<BR><BR>[b]~> Download video from KEEP2SHARE <~<BR>[url=http://k2s.cc/file/36ba4d8fca34d/0024_anal_fisting_insertions_xxx_video_s.mp4]0024_anal_fisting_insertions_xxx_video_s.mp4[/url][/b]<BR><BR>More screenshots:<BR>[URL=http://pimpandhost.com/image/55113971-medium.html][IMG]http://ist3-2.filesor.com/pimpandhost.com/1/_/_/_/1/3/J/f/F/3JfF1/0024_anal_fisting_insertions_xxx_video_s_s_0.jpg[/IMG][/URL]<BR><BR><BR>","1388","2365","3555","1330"
" NaughtyAlysha Green Within Me REQ greenwithinm","[URL=http://pimpandhost.com/image/55113958-original.html][IMG]http://ist3-1.filesor.com/pimpandhost.com/1/_/_/_/1/3/J/f/E/3JfEO/0025_anal_fisting_insertions_xxx_video_e_s.jpg[/IMG][/URL]<BR><BR>[b]Anal fisting, Anal inserthions, extreme anal, anal toys, prolapse, double fisting, amateur fisting, [/b]<BR>0025_ NaughtyAlysha Green Within Me REQ greenwithinm<BR><BR>[b]0025_anal_fisting_insertions_xxx_video_e[/b]<BR>MPEG-4 | Size: 226 MiB | Duration: 15mn 5s | 1280x720<BR><BR>[b]~> Download video from KEEP2SHARE <~<BR>[url=http://k2s.cc/file/9ff0fd0c1dab9/0025_anal_fisting_insertions_xxx_video_e.mp4]0025_anal_fisting_insertions_xxx_video_e.mp4[/url][/b]<BR><BR>More screenshots:<BR>[URL=http://pimpandhost.com/image/55113980-medium.html][IMG]http://ist3-2.filesor.com/pimpandhost.com/1/_/_/_/1/3/J/f/F/3JfFa/0025_anal_fisting_insertions_xxx_video_e_s_0.jpg[/IMG][/URL]<BR><BR><BR>","1347","1983","3542","1335"
" NaughtyAlysha Just a Swingin justaswingi","[URL=http://pimpandhost.com/image/55113961-original.html][IMG]http://ist3-1.filesor.com/pimpandhost.com/1/_/_/_/1/3/J/f/E/3JfER/0026_anal_fisting_insertions_xxx_video_n_s.jpg[/IMG][/URL]<BR><BR>[b]Anal fisting, Anal inserthions, extreme anal, anal toys, prolapse, double fisting, amateur fisting, [/b]<BR>0026_ NaughtyAlysha Just a Swingin justaswingi<BR><BR>[b]0026_anal_fisting_insertions_xxx_video_n[/b]<BR>MPEG-4 | Size: 1.32 GiB | Duration: 25mn 44s | 1920x1080<BR><BR>[b]~> Download video from KEEP2SHARE <~<BR>[url=http://k2s.cc/file/983fefdd16ab8/0026_anal_fisting_insertions_xxx_video_n.mp4.part1.rar]0026_anal_fisting_insertions_xxx_video_n.mp4.part1.rar[/url]<BR>[url=http://k2s.cc/file/52313ced6888d/0026_anal_fisting_insertions_xxx_video_n.mp4.part2.rar]0026_anal_fisting_insertions_xxx_video_n.mp4.part2.rar[/url]<BR>[url=http://k2s.cc/file/bee39be984368/0026_anal_fisting_insertions_xxx_video_n.mp4.part3.rar]0026_anal_fisting_insertions_xxx_video_n.mp4.part3.rar[/url][/b]<BR><BR>More screenshots:<BR>[URL=http://pimpandhost.com/image/55113988-medium.html][IMG]http://ist3-2.filesor.com/pimpandhost.com/1/_/_/_/1/3/J/f/F/3JfFi/0026_anal_fisting_insertions_xxx_video_n_s_0.jpg[/IMG][/URL]<BR><BR><BR>","1374","2007","3578","1378"
" PornStarsLikeItBig Brazzers Veronica Avluv The Whore In Th","[URL=http://pimpandhost.com/image/55113965-original.html][IMG]http://ist3-2.filesor.com/pimpandhost.com/1/_/_/_/1/3/J/f/E/3JfEV/0027_anal_fisting_insertions_xxx_video_0_s.jpg[/IMG][/URL]<BR><BR>[b]Anal fisting, Anal inserthions, extreme anal, anal toys, prolapse, double fisting, amateur fisting, [/b]<BR>0027_ PornStarsLikeItBig Brazzers Veronica Avluv The Whore In The Lot 09.05.16 720p plib veronica avluv vl040616 720p 800<BR><BR>[b]0027_anal_fisting_insertions_xxx_video_0[/b]<BR>MPEG-4 | Size: 1.65 GiB | Duration: 29mn 21s | 1280x720<BR><BR>[b]~> Download video from KEEP2SHARE <~<BR>[url=http://k2s.cc/file/e4e880a1bd165/0027_anal_fisting_insertions_xxx_video_0.mp4.part1.rar]0027_anal_fisting_insertions_xxx_video_0.mp4.part1.rar[/url]<BR>[url=http://k2s.cc/file/e9e3fd65ada6b/0027_anal_fisting_insertions_xxx_video_0.mp4.part2.rar]0027_anal_fisting_insertions_xxx_video_0.mp4.part2.rar[/url]<BR>[url=http://k2s.cc/file/7f615addcdbcd/0027_anal_fisting_insertions_xxx_video_0.mp4.part3.rar]0027_anal_fisting_insertions_xxx_video_0.mp4.part3.rar[/url]<BR>[url=http://k2s.cc/file/c040efaf87896/0027_anal_fisting_insertions_xxx_video_0.mp4.part4.rar]0027_anal_fisting_insertions_xxx_video_0.mp4.part4.rar[/url][/b]<BR><BR>More screenshots:<BR>[URL=http://pimpandhost.com/image/55113990-medium.html][IMG]http://ist3-1.filesor.com/pimpandhost.com/1/_/_/_/1/3/J/f/F/3JfFk/0027_anal_fisting_insertions_xxx_video_0_s_0.jpg[/IMG][/URL]<BR><BR><BR>","1320","1728","3568","1397"
" RussianTeensClub Julie ...who gets ass fucked and fisted. ","[URL=http://pimpandhost.com/image/55113969-original.html][IMG]http://ist3-2.filesor.com/pimpandhost.com/1/_/_/_/1/3/J/f/E/3JfEZ/0028_anal_fisting_insertions_xxx_video_e_s.jpg[/IMG][/URL]<BR><BR>[b]Anal fisting, Anal inserthions, extreme anal, anal toys, prolapse, double fisting, amateur fisting, [/b]<BR>0028_ RussianTeensClub Julie ...who gets ass fucked and fisted. 720p inya rtc.090516.juli<BR><BR>[b]0028_anal_fisting_insertions_xxx_video_e[/b]<BR>Windows Media | Size: 1.05 GiB | Duration: 35mn 49s | 1280x720<BR><BR>[b]~> Download video from KEEP2SHARE <~<BR>[url=http://k2s.cc/file/fbc648aa39148/0028_anal_fisting_insertions_xxx_video_e.wmv.part1.rar]0028_anal_fisting_insertions_xxx_video_e.wmv.part1.rar[/url]<BR>[url=http://k2s.cc/file/5c71323584170/0028_anal_fisting_insertions_xxx_video_e.wmv.part2.rar]0028_anal_fisting_insertions_xxx_video_e.wmv.part2.rar[/url]<BR>[url=http://k2s.cc/file/c461e2c4c2439/0028_anal_fisting_insertions_xxx_video_e.wmv.part3.rar]0028_anal_fisting_insertions_xxx_video_e.wmv.part3.rar[/url][/b]<BR><BR>More screenshots:<BR>[URL=http://pimpandhost.com/image/55113998-medium.html][IMG]http://ist3-2.filesor.com/pimpandhost.com/1/_/_/_/1/3/J/f/F/3JfFs/0028_anal_fisting_insertions_xxx_video_e_s_0.jpg[/IMG][/URL]<BR><BR><BR>","1373","1565","3504","1357"
" SexAndSubmission 2016 05 06 Cherie Deville andamp Mona Wal","[URL=http://pimpandhost.com/image/55113976-original.html][IMG]http://ist3-1.filesor.com/pimpandhost.com/1/_/_/_/1/3/J/f/F/3JfF6/0029_anal_fisting_insertions_xxx_video_p_s.jpg[/IMG][/URL]<BR><BR>[b]Anal fisting, Anal inserthions, extreme anal, anal toys, prolapse, double fisting, amateur fisting, [/b]<BR>0029_ SexAndSubmission 2016 05 06 Cherie Deville andamp Mona Wales Anal Therapy 720p SAS Cherie Deville and Mona Wales Anal Therapy 720<BR><BR>[b]0029_anal_fisting_insertions_xxx_video_p[/b]<BR>MPEG-4 | Size: 3.07 GiB | Duration: 1h 26mn | 1280x720<BR><BR>[b]~> Download video from KEEP2SHARE <~<BR>[url=http://k2s.cc/file/f2895208d8969/0029_anal_fisting_insertions_xxx_video_p.mp4.part1.rar]0029_anal_fisting_insertions_xxx_video_p.mp4.part1.rar[/url]<BR>[url=http://k2s.cc/file/3485ad6c1a3dd/0029_anal_fisting_insertions_xxx_video_p.mp4.part2.rar]0029_anal_fisting_insertions_xxx_video_p.mp4.part2.rar[/url]<BR>[url=http://k2s.cc/file/33bc7c40129e9/0029_anal_fisting_insertions_xxx_video_p.mp4.part3.rar]0029_anal_fisting_insertions_xxx_video_p.mp4.part3.rar[/url]<BR>[url=http://k2s.cc/file/b7615955d3457/0029_anal_fisting_insertions_xxx_video_p.mp4.part4.rar]0029_anal_fisting_insertions_xxx_video_p.mp4.part4.rar[/url]<BR>[url=http://k2s.cc/file/6709c86278635/0029_anal_fisting_insertions_xxx_video_p.mp4.part5.rar]0029_anal_fisting_insertions_xxx_video_p.mp4.part5.rar[/url]<BR>[url=http://k2s.cc/file/e8c00910a1ad8/0029_anal_fisting_insertions_xxx_video_p.mp4.part6.rar]0029_anal_fisting_insertions_xxx_video_p.mp4.part6.rar[/url]<BR>[url=http://k2s.cc/file/f05432b171890/0029_anal_fisting_insertions_xxx_video_p.mp4.part7.rar]0029_anal_fisting_insertions_xxx_video_p.mp4.part7.rar[/url][/b]<BR><BR>More screenshots:<BR><BR><BR><BR>","1389","1914","3685","1315"
" Tricia Fox self ass fist and deep anal dildo play TriciaFo","[URL=http://pimpandhost.com/image/55113981-original.html][IMG]http://ist3-1.filesor.com/pimpandhost.com/1/_/_/_/1/3/J/f/F/3JfFb/0030_anal_fisting_insertions_xxx_video_o_s.jpg[/IMG][/URL]<BR><BR>[b]Anal fisting, Anal inserthions, extreme anal, anal toys, prolapse, double fisting, amateur fisting, [/b]<BR>0030_ Tricia Fox self ass fist and deep anal dildo play TriciaFoxAnFstDeepDld<BR><BR>[b]0030_anal_fisting_insertions_xxx_video_o[/b]<BR>MPEG-4 | Size: 1.20 GiB | Duration: 16mn 51s | 1920x1080<BR><BR>[b]~> Download video from KEEP2SHARE <~<BR>[url=http://k2s.cc/file/161b76fb50b72/0030_anal_fisting_insertions_xxx_video_o.mp4.part1.rar]0030_anal_fisting_insertions_xxx_video_o.mp4.part1.rar[/url]<BR>[url=http://k2s.cc/file/62434c5b2b05e/0030_anal_fisting_insertions_xxx_video_o.mp4.part2.rar]0030_anal_fisting_insertions_xxx_video_o.mp4.part2.rar[/url]<BR>[url=http://k2s.cc/file/92b88e144e6a8/0030_anal_fisting_insertions_xxx_video_o.mp4.part3.rar]0030_anal_fisting_insertions_xxx_video_o.mp4.part3.rar[/url][/b]<BR><BR>More screenshots:<BR>[URL=http://pimpandhost.com/image/55114016-medium.html][IMG]http://ist3-2.filesor.com/pimpandhost.com/1/_/_/_/1/3/J/f/F/3JfFK/0030_anal_fisting_insertions_xxx_video_o_s_0.jpg[/IMG][/URL]<BR><BR><BR>","1352","2319","3577","1325"
" Tricia Fox solo anal workout in the lounge room Tricia lou","[URL=http://pimpandhost.com/image/55113983-original.html][IMG]http://ist3-2.filesor.com/pimpandhost.com/1/_/_/_/1/3/J/f/F/3JfFd/0031_anal_fisting_insertions_xxx_video_e_s.jpg[/IMG][/URL]<BR><BR>[b]Anal fisting, Anal inserthions, extreme anal, anal toys, prolapse, double fisting, amateur fisting, [/b]<BR>0031_ Tricia Fox solo anal workout in the lounge room Tricia loung<BR><BR>[b]0031_anal_fisting_insertions_xxx_video_e[/b]<BR>MPEG-4 | Size: 1.54 GiB | Duration: 29mn 51s | 1920x1080<BR><BR>[b]~> Download video from KEEP2SHARE <~<BR>[url=http://k2s.cc/file/07feadec2a52c/0031_anal_fisting_insertions_xxx_video_e.mp4.part1.rar]0031_anal_fisting_insertions_xxx_video_e.mp4.part1.rar[/url]<BR>[url=http://k2s.cc/file/10459070b14f5/0031_anal_fisting_insertions_xxx_video_e.mp4.part2.rar]0031_anal_fisting_insertions_xxx_video_e.mp4.part2.rar[/url]<BR>[url=http://k2s.cc/file/e59cf72fdfc6e/0031_anal_fisting_insertions_xxx_video_e.mp4.part3.rar]0031_anal_fisting_insertions_xxx_video_e.mp4.part3.rar[/url]<BR>[url=http://k2s.cc/file/c1597f642ec62/0031_anal_fisting_insertions_xxx_video_e.mp4.part4.rar]0031_anal_fisting_insertions_xxx_video_e.mp4.part4.rar[/url][/b]<BR><BR>More screenshots:<BR>[URL=http://pimpandhost.com/image/55114018-medium.html][IMG]http://ist3-2.filesor.com/pimpandhost.com/1/_/_/_/1/3/J/f/F/3JfFM/0031_anal_fisting_insertions_xxx_video_e_s_0.jpg[/IMG][/URL]<BR><BR><BR>","1350","1550","3656","1337"
