"   Belladonna Slut 2010 The making of a slut SPLIT ","[URL=http://pimpandhost.com/image/46141807-original.html][IMG]http://ist3-1.filesor.com/pimpandhost.com/1/_/_/_/1/3/7/B/A/37BAH/0001_bdsm_sex_fetish_xxx_video_p_s.jpg[/IMG][/URL]<BR><BR>[b]BDSMs sex, bondage, pain, forced orgasm, submission, sex slave, humiliation, rough sex, [/b]<BR>0001_   Belladonna Slut 2010 The making of a slut SPLIT SCENES 720p 5599 01 720<BR><BR>[b]0001_bdsm_sex_fetish_xxx_video_p[/b]<BR>MPEG-4 | Size: 2.75 GiB | Duration: 24mn 57s | 1280x720<BR><BR>[b]~> Download video from KEEP2SHARE <~<BR>[url=http://k2s.cc/file/a9af1e0b91ddb/0001_bdsm_sex_fetish_xxx_video_p.mp4.part1.rar]0001_bdsm_sex_fetish_xxx_video_p.mp4.part1.rar[/url]<BR>[url=http://k2s.cc/file/05606cd847c89/0001_bdsm_sex_fetish_xxx_video_p.mp4.part2.rar]0001_bdsm_sex_fetish_xxx_video_p.mp4.part2.rar[/url]<BR>[url=http://k2s.cc/file/ccf4f91b89d22/0001_bdsm_sex_fetish_xxx_video_p.mp4.part3.rar]0001_bdsm_sex_fetish_xxx_video_p.mp4.part3.rar[/url]<BR>[url=http://k2s.cc/file/a54490d3847fd/0001_bdsm_sex_fetish_xxx_video_p.mp4.part4.rar]0001_bdsm_sex_fetish_xxx_video_p.mp4.part4.rar[/url]<BR>[url=http://k2s.cc/file/9fd8615ef055a/0001_bdsm_sex_fetish_xxx_video_p.mp4.part5.rar]0001_bdsm_sex_fetish_xxx_video_p.mp4.part5.rar[/url]<BR>[url=http://k2s.cc/file/7edbf3a9c196e/0001_bdsm_sex_fetish_xxx_video_p.mp4.part6.rar]0001_bdsm_sex_fetish_xxx_video_p.mp4.part6.rar[/url][/b]<BR><BR> ","1317","2003","3622","1362"
"   Belladonna Slut 2010 The making of a slut SPLIT ","[URL=http://pimpandhost.com/image/46141820-original.html][IMG]http://ist3-2.filesor.com/pimpandhost.com/1/_/_/_/1/3/7/B/A/37BAU/0002_bdsm_sex_fetish_xxx_video_p_s.jpg[/IMG][/URL]<BR><BR>[b]BDSMs sex, bondage, pain, forced orgasm, submission, sex slave, humiliation, rough sex, [/b]<BR>0002_   Belladonna Slut 2010 The making of a slut SPLIT SCENES 720p 5599 02 720<BR><BR>[b]0002_bdsm_sex_fetish_xxx_video_p[/b]<BR>MPEG-4 | Size: 2.44 GiB | Duration: 22mn 10s | 1280x720<BR><BR>[b]~> Download video from KEEP2SHARE <~<BR>[url=http://k2s.cc/file/7f545fe5a782a/0002_bdsm_sex_fetish_xxx_video_p.mp4.part1.rar]0002_bdsm_sex_fetish_xxx_video_p.mp4.part1.rar[/url]<BR>[url=http://k2s.cc/file/97348b1d775e1/0002_bdsm_sex_fetish_xxx_video_p.mp4.part2.rar]0002_bdsm_sex_fetish_xxx_video_p.mp4.part2.rar[/url]<BR>[url=http://k2s.cc/file/124237f51433e/0002_bdsm_sex_fetish_xxx_video_p.mp4.part3.rar]0002_bdsm_sex_fetish_xxx_video_p.mp4.part3.rar[/url]<BR>[url=http://k2s.cc/file/4b1ccc73fac9c/0002_bdsm_sex_fetish_xxx_video_p.mp4.part4.rar]0002_bdsm_sex_fetish_xxx_video_p.mp4.part4.rar[/url]<BR>[url=http://k2s.cc/file/aacdd6954d46b/0002_bdsm_sex_fetish_xxx_video_p.mp4.part5.rar]0002_bdsm_sex_fetish_xxx_video_p.mp4.part5.rar[/url]<BR>[url=http://k2s.cc/file/074b0e251f334/0002_bdsm_sex_fetish_xxx_video_p.mp4.part6.rar]0002_bdsm_sex_fetish_xxx_video_p.mp4.part6.rar[/url][/b]<BR><BR> ","1315","2366","3693","1383"
"   Belladonna Slut 2010 The making of a slut SPLIT ","[URL=http://pimpandhost.com/image/46141834-original.html][IMG]http://ist3-1.filesor.com/pimpandhost.com/1/_/_/_/1/3/7/B/B/37BB8/0003_bdsm_sex_fetish_xxx_video_p_s.jpg[/IMG][/URL]<BR><BR>[b]BDSMs sex, bondage, pain, forced orgasm, submission, sex slave, humiliation, rough sex, [/b]<BR>0003_   Belladonna Slut 2010 The making of a slut SPLIT SCENES 720p 5599 03 720<BR><BR>[b]0003_bdsm_sex_fetish_xxx_video_p[/b]<BR>MPEG-4 | Size: 2.98 GiB | Duration: 27mn 3s | 1280x720<BR><BR>[b]~> Download video from KEEP2SHARE <~<BR>[url=http://k2s.cc/file/003a45ef8a3aa/0003_bdsm_sex_fetish_xxx_video_p.mp4.part1.rar]0003_bdsm_sex_fetish_xxx_video_p.mp4.part1.rar[/url]<BR>[url=http://k2s.cc/file/6c96f8d078bfc/0003_bdsm_sex_fetish_xxx_video_p.mp4.part2.rar]0003_bdsm_sex_fetish_xxx_video_p.mp4.part2.rar[/url]<BR>[url=http://k2s.cc/file/78bd330eee49b/0003_bdsm_sex_fetish_xxx_video_p.mp4.part3.rar]0003_bdsm_sex_fetish_xxx_video_p.mp4.part3.rar[/url]<BR>[url=http://k2s.cc/file/0cac0f18413a0/0003_bdsm_sex_fetish_xxx_video_p.mp4.part4.rar]0003_bdsm_sex_fetish_xxx_video_p.mp4.part4.rar[/url]<BR>[url=http://k2s.cc/file/6c04e65c0d0fc/0003_bdsm_sex_fetish_xxx_video_p.mp4.part5.rar]0003_bdsm_sex_fetish_xxx_video_p.mp4.part5.rar[/url]<BR>[url=http://k2s.cc/file/3945ec8da3871/0003_bdsm_sex_fetish_xxx_video_p.mp4.part6.rar]0003_bdsm_sex_fetish_xxx_video_p.mp4.part6.rar[/url]<BR>[url=http://k2s.cc/file/c6d1cdd744f7b/0003_bdsm_sex_fetish_xxx_video_p.mp4.part7.rar]0003_bdsm_sex_fetish_xxx_video_p.mp4.part7.rar[/url][/b]<BR><BR> ","1370","2266","3680","1325"
"   Belladonna Slut 2010 The making of a slut SPLIT ","[URL=http://pimpandhost.com/image/46141850-original.html][IMG]http://ist3-1.filesor.com/pimpandhost.com/1/_/_/_/1/3/7/B/B/37BBo/0004_bdsm_sex_fetish_xxx_video_p_s.jpg[/IMG][/URL]<BR><BR>[b]BDSMs sex, bondage, pain, forced orgasm, submission, sex slave, humiliation, rough sex, [/b]<BR>0004_   Belladonna Slut 2010 The making of a slut SPLIT SCENES 720p 5599 04 720<BR><BR>[b]0004_bdsm_sex_fetish_xxx_video_p[/b]<BR>MPEG-4 | Size: 2.63 GiB | Duration: 23mn 53s | 1280x720<BR><BR>[b]~> Download video from KEEP2SHARE <~<BR>[url=http://k2s.cc/file/cd99ff3789859/0004_bdsm_sex_fetish_xxx_video_p.mp4.part1.rar]0004_bdsm_sex_fetish_xxx_video_p.mp4.part1.rar[/url]<BR>[url=http://k2s.cc/file/18fce31392f07/0004_bdsm_sex_fetish_xxx_video_p.mp4.part2.rar]0004_bdsm_sex_fetish_xxx_video_p.mp4.part2.rar[/url]<BR>[url=http://k2s.cc/file/923855b7bc734/0004_bdsm_sex_fetish_xxx_video_p.mp4.part3.rar]0004_bdsm_sex_fetish_xxx_video_p.mp4.part3.rar[/url]<BR>[url=http://k2s.cc/file/19c02ce536077/0004_bdsm_sex_fetish_xxx_video_p.mp4.part4.rar]0004_bdsm_sex_fetish_xxx_video_p.mp4.part4.rar[/url]<BR>[url=http://k2s.cc/file/5ae01b41323a8/0004_bdsm_sex_fetish_xxx_video_p.mp4.part5.rar]0004_bdsm_sex_fetish_xxx_video_p.mp4.part5.rar[/url]<BR>[url=http://k2s.cc/file/cff8f2ed5b65d/0004_bdsm_sex_fetish_xxx_video_p.mp4.part6.rar]0004_bdsm_sex_fetish_xxx_video_p.mp4.part6.rar[/url][/b]<BR><BR> ","1343","1892","3568","1393"
"   Belladonna Slut 2010 The making of a slut SPLIT ","[URL=http://pimpandhost.com/image/46141873-original.html][IMG]http://ist3-1.filesor.com/pimpandhost.com/1/_/_/_/1/3/7/B/B/37BBL/0005_bdsm_sex_fetish_xxx_video_p_s.jpg[/IMG][/URL]<BR><BR>[b]BDSMs sex, bondage, pain, forced orgasm, submission, sex slave, humiliation, rough sex, [/b]<BR>0005_   Belladonna Slut 2010 The making of a slut SPLIT SCENES 720p 5599 05 720<BR><BR>[b]0005_bdsm_sex_fetish_xxx_video_p[/b]<BR>MPEG-4 | Size: 3.76 GiB | Duration: 34mn 10s | 1280x720<BR><BR>[b]~> Download video from KEEP2SHARE <~<BR>[url=http://k2s.cc/file/b6f6a4cf37ae1/0005_bdsm_sex_fetish_xxx_video_p.mp4.part01.rar]0005_bdsm_sex_fetish_xxx_video_p.mp4.part01.rar[/url]<BR>[url=http://k2s.cc/file/3a0a3852e94e7/0005_bdsm_sex_fetish_xxx_video_p.mp4.part02.rar]0005_bdsm_sex_fetish_xxx_video_p.mp4.part02.rar[/url]<BR>[url=http://k2s.cc/file/8bed483663769/0005_bdsm_sex_fetish_xxx_video_p.mp4.part03.rar]0005_bdsm_sex_fetish_xxx_video_p.mp4.part03.rar[/url]<BR>[url=http://k2s.cc/file/fa86eb4e89924/0005_bdsm_sex_fetish_xxx_video_p.mp4.part04.rar]0005_bdsm_sex_fetish_xxx_video_p.mp4.part04.rar[/url]<BR>[url=http://k2s.cc/file/da6abe9324b45/0005_bdsm_sex_fetish_xxx_video_p.mp4.part05.rar]0005_bdsm_sex_fetish_xxx_video_p.mp4.part05.rar[/url]<BR>[url=http://k2s.cc/file/3c3a389a8ad5b/0005_bdsm_sex_fetish_xxx_video_p.mp4.part06.rar]0005_bdsm_sex_fetish_xxx_video_p.mp4.part06.rar[/url]<BR>[url=http://k2s.cc/file/cac399916496b/0005_bdsm_sex_fetish_xxx_video_p.mp4.part07.rar]0005_bdsm_sex_fetish_xxx_video_p.mp4.part07.rar[/url]<BR>[url=http://k2s.cc/file/6533136490764/0005_bdsm_sex_fetish_xxx_video_p.mp4.part08.rar]0005_bdsm_sex_fetish_xxx_video_p.mp4.part08.rar[/url]<BR>[url=http://k2s.cc/file/8dcdb9ffeab2a/0005_bdsm_sex_fetish_xxx_video_p.mp4.part09.rar]0005_bdsm_sex_fetish_xxx_video_p.mp4.part09.rar[/url][/b]<BR><BR> ","1363","2129","3630","1381"
"   Belladonna Slut 2010 The making of a slut SPLIT ","[URL=http://pimpandhost.com/image/46141891-original.html][IMG]http://ist3-1.filesor.com/pimpandhost.com/1/_/_/_/1/3/7/B/C/37BC3/0006_bdsm_sex_fetish_xxx_video_p_s.jpg[/IMG][/URL]<BR><BR>[b]BDSMs sex, bondage, pain, forced orgasm, submission, sex slave, humiliation, rough sex, [/b]<BR>0006_   Belladonna Slut 2010 The making of a slut SPLIT SCENES 720p 5599 06 720<BR><BR>[b]0006_bdsm_sex_fetish_xxx_video_p[/b]<BR>MPEG-4 | Size: 3.30 GiB | Duration: 30mn 5s | 1280x720<BR><BR>[b]~> Download video from KEEP2SHARE <~<BR>[url=http://k2s.cc/file/8163d950dfb42/0006_bdsm_sex_fetish_xxx_video_p.mp4.part1.rar]0006_bdsm_sex_fetish_xxx_video_p.mp4.part1.rar[/url]<BR>[url=http://k2s.cc/file/f6fb728bb2e8b/0006_bdsm_sex_fetish_xxx_video_p.mp4.part2.rar]0006_bdsm_sex_fetish_xxx_video_p.mp4.part2.rar[/url]<BR>[url=http://k2s.cc/file/c1aa33f113115/0006_bdsm_sex_fetish_xxx_video_p.mp4.part3.rar]0006_bdsm_sex_fetish_xxx_video_p.mp4.part3.rar[/url]<BR>[url=http://k2s.cc/file/4ae196170ba7c/0006_bdsm_sex_fetish_xxx_video_p.mp4.part4.rar]0006_bdsm_sex_fetish_xxx_video_p.mp4.part4.rar[/url]<BR>[url=http://k2s.cc/file/bfc4e0b426f7e/0006_bdsm_sex_fetish_xxx_video_p.mp4.part5.rar]0006_bdsm_sex_fetish_xxx_video_p.mp4.part5.rar[/url]<BR>[url=http://k2s.cc/file/671c88f96faf7/0006_bdsm_sex_fetish_xxx_video_p.mp4.part6.rar]0006_bdsm_sex_fetish_xxx_video_p.mp4.part6.rar[/url]<BR>[url=http://k2s.cc/file/ca864e23343e8/0006_bdsm_sex_fetish_xxx_video_p.mp4.part7.rar]0006_bdsm_sex_fetish_xxx_video_p.mp4.part7.rar[/url]<BR>[url=http://k2s.cc/file/368a06093b94a/0006_bdsm_sex_fetish_xxx_video_p.mp4.part8.rar]0006_bdsm_sex_fetish_xxx_video_p.mp4.part8.rar[/url][/b]<BR><BR> ","1379","2125","3603","1367"
"   Videos 2014 2015 BDSM clip19","[URL=http://pimpandhost.com/image/46141900-original.html][IMG]http://ist3-1.filesor.com/pimpandhost.com/1/_/_/_/1/3/7/B/C/37BCc/0007_bdsm_sex_fetish_xxx_video_6_s.jpg[/IMG][/URL]<BR><BR>[b]BDSMs sex, bondage, pain, forced orgasm, submission, sex slave, humiliation, rough sex, [/b]<BR>0007_   Videos 2014 2015 BDSM clip19<BR><BR>[b]0007_bdsm_sex_fetish_xxx_video_6[/b]<BR>MPEG-4 | Size: 487 MiB | Duration: 13mn 43s | 1248x702<BR><BR>[b]~> Download video from KEEP2SHARE <~<BR>[url=http://k2s.cc/file/3a45984f471d6/0007_bdsm_sex_fetish_xxx_video_6.mov.part1.rar]0007_bdsm_sex_fetish_xxx_video_6.mov.part1.rar[/url]<BR>[url=http://k2s.cc/file/9681321dbe6e5/0007_bdsm_sex_fetish_xxx_video_6.mov.part2.rar]0007_bdsm_sex_fetish_xxx_video_6.mov.part2.rar[/url][/b]<BR><BR> ","1327","2385","3696","1357"
"   Videos 2014 2015 BDSM clip19","[URL=http://pimpandhost.com/image/46141906-original.html][IMG]http://ist3-1.filesor.com/pimpandhost.com/1/_/_/_/1/3/7/B/C/37BCi/0008_bdsm_sex_fetish_xxx_video_7_s.jpg[/IMG][/URL]<BR><BR>[b]BDSMs sex, bondage, pain, forced orgasm, submission, sex slave, humiliation, rough sex, [/b]<BR>0008_   Videos 2014 2015 BDSM clip19<BR><BR>[b]0008_bdsm_sex_fetish_xxx_video_7[/b]<BR>MPEG-4 | Size: 439 MiB | Duration: 12mn 36s | 1248x702<BR><BR>[b]~> Download video from KEEP2SHARE <~<BR>[url=http://k2s.cc/file/6cc5db5ed18fc/0008_bdsm_sex_fetish_xxx_video_7.mov]0008_bdsm_sex_fetish_xxx_video_7.mov[/url][/b]<BR><BR> ","1356","1597","3631","1373"
"   Videos 2014 2015 BDSM clip19","[URL=http://pimpandhost.com/image/46141915-original.html][IMG]http://ist3-1.filesor.com/pimpandhost.com/1/_/_/_/1/3/7/B/C/37BCr/0009_bdsm_sex_fetish_xxx_video_8_s.jpg[/IMG][/URL]<BR><BR>[b]BDSMs sex, bondage, pain, forced orgasm, submission, sex slave, humiliation, rough sex, [/b]<BR>0009_   Videos 2014 2015 BDSM clip19<BR><BR>[b]0009_bdsm_sex_fetish_xxx_video_8[/b]<BR>MPEG-4 | Size: 374 MiB | Duration: 10mn 42s | 1248x702<BR><BR>[b]~> Download video from KEEP2SHARE <~<BR>[url=http://k2s.cc/file/5913dba7ea7c4/0009_bdsm_sex_fetish_xxx_video_8.mov]0009_bdsm_sex_fetish_xxx_video_8.mov[/url][/b]<BR><BR> ","1367","1736","3570","1382"
"   Videos 2014 2015 BDSM clip19","[URL=http://pimpandhost.com/image/46141925-original.html][IMG]http://ist3-2.filesor.com/pimpandhost.com/1/_/_/_/1/3/7/B/C/37BCB/0010_bdsm_sex_fetish_xxx_video_9_s.jpg[/IMG][/URL]<BR><BR>[b]BDSMs sex, bondage, pain, forced orgasm, submission, sex slave, humiliation, rough sex, [/b]<BR>0010_   Videos 2014 2015 BDSM clip19<BR><BR>[b]0010_bdsm_sex_fetish_xxx_video_9[/b]<BR>MPEG-4 | Size: 450 MiB | Duration: 11mn 50s | 1248x702<BR><BR>[b]~> Download video from KEEP2SHARE <~<BR>[url=http://k2s.cc/file/ac116845cfaa0/0010_bdsm_sex_fetish_xxx_video_9.mov]0010_bdsm_sex_fetish_xxx_video_9.mov[/url][/b]<BR><BR> ","1322","1779","3629","1393"
"   Videos 2014 2015 BDSM clip20","[URL=http://pimpandhost.com/image/46141930-original.html][IMG]http://ist3-2.filesor.com/pimpandhost.com/1/_/_/_/1/3/7/B/C/37BCG/0011_bdsm_sex_fetish_xxx_video_0_s.jpg[/IMG][/URL]<BR><BR>[b]BDSMs sex, bondage, pain, forced orgasm, submission, sex slave, humiliation, rough sex, [/b]<BR>0011_   Videos 2014 2015 BDSM clip20<BR><BR>[b]0011_bdsm_sex_fetish_xxx_video_0[/b]<BR>MPEG-4 | Size: 359 MiB | Duration: 9mn 33s | 1248x702<BR><BR>[b]~> Download video from KEEP2SHARE <~<BR>[url=http://k2s.cc/file/06e24e5ee945d/0011_bdsm_sex_fetish_xxx_video_0.mov]0011_bdsm_sex_fetish_xxx_video_0.mov[/url][/b]<BR><BR> ","1316","1987","3535","1359"
"   Videos 2014 2015 BDSM clip20","[URL=http://pimpandhost.com/image/46141942-original.html][IMG]http://ist3-2.filesor.com/pimpandhost.com/1/_/_/_/1/3/7/B/C/37BCS/0012_bdsm_sex_fetish_xxx_video_1_s.jpg[/IMG][/URL]<BR><BR>[b]BDSMs sex, bondage, pain, forced orgasm, submission, sex slave, humiliation, rough sex, [/b]<BR>0012_   Videos 2014 2015 BDSM clip20<BR><BR>[b]0012_bdsm_sex_fetish_xxx_video_1[/b]<BR>MPEG-4 | Size: 462 MiB | Duration: 12mn 16s | 1248x702<BR><BR>[b]~> Download video from KEEP2SHARE <~<BR>[url=http://k2s.cc/file/5d5e482abc000/0012_bdsm_sex_fetish_xxx_video_1.mov]0012_bdsm_sex_fetish_xxx_video_1.mov[/url][/b]<BR><BR> ","1398","1965","3603","1361"
"   Videos 2014 2015 BDSM clip20","[URL=http://pimpandhost.com/image/46141947-original.html][IMG]http://ist3-2.filesor.com/pimpandhost.com/1/_/_/_/1/3/7/B/C/37BCX/0013_bdsm_sex_fetish_xxx_video_2_s.jpg[/IMG][/URL]<BR><BR>[b]BDSMs sex, bondage, pain, forced orgasm, submission, sex slave, humiliation, rough sex, [/b]<BR>0013_   Videos 2014 2015 BDSM clip20<BR><BR>[b]0013_bdsm_sex_fetish_xxx_video_2[/b]<BR>MPEG-4 | Size: 381 MiB | Duration: 10mn 26s | 1248x702<BR><BR>[b]~> Download video from KEEP2SHARE <~<BR>[url=http://k2s.cc/file/c3119cb1b14d1/0013_bdsm_sex_fetish_xxx_video_2.mov]0013_bdsm_sex_fetish_xxx_video_2.mov[/url][/b]<BR><BR> ","1321","1649","3583","1300"
"   Videos 2014 2015 BDSM clip20","[URL=http://pimpandhost.com/image/46141967-original.html][IMG]http://ist3-2.filesor.com/pimpandhost.com/1/_/_/_/1/3/7/B/D/37BDh/0014_bdsm_sex_fetish_xxx_video_3_s.jpg[/IMG][/URL]<BR><BR>[b]BDSMs sex, bondage, pain, forced orgasm, submission, sex slave, humiliation, rough sex, [/b]<BR>0014_   Videos 2014 2015 BDSM clip20<BR><BR>[b]0014_bdsm_sex_fetish_xxx_video_3[/b]<BR>MPEG-4 | Size: 459 MiB | Duration: 12mn 36s | 1248x702<BR><BR>[b]~> Download video from KEEP2SHARE <~<BR>[url=http://k2s.cc/file/587c3bf7365a3/0014_bdsm_sex_fetish_xxx_video_3.mov]0014_bdsm_sex_fetish_xxx_video_3.mov[/url][/b]<BR><BR> ","1386","2336","3634","1313"
"   Videos 2014 2015 BDSM clip20","[URL=http://pimpandhost.com/image/46141981-original.html][IMG]http://ist3-2.filesor.com/pimpandhost.com/1/_/_/_/1/3/7/B/D/37BDv/0015_bdsm_sex_fetish_xxx_video_4_s.jpg[/IMG][/URL]<BR><BR>[b]BDSMs sex, bondage, pain, forced orgasm, submission, sex slave, humiliation, rough sex, [/b]<BR>0015_   Videos 2014 2015 BDSM clip20<BR><BR>[b]0015_bdsm_sex_fetish_xxx_video_4[/b]<BR>MPEG-4 | Size: 443 MiB | Duration: 12mn 45s | 1248x702<BR><BR>[b]~> Download video from KEEP2SHARE <~<BR>[url=http://k2s.cc/file/6049180f81b35/0015_bdsm_sex_fetish_xxx_video_4.mov]0015_bdsm_sex_fetish_xxx_video_4.mov[/url][/b]<BR><BR> ","1392","2080","3641","1347"
"   Videos 2014 2015 BDSM clip20","[URL=http://pimpandhost.com/image/46141989-original.html][IMG]http://ist3-2.filesor.com/pimpandhost.com/1/_/_/_/1/3/7/B/D/37BDD/0016_bdsm_sex_fetish_xxx_video_5_s.jpg[/IMG][/URL]<BR><BR>[b]BDSMs sex, bondage, pain, forced orgasm, submission, sex slave, humiliation, rough sex, [/b]<BR>0016_   Videos 2014 2015 BDSM clip20<BR><BR>[b]0016_bdsm_sex_fetish_xxx_video_5[/b]<BR>MPEG-4 | Size: 353 MiB | Duration: 10mn 6s | 1248x702<BR><BR>[b]~> Download video from KEEP2SHARE <~<BR>[url=http://k2s.cc/file/e2d9a81d529a8/0016_bdsm_sex_fetish_xxx_video_5.mov]0016_bdsm_sex_fetish_xxx_video_5.mov[/url][/b]<BR><BR> ","1375","1824","3539","1342"
"   Videos 2014 2015 BDSM clip20","[URL=http://pimpandhost.com/image/46141992-original.html][IMG]http://ist3-1.filesor.com/pimpandhost.com/1/_/_/_/1/3/7/B/D/37BDG/0017_bdsm_sex_fetish_xxx_video_6_s.jpg[/IMG][/URL]<BR><BR>[b]BDSMs sex, bondage, pain, forced orgasm, submission, sex slave, humiliation, rough sex, [/b]<BR>0017_   Videos 2014 2015 BDSM clip20<BR><BR>[b]0017_bdsm_sex_fetish_xxx_video_6[/b]<BR>MPEG-4 | Size: 367 MiB | Duration: 10mn 32s | 1280x720<BR><BR>[b]~> Download video from KEEP2SHARE <~<BR>[url=http://k2s.cc/file/298be23f007f8/0017_bdsm_sex_fetish_xxx_video_6.mov]0017_bdsm_sex_fetish_xxx_video_6.mov[/url][/b]<BR><BR> ","1362","1989","3548","1385"
"   Videos 2014 2015 BDSM clip20","[URL=http://pimpandhost.com/image/46142000-original.html][IMG]http://ist3-1.filesor.com/pimpandhost.com/1/_/_/_/1/3/7/B/D/37BDO/0018_bdsm_sex_fetish_xxx_video_7_s.jpg[/IMG][/URL]<BR><BR>[b]BDSMs sex, bondage, pain, forced orgasm, submission, sex slave, humiliation, rough sex, [/b]<BR>0018_   Videos 2014 2015 BDSM clip20<BR><BR>[b]0018_bdsm_sex_fetish_xxx_video_7[/b]<BR>MPEG-4 | Size: 412 MiB | Duration: 11mn 10s | 1280x720<BR><BR>[b]~> Download video from KEEP2SHARE <~<BR>[url=http://k2s.cc/file/c9f325849728e/0018_bdsm_sex_fetish_xxx_video_7.mov]0018_bdsm_sex_fetish_xxx_video_7.mov[/url][/b]<BR><BR> ","1386","2295","3654","1301"
"   Videos 2014 2015 BDSM clip20","[URL=http://pimpandhost.com/image/46142016-original.html][IMG]http://ist3-1.filesor.com/pimpandhost.com/1/_/_/_/1/3/7/B/E/37BE4/0019_bdsm_sex_fetish_xxx_video_8_s.jpg[/IMG][/URL]<BR><BR>[b]BDSMs sex, bondage, pain, forced orgasm, submission, sex slave, humiliation, rough sex, [/b]<BR>0019_   Videos 2014 2015 BDSM clip20<BR><BR>[b]0019_bdsm_sex_fetish_xxx_video_8[/b]<BR>MPEG-4 | Size: 405 MiB | Duration: 11mn 32s | 1280x720<BR><BR>[b]~> Download video from KEEP2SHARE <~<BR>[url=http://k2s.cc/file/b57290fe90970/0019_bdsm_sex_fetish_xxx_video_8.mov]0019_bdsm_sex_fetish_xxx_video_8.mov[/url][/b]<BR><BR> ","1342","2352","3621","1340"
"   Videos 2014 2015 BDSM clip20","[URL=http://pimpandhost.com/image/46142036-original.html][IMG]http://ist3-2.filesor.com/pimpandhost.com/1/_/_/_/1/3/7/B/E/37BEo/0020_bdsm_sex_fetish_xxx_video_9_s.jpg[/IMG][/URL]<BR><BR>[b]BDSMs sex, bondage, pain, forced orgasm, submission, sex slave, humiliation, rough sex, [/b]<BR>0020_   Videos 2014 2015 BDSM clip20<BR><BR>[b]0020_bdsm_sex_fetish_xxx_video_9[/b]<BR>MPEG-4 | Size: 510 MiB | Duration: 13mn 48s | 1280x720<BR><BR>[b]~> Download video from KEEP2SHARE <~<BR>[url=http://k2s.cc/file/6a86d03e44b6a/0020_bdsm_sex_fetish_xxx_video_9.mov.part1.rar]0020_bdsm_sex_fetish_xxx_video_9.mov.part1.rar[/url]<BR>[url=http://k2s.cc/file/aa484cc051ac6/0020_bdsm_sex_fetish_xxx_video_9.mov.part2.rar]0020_bdsm_sex_fetish_xxx_video_9.mov.part2.rar[/url][/b]<BR><BR> ","1346","1610","3502","1368"
"   Videos 2014 2015 BDSM clip21","[URL=http://pimpandhost.com/image/46142046-original.html][IMG]http://ist3-1.filesor.com/pimpandhost.com/1/_/_/_/1/3/7/B/E/37BEy/0021_bdsm_sex_fetish_xxx_video_0_s.jpg[/IMG][/URL]<BR><BR>[b]BDSMs sex, bondage, pain, forced orgasm, submission, sex slave, humiliation, rough sex, [/b]<BR>0021_   Videos 2014 2015 BDSM clip21<BR><BR>[b]0021_bdsm_sex_fetish_xxx_video_0[/b]<BR>MPEG-4 | Size: 424 MiB | Duration: 11mn 29s | 1280x720<BR><BR>[b]~> Download video from KEEP2SHARE <~<BR>[url=http://k2s.cc/file/ca463c86465a1/0021_bdsm_sex_fetish_xxx_video_0.mov]0021_bdsm_sex_fetish_xxx_video_0.mov[/url][/b]<BR><BR> ","1329","1882","3637","1314"
"   Videos 2014 2015 BDSM clip21","[URL=http://pimpandhost.com/image/46142051-original.html][IMG]http://ist3-1.filesor.com/pimpandhost.com/1/_/_/_/1/3/7/B/E/37BED/0022_bdsm_sex_fetish_xxx_video_1_s.jpg[/IMG][/URL]<BR><BR>[b]BDSMs sex, bondage, pain, forced orgasm, submission, sex slave, humiliation, rough sex, [/b]<BR>0022_   Videos 2014 2015 BDSM clip21<BR><BR>[b]0022_bdsm_sex_fetish_xxx_video_1[/b]<BR>MPEG-4 | Size: 445 MiB | Duration: 12mn 50s | 1248x702<BR><BR>[b]~> Download video from KEEP2SHARE <~<BR>[url=http://k2s.cc/file/fb85e0c3db2b9/0022_bdsm_sex_fetish_xxx_video_1.mov]0022_bdsm_sex_fetish_xxx_video_1.mov[/url][/b]<BR><BR> ","1335","1817","3556","1326"
"   Videos 2014 2015 BDSM clip21","[URL=http://pimpandhost.com/image/46142057-original.html][IMG]http://ist3-1.filesor.com/pimpandhost.com/1/_/_/_/1/3/7/B/E/37BEJ/0023_bdsm_sex_fetish_xxx_video_2_s.jpg[/IMG][/URL]<BR><BR>[b]BDSMs sex, bondage, pain, forced orgasm, submission, sex slave, humiliation, rough sex, [/b]<BR>0023_   Videos 2014 2015 BDSM clip21<BR><BR>[b]0023_bdsm_sex_fetish_xxx_video_2[/b]<BR>MPEG-4 | Size: 371 MiB | Duration: 10mn 8s | 1280x720<BR><BR>[b]~> Download video from KEEP2SHARE <~<BR>[url=http://k2s.cc/file/537995cae522f/0023_bdsm_sex_fetish_xxx_video_2.mov]0023_bdsm_sex_fetish_xxx_video_2.mov[/url][/b]<BR><BR> ","1400","2386","3646","1375"
"   Videos 2014 2015 BDSM clip21","[URL=http://pimpandhost.com/image/46142063-original.html][IMG]http://ist3-2.filesor.com/pimpandhost.com/1/_/_/_/1/3/7/B/E/37BEP/0024_bdsm_sex_fetish_xxx_video_3_s.jpg[/IMG][/URL]<BR><BR>[b]BDSMs sex, bondage, pain, forced orgasm, submission, sex slave, humiliation, rough sex, [/b]<BR>0024_   Videos 2014 2015 BDSM clip21<BR><BR>[b]0024_bdsm_sex_fetish_xxx_video_3[/b]<BR>MPEG-4 | Size: 343 MiB | Duration: 9mn 8s | 1280x720<BR><BR>[b]~> Download video from KEEP2SHARE <~<BR>[url=http://k2s.cc/file/8745b43cc1f2d/0024_bdsm_sex_fetish_xxx_video_3.mov]0024_bdsm_sex_fetish_xxx_video_3.mov[/url][/b]<BR><BR> ","1334","2334","3533","1397"
"   Videos 2014 2015 BDSM clip21","[URL=http://pimpandhost.com/image/46142068-original.html][IMG]http://ist3-2.filesor.com/pimpandhost.com/1/_/_/_/1/3/7/B/E/37BEU/0025_bdsm_sex_fetish_xxx_video_4_s.jpg[/IMG][/URL]<BR><BR>[b]BDSMs sex, bondage, pain, forced orgasm, submission, sex slave, humiliation, rough sex, [/b]<BR>0025_   Videos 2014 2015 BDSM clip21<BR><BR>[b]0025_bdsm_sex_fetish_xxx_video_4[/b]<BR>MPEG-4 | Size: 381 MiB | Duration: 10mn 50s | 1280x720<BR><BR>[b]~> Download video from KEEP2SHARE <~<BR>[url=http://k2s.cc/file/e0374b9cc5dbb/0025_bdsm_sex_fetish_xxx_video_4.mov]0025_bdsm_sex_fetish_xxx_video_4.mov[/url][/b]<BR><BR> ","1347","1867","3663","1332"
"   Videos 2014 2015 BDSM clip21","[URL=http://pimpandhost.com/image/46142077-original.html][IMG]http://ist3-1.filesor.com/pimpandhost.com/1/_/_/_/1/3/7/B/F/37BF3/0026_bdsm_sex_fetish_xxx_video_5_s.jpg[/IMG][/URL]<BR><BR>[b]BDSMs sex, bondage, pain, forced orgasm, submission, sex slave, humiliation, rough sex, [/b]<BR>0026_   Videos 2014 2015 BDSM clip21<BR><BR>[b]0026_bdsm_sex_fetish_xxx_video_5[/b]<BR>MPEG-4 | Size: 444 MiB | Duration: 12mn 11s | 1280x720<BR><BR>[b]~> Download video from KEEP2SHARE <~<BR>[url=http://k2s.cc/file/c0b9380944f61/0026_bdsm_sex_fetish_xxx_video_5.mov]0026_bdsm_sex_fetish_xxx_video_5.mov[/url][/b]<BR><BR> ","1329","2027","3567","1372"
"   Videos 2014 2015 BDSM clip21","[URL=http://pimpandhost.com/image/46142090-original.html][IMG]http://ist3-2.filesor.com/pimpandhost.com/1/_/_/_/1/3/7/B/F/37BFg/0027_bdsm_sex_fetish_xxx_video_6_s.jpg[/IMG][/URL]<BR><BR>[b]BDSMs sex, bondage, pain, forced orgasm, submission, sex slave, humiliation, rough sex, [/b]<BR>0027_   Videos 2014 2015 BDSM clip21<BR><BR>[b]0027_bdsm_sex_fetish_xxx_video_6[/b]<BR>MPEG-4 | Size: 459 MiB | Duration: 12mn 35s | 1280x720<BR><BR>[b]~> Download video from KEEP2SHARE <~<BR>[url=http://k2s.cc/file/65e6a1fdb00f7/0027_bdsm_sex_fetish_xxx_video_6.mov]0027_bdsm_sex_fetish_xxx_video_6.mov[/url][/b]<BR><BR> ","1353","2350","3523","1400"
"   Videos 2014 2015 BDSM clip21","[URL=http://pimpandhost.com/image/46142094-original.html][IMG]http://ist3-2.filesor.com/pimpandhost.com/1/_/_/_/1/3/7/B/F/37BFk/0028_bdsm_sex_fetish_xxx_video_7_s.jpg[/IMG][/URL]<BR><BR>[b]BDSMs sex, bondage, pain, forced orgasm, submission, sex slave, humiliation, rough sex, [/b]<BR>0028_   Videos 2014 2015 BDSM clip21<BR><BR>[b]0028_bdsm_sex_fetish_xxx_video_7[/b]<BR>MPEG-4 | Size: 468 MiB | Duration: 12mn 21s | 1280x720<BR><BR>[b]~> Download video from KEEP2SHARE <~<BR>[url=http://k2s.cc/file/4ed1078cf3d24/0028_bdsm_sex_fetish_xxx_video_7.mov]0028_bdsm_sex_fetish_xxx_video_7.mov[/url][/b]<BR><BR> ","1306","1614","3635","1335"
"   Videos 2014 2015 BDSM clip21","[URL=http://pimpandhost.com/image/46142105-original.html][IMG]http://ist3-2.filesor.com/pimpandhost.com/1/_/_/_/1/3/7/B/F/37BFv/0029_bdsm_sex_fetish_xxx_video_8_s.jpg[/IMG][/URL]<BR><BR>[b]BDSMs sex, bondage, pain, forced orgasm, submission, sex slave, humiliation, rough sex, [/b]<BR>0029_   Videos 2014 2015 BDSM clip21<BR><BR>[b]0029_bdsm_sex_fetish_xxx_video_8[/b]<BR>MPEG-4 | Size: 326 MiB | Duration: 9mn 13s | 1280x720<BR><BR>[b]~> Download video from KEEP2SHARE <~<BR>[url=http://k2s.cc/file/58a91bc870b37/0029_bdsm_sex_fetish_xxx_video_8.mov]0029_bdsm_sex_fetish_xxx_video_8.mov[/url][/b]<BR><BR> ","1355","1822","3600","1391"
"   Videos 2014 2015 BDSM clip21","[URL=http://pimpandhost.com/image/46142127-original.html][IMG]http://ist3-1.filesor.com/pimpandhost.com/1/_/_/_/1/3/7/B/F/37BFR/0030_bdsm_sex_fetish_xxx_video_9_s.jpg[/IMG][/URL]<BR><BR>[b]BDSMs sex, bondage, pain, forced orgasm, submission, sex slave, humiliation, rough sex, [/b]<BR>0030_   Videos 2014 2015 BDSM clip21<BR><BR>[b]0030_bdsm_sex_fetish_xxx_video_9[/b]<BR>MPEG-4 | Size: 396 MiB | Duration: 11mn 1s | 1280x720<BR><BR>[b]~> Download video from KEEP2SHARE <~<BR>[url=http://k2s.cc/file/ff02c4d09824c/0030_bdsm_sex_fetish_xxx_video_9.mov]0030_bdsm_sex_fetish_xxx_video_9.mov[/url][/b]<BR><BR> ","1371","2203","3534","1371"
"   Videos 2014 2015 BDSM clip22","[URL=http://pimpandhost.com/image/46142144-original.html][IMG]http://ist3-2.filesor.com/pimpandhost.com/1/_/_/_/1/3/7/B/G/37BG8/0031_bdsm_sex_fetish_xxx_video_0_s.jpg[/IMG][/URL]<BR><BR>[b]BDSMs sex, bondage, pain, forced orgasm, submission, sex slave, humiliation, rough sex, [/b]<BR>0031_   Videos 2014 2015 BDSM clip22<BR><BR>[b]0031_bdsm_sex_fetish_xxx_video_0[/b]<BR>MPEG-4 | Size: 417 MiB | Duration: 11mn 25s | 1280x720<BR><BR>[b]~> Download video from KEEP2SHARE <~<BR>[url=http://k2s.cc/file/1afed03aa9cd3/0031_bdsm_sex_fetish_xxx_video_0.mov]0031_bdsm_sex_fetish_xxx_video_0.mov[/url][/b]<BR><BR> ","1377","2311","3591","1311"
"   Videos 2014 2015 BDSM clip22","[URL=http://pimpandhost.com/image/46142146-original.html][IMG]http://ist3-2.filesor.com/pimpandhost.com/1/_/_/_/1/3/7/B/G/37BGa/0032_bdsm_sex_fetish_xxx_video_1_s.jpg[/IMG][/URL]<BR><BR>[b]BDSMs sex, bondage, pain, forced orgasm, submission, sex slave, humiliation, rough sex, [/b]<BR>0032_   Videos 2014 2015 BDSM clip22<BR><BR>[b]0032_bdsm_sex_fetish_xxx_video_1[/b]<BR>MPEG-4 | Size: 383 MiB | Duration: 10mn 24s | 1280x720<BR><BR>[b]~> Download video from KEEP2SHARE <~<BR>[url=http://k2s.cc/file/1a7ef08ca133d/0032_bdsm_sex_fetish_xxx_video_1.mov]0032_bdsm_sex_fetish_xxx_video_1.mov[/url][/b]<BR><BR> ","1383","2062","3515","1329"
"   Videos 2014 2015 BDSM clip22","[URL=http://pimpandhost.com/image/46142153-original.html][IMG]http://ist3-2.filesor.com/pimpandhost.com/1/_/_/_/1/3/7/B/G/37BGh/0033_bdsm_sex_fetish_xxx_video_2_s.jpg[/IMG][/URL]<BR><BR>[b]BDSMs sex, bondage, pain, forced orgasm, submission, sex slave, humiliation, rough sex, [/b]<BR>0033_   Videos 2014 2015 BDSM clip22<BR><BR>[b]0033_bdsm_sex_fetish_xxx_video_2[/b]<BR>MPEG-4 | Size: 525 MiB | Duration: 14mn 28s | 1280x720<BR><BR>[b]~> Download video from KEEP2SHARE <~<BR>[url=http://k2s.cc/file/7e6c2ef94642c/0033_bdsm_sex_fetish_xxx_video_2.mov.part1.rar]0033_bdsm_sex_fetish_xxx_video_2.mov.part1.rar[/url]<BR>[url=http://k2s.cc/file/d3cbccdfd35dc/0033_bdsm_sex_fetish_xxx_video_2.mov.part2.rar]0033_bdsm_sex_fetish_xxx_video_2.mov.part2.rar[/url][/b]<BR><BR> ","1303","2305","3624","1332"
"   Videos 2014 2015 BDSM clip22","[URL=http://pimpandhost.com/image/46142154-original.html][IMG]http://ist3-2.filesor.com/pimpandhost.com/1/_/_/_/1/3/7/B/G/37BGi/0034_bdsm_sex_fetish_xxx_video_3_s.jpg[/IMG][/URL]<BR><BR>[b]BDSMs sex, bondage, pain, forced orgasm, submission, sex slave, humiliation, rough sex, [/b]<BR>0034_   Videos 2014 2015 BDSM clip22<BR><BR>[b]0034_bdsm_sex_fetish_xxx_video_3[/b]<BR>MPEG-4 | Size: 404 MiB | Duration: 11mn 6s | 1280x720<BR><BR>[b]~> Download video from KEEP2SHARE <~<BR>[url=http://k2s.cc/file/a11cd0f60f776/0034_bdsm_sex_fetish_xxx_video_3.mov]0034_bdsm_sex_fetish_xxx_video_3.mov[/url][/b]<BR><BR> ","1348","2362","3507","1301"
"   Videos 2014 2015 BDSM clip22","[URL=http://pimpandhost.com/image/46142158-original.html][IMG]http://ist3-1.filesor.com/pimpandhost.com/1/_/_/_/1/3/7/B/G/37BGm/0035_bdsm_sex_fetish_xxx_video_4_s.jpg[/IMG][/URL]<BR><BR>[b]BDSMs sex, bondage, pain, forced orgasm, submission, sex slave, humiliation, rough sex, [/b]<BR>0035_   Videos 2014 2015 BDSM clip22<BR><BR>[b]0035_bdsm_sex_fetish_xxx_video_4[/b]<BR>MPEG-4 | Size: 461 MiB | Duration: 12mn 40s | 1280x720<BR><BR>[b]~> Download video from KEEP2SHARE <~<BR>[url=http://k2s.cc/file/5a280e36e6e8c/0035_bdsm_sex_fetish_xxx_video_4.mov]0035_bdsm_sex_fetish_xxx_video_4.mov[/url][/b]<BR><BR> ","1391","1639","3501","1397"
"   Videos 2014 2015 BDSM clip22","[URL=http://pimpandhost.com/image/46142160-original.html][IMG]http://ist3-2.filesor.com/pimpandhost.com/1/_/_/_/1/3/7/B/G/37BGo/0036_bdsm_sex_fetish_xxx_video_5_s.jpg[/IMG][/URL]<BR><BR>[b]BDSMs sex, bondage, pain, forced orgasm, submission, sex slave, humiliation, rough sex, [/b]<BR>0036_   Videos 2014 2015 BDSM clip22<BR><BR>[b]0036_bdsm_sex_fetish_xxx_video_5[/b]<BR>MPEG-4 | Size: 465 MiB | Duration: 12mn 32s | 1280x720<BR><BR>[b]~> Download video from KEEP2SHARE <~<BR>[url=http://k2s.cc/file/7beaa6cdae33c/0036_bdsm_sex_fetish_xxx_video_5.mov]0036_bdsm_sex_fetish_xxx_video_5.mov[/url][/b]<BR><BR> ","1328","2114","3564","1384"
"   Videos 2014 2015 BDSM clip22","[URL=http://pimpandhost.com/image/46142162-original.html][IMG]http://ist3-2.filesor.com/pimpandhost.com/1/_/_/_/1/3/7/B/G/37BGq/0037_bdsm_sex_fetish_xxx_video_6_s.jpg[/IMG][/URL]<BR><BR>[b]BDSMs sex, bondage, pain, forced orgasm, submission, sex slave, humiliation, rough sex, [/b]<BR>0037_   Videos 2014 2015 BDSM clip22<BR><BR>[b]0037_bdsm_sex_fetish_xxx_video_6[/b]<BR>MPEG-4 | Size: 423 MiB | Duration: 11mn 35s | 1280x720<BR><BR>[b]~> Download video from KEEP2SHARE <~<BR>[url=http://k2s.cc/file/3e8903d806632/0037_bdsm_sex_fetish_xxx_video_6.mov]0037_bdsm_sex_fetish_xxx_video_6.mov[/url][/b]<BR><BR> ","1304","2243","3648","1375"
"   Videos 2014 2015 BDSM clip22","[URL=http://pimpandhost.com/image/46142165-original.html][IMG]http://ist3-2.filesor.com/pimpandhost.com/1/_/_/_/1/3/7/B/G/37BGt/0038_bdsm_sex_fetish_xxx_video_7_s.jpg[/IMG][/URL]<BR><BR>[b]BDSMs sex, bondage, pain, forced orgasm, submission, sex slave, humiliation, rough sex, [/b]<BR>0038_   Videos 2014 2015 BDSM clip22<BR><BR>[b]0038_bdsm_sex_fetish_xxx_video_7[/b]<BR>MPEG-4 | Size: 435 MiB | Duration: 11mn 49s | 1280x720<BR><BR>[b]~> Download video from KEEP2SHARE <~<BR>[url=http://k2s.cc/file/0243f6383f7b9/0038_bdsm_sex_fetish_xxx_video_7.mov]0038_bdsm_sex_fetish_xxx_video_7.mov[/url][/b]<BR><BR> ","1361","2318","3591","1337"
"   Videos 2014 2015 BDSM clip22","[URL=http://pimpandhost.com/image/46142170-original.html][IMG]http://ist3-1.filesor.com/pimpandhost.com/1/_/_/_/1/3/7/B/G/37BGy/0039_bdsm_sex_fetish_xxx_video_8_s.jpg[/IMG][/URL]<BR><BR>[b]BDSMs sex, bondage, pain, forced orgasm, submission, sex slave, humiliation, rough sex, [/b]<BR>0039_   Videos 2014 2015 BDSM clip22<BR><BR>[b]0039_bdsm_sex_fetish_xxx_video_8[/b]<BR>MPEG-4 | Size: 376 MiB | Duration: 10mn 22s | 1280x720<BR><BR>[b]~> Download video from KEEP2SHARE <~<BR>[url=http://k2s.cc/file/37055b5f274ed/0039_bdsm_sex_fetish_xxx_video_8.mov]0039_bdsm_sex_fetish_xxx_video_8.mov[/url][/b]<BR><BR> ","1381","2323","3596","1364"
"   Videos 2014 2015 BDSM clip22","[URL=http://pimpandhost.com/image/46142173-original.html][IMG]http://ist3-1.filesor.com/pimpandhost.com/1/_/_/_/1/3/7/B/G/37BGB/0040_bdsm_sex_fetish_xxx_video_9_s.jpg[/IMG][/URL]<BR><BR>[b]BDSMs sex, bondage, pain, forced orgasm, submission, sex slave, humiliation, rough sex, [/b]<BR>0040_   Videos 2014 2015 BDSM clip22<BR><BR>[b]0040_bdsm_sex_fetish_xxx_video_9[/b]<BR>MPEG-4 | Size: 403 MiB | Duration: 10mn 59s | 1280x720<BR><BR>[b]~> Download video from KEEP2SHARE <~<BR>[url=http://k2s.cc/file/2874e6e3e8fe2/0040_bdsm_sex_fetish_xxx_video_9.mov]0040_bdsm_sex_fetish_xxx_video_9.mov[/url][/b]<BR><BR> ","1354","2004","3687","1357"
"   Videos 2014 2015 BDSM clip23","[URL=http://pimpandhost.com/image/46142175-original.html][IMG]http://ist3-1.filesor.com/pimpandhost.com/1/_/_/_/1/3/7/B/G/37BGD/0041_bdsm_sex_fetish_xxx_video_0_s.jpg[/IMG][/URL]<BR><BR>[b]BDSMs sex, bondage, pain, forced orgasm, submission, sex slave, humiliation, rough sex, [/b]<BR>0041_   Videos 2014 2015 BDSM clip23<BR><BR>[b]0041_bdsm_sex_fetish_xxx_video_0[/b]<BR>MPEG-4 | Size: 423 MiB | Duration: 11mn 24s | 1280x720<BR><BR>[b]~> Download video from KEEP2SHARE <~<BR>[url=http://k2s.cc/file/3c66cf21b5bce/0041_bdsm_sex_fetish_xxx_video_0.mov]0041_bdsm_sex_fetish_xxx_video_0.mov[/url][/b]<BR><BR> ","1345","1998","3679","1394"
"   Videos 2014 2015 BDSM clip23","[URL=http://pimpandhost.com/image/46142178-original.html][IMG]http://ist3-1.filesor.com/pimpandhost.com/1/_/_/_/1/3/7/B/G/37BGG/0042_bdsm_sex_fetish_xxx_video_1_s.jpg[/IMG][/URL]<BR><BR>[b]BDSMs sex, bondage, pain, forced orgasm, submission, sex slave, humiliation, rough sex, [/b]<BR>0042_   Videos 2014 2015 BDSM clip23<BR><BR>[b]0042_bdsm_sex_fetish_xxx_video_1[/b]<BR>MPEG-4 | Size: 407 MiB | Duration: 11mn 1s | 1280x720<BR><BR>[b]~> Download video from KEEP2SHARE <~<BR>[url=http://k2s.cc/file/b36b8f8158308/0042_bdsm_sex_fetish_xxx_video_1.mov]0042_bdsm_sex_fetish_xxx_video_1.mov[/url][/b]<BR><BR> ","1351","2341","3689","1341"
"   Videos 2014 2015 BDSM clip23","[URL=http://pimpandhost.com/image/46142192-original.html][IMG]http://ist3-2.filesor.com/pimpandhost.com/1/_/_/_/1/3/7/B/G/37BGU/0043_bdsm_sex_fetish_xxx_video_2_s.jpg[/IMG][/URL]<BR><BR>[b]BDSMs sex, bondage, pain, forced orgasm, submission, sex slave, humiliation, rough sex, [/b]<BR>0043_   Videos 2014 2015 BDSM clip23<BR><BR>[b]0043_bdsm_sex_fetish_xxx_video_2[/b]<BR>MPEG-4 | Size: 406 MiB | Duration: 10mn 45s | 1280x720<BR><BR>[b]~> Download video from KEEP2SHARE <~<BR>[url=http://k2s.cc/file/f0bf9e3405295/0043_bdsm_sex_fetish_xxx_video_2.mov]0043_bdsm_sex_fetish_xxx_video_2.mov[/url][/b]<BR><BR> ","1309","2358","3576","1337"
