" AJ Applegate Submits To Grueling Bondage and Torment 720p ","[URL=http://pimpandhost.com/image/55125892-original.html][IMG]http://ist3-2.filesor.com/pimpandhost.com/1/_/_/_/1/3/J/i/L/3JiLi/0001_bdsm_sex_fetish_xxx_video_t_s.jpg[/IMG][/URL]<BR><BR>[b]BDSMs sex, bondage, pain, forced orgasm, submission, sex slave, humiliation, rough sex, [/b]<BR>0001_ AJ Applegate Submits To Grueling Bondage and Torment 720p AJ Applegate Submits To Grueling Bondage and Tormen<BR><BR>[b]0001_bdsm_sex_fetish_xxx_video_t[/b]<BR>MPEG-4 | Size: 1.97 GiB | Duration: 54mn 59s | 1280x720<BR><BR>[b]~> Download video from KEEP2SHARE <~<BR>[url=http://k2s.cc/file/0ce0065763e5c/0001_bdsm_sex_fetish_xxx_video_t.mp4.part1.rar]0001_bdsm_sex_fetish_xxx_video_t.mp4.part1.rar[/url]<BR>[url=http://k2s.cc/file/a2a1086bc0dc9/0001_bdsm_sex_fetish_xxx_video_t.mp4.part2.rar]0001_bdsm_sex_fetish_xxx_video_t.mp4.part2.rar[/url]<BR>[url=http://k2s.cc/file/632520399442b/0001_bdsm_sex_fetish_xxx_video_t.mp4.part3.rar]0001_bdsm_sex_fetish_xxx_video_t.mp4.part3.rar[/url]<BR>[url=http://k2s.cc/file/1899d668db550/0001_bdsm_sex_fetish_xxx_video_t.mp4.part4.rar]0001_bdsm_sex_fetish_xxx_video_t.mp4.part4.rar[/url]<BR>[url=http://k2s.cc/file/5a69f63dd5b70/0001_bdsm_sex_fetish_xxx_video_t.mp4.part5.rar]0001_bdsm_sex_fetish_xxx_video_t.mp4.part5.rar[/url][/b]<BR><BR>More screenshots:<BR>[URL=http://pimpandhost.com/image/55125907-medium.html][IMG]http://ist3-2.filesor.com/pimpandhost.com/1/_/_/_/1/3/J/i/L/3JiLx/0001_bdsm_sex_fetish_xxx_video_t_s_0.jpg[/IMG][/URL]<BR><BR><BR>","1301","1548","3635","1349"
" DeviceBondage 2016 04 15 Challenge Accepted Barbary Rose i","[URL=http://pimpandhost.com/image/55125893-original.html][IMG]http://ist3-1.filesor.com/pimpandhost.com/1/_/_/_/1/3/J/i/L/3JiLj/0002_bdsm_sex_fetish_xxx_video_e_s.jpg[/IMG][/URL]<BR><BR>[b]BDSMs sex, bondage, pain, forced orgasm, submission, sex slave, humiliation, rough sex, [/b]<BR>0002_ DeviceBondage 2016 04 15 Challenge Accepted Barbary Rose is Destroyed with Extreme Torment 720p deb.16.04.15.barbary.ros<BR><BR>[b]0002_bdsm_sex_fetish_xxx_video_e[/b]<BR>MPEG-4 | Size: 2.15 GiB | Duration: 59mn 56s | 1280x720<BR><BR>[b]~> Download video from KEEP2SHARE <~<BR>[url=http://k2s.cc/file/9fdc405f16d75/0002_bdsm_sex_fetish_xxx_video_e.mp4.part1.rar]0002_bdsm_sex_fetish_xxx_video_e.mp4.part1.rar[/url]<BR>[url=http://k2s.cc/file/669529d855511/0002_bdsm_sex_fetish_xxx_video_e.mp4.part2.rar]0002_bdsm_sex_fetish_xxx_video_e.mp4.part2.rar[/url]<BR>[url=http://k2s.cc/file/a693bc31a97bd/0002_bdsm_sex_fetish_xxx_video_e.mp4.part3.rar]0002_bdsm_sex_fetish_xxx_video_e.mp4.part3.rar[/url]<BR>[url=http://k2s.cc/file/71e8602c7d214/0002_bdsm_sex_fetish_xxx_video_e.mp4.part4.rar]0002_bdsm_sex_fetish_xxx_video_e.mp4.part4.rar[/url]<BR>[url=http://k2s.cc/file/8df48755ed36e/0002_bdsm_sex_fetish_xxx_video_e.mp4.part5.rar]0002_bdsm_sex_fetish_xxx_video_e.mp4.part5.rar[/url][/b]<BR><BR>More screenshots:<BR>[URL=http://pimpandhost.com/image/55125913-medium.html][IMG]http://ist3-2.filesor.com/pimpandhost.com/1/_/_/_/1/3/J/i/L/3JiLD/0002_bdsm_sex_fetish_xxx_video_e_s_0.jpg[/IMG][/URL]<BR><BR><BR>","1359","2296","3669","1332"
" FutileStruggles A Long Day of Hard Bondage for Rachel Legs","[URL=http://pimpandhost.com/image/55125894-original.html][IMG]http://ist3-1.filesor.com/pimpandhost.com/1/_/_/_/1/3/J/i/L/3JiLk/0003_bdsm_sex_fetish_xxx_video_1_s.jpg[/IMG][/URL]<BR><BR>[b]BDSMs sex, bondage, pain, forced orgasm, submission, sex slave, humiliation, rough sex, [/b]<BR>0003_ FutileStruggles A Long Day of Hard Bondage for Rachel Legs Spread Part 1 720p site rachellegsspread part<BR><BR>[b]0003_bdsm_sex_fetish_xxx_video_1[/b]<BR>MPEG-4 | Size: 452 MiB | Duration: 20mn 12s | 1280x720<BR><BR>[b]~> Download video from KEEP2SHARE <~<BR>[url=http://k2s.cc/file/67bd00b2c8c1c/0003_bdsm_sex_fetish_xxx_video_1.mp4]0003_bdsm_sex_fetish_xxx_video_1.mp4[/url][/b]<BR><BR>More screenshots:<BR>[URL=http://pimpandhost.com/image/55125918-medium.html][IMG]http://ist3-2.filesor.com/pimpandhost.com/1/_/_/_/1/3/J/i/L/3JiLI/0003_bdsm_sex_fetish_xxx_video_1_s_0.jpg[/IMG][/URL]<BR><BR><BR>","1345","1710","3520","1365"
" FutileStruggles A Long Day of Hard Bondage for Rachel Legs","[URL=http://pimpandhost.com/image/55125896-original.html][IMG]http://ist3-1.filesor.com/pimpandhost.com/1/_/_/_/1/3/J/i/L/3JiLm/0004_bdsm_sex_fetish_xxx_video_2_s.jpg[/IMG][/URL]<BR><BR>[b]BDSMs sex, bondage, pain, forced orgasm, submission, sex slave, humiliation, rough sex, [/b]<BR>0004_ FutileStruggles A Long Day of Hard Bondage for Rachel Legs Spread Part 2 720p site rachellegsspread part<BR><BR>[b]0004_bdsm_sex_fetish_xxx_video_2[/b]<BR>MPEG-4 | Size: 465 MiB | Duration: 20mn 45s | 1280x720<BR><BR>[b]~> Download video from KEEP2SHARE <~<BR>[url=http://k2s.cc/file/b2f9f39c4c272/0004_bdsm_sex_fetish_xxx_video_2.mp4]0004_bdsm_sex_fetish_xxx_video_2.mp4[/url][/b]<BR><BR>More screenshots:<BR>[URL=http://pimpandhost.com/image/55125925-medium.html][IMG]http://ist3-1.filesor.com/pimpandhost.com/1/_/_/_/1/3/J/i/L/3JiLP/0004_bdsm_sex_fetish_xxx_video_2_s_0.jpg[/IMG][/URL]<BR><BR><BR>","1349","1900","3623","1321"
" FutileStruggles A Long Day of Hard Bondage for Rachel Legs","[URL=http://pimpandhost.com/image/55125897-original.html][IMG]http://ist3-2.filesor.com/pimpandhost.com/1/_/_/_/1/3/J/i/L/3JiLn/0005_bdsm_sex_fetish_xxx_video_3_s.jpg[/IMG][/URL]<BR><BR>[b]BDSMs sex, bondage, pain, forced orgasm, submission, sex slave, humiliation, rough sex, [/b]<BR>0005_ FutileStruggles A Long Day of Hard Bondage for Rachel Legs Spread Part 3 720p site rachellegsspread part<BR><BR>[b]0005_bdsm_sex_fetish_xxx_video_3[/b]<BR>MPEG-4 | Size: 358 MiB | Duration: 16mn 7s | 1280x720<BR><BR>[b]~> Download video from KEEP2SHARE <~<BR>[url=http://k2s.cc/file/8b7e173e7bbf9/0005_bdsm_sex_fetish_xxx_video_3.mp4]0005_bdsm_sex_fetish_xxx_video_3.mp4[/url][/b]<BR><BR>More screenshots:<BR>[URL=http://pimpandhost.com/image/55125934-medium.html][IMG]http://ist3-1.filesor.com/pimpandhost.com/1/_/_/_/1/3/J/i/L/3JiLY/0005_bdsm_sex_fetish_xxx_video_3_s_0.jpg[/IMG][/URL]<BR><BR><BR>","1352","2072","3656","1340"
" HardcoreGangbang 2016 04 06 Yasmine De Leon Slut girlfrien","[URL=http://pimpandhost.com/image/55125899-original.html][IMG]http://ist3-2.filesor.com/pimpandhost.com/1/_/_/_/1/3/J/i/L/3JiLp/0006_bdsm_sex_fetish_xxx_video_p_s.jpg[/IMG][/URL]<BR><BR>[b]BDSMs sex, bondage, pain, forced orgasm, submission, sex slave, humiliation, rough sex, [/b]<BR>0006_ HardcoreGangbang 2016 04 06 Yasmine De Leon Slut girlfriend gets all holes filled and fucked 720p HCGB Yasmine de Leon slut girlfriend gets all holes filled and fucked 720<BR><BR>[b]0006_bdsm_sex_fetish_xxx_video_p[/b]<BR>MPEG-4 | Size: 2.26 GiB | Duration: 1h 3mn | 1280x720<BR><BR>[b]~> Download video from KEEP2SHARE <~<BR>[url=http://k2s.cc/file/053a1d7a2bfc2/0006_bdsm_sex_fetish_xxx_video_p.mp4.part1.rar]0006_bdsm_sex_fetish_xxx_video_p.mp4.part1.rar[/url]<BR>[url=http://k2s.cc/file/5e07bc4c5063a/0006_bdsm_sex_fetish_xxx_video_p.mp4.part2.rar]0006_bdsm_sex_fetish_xxx_video_p.mp4.part2.rar[/url]<BR>[url=http://k2s.cc/file/0429108210b9c/0006_bdsm_sex_fetish_xxx_video_p.mp4.part3.rar]0006_bdsm_sex_fetish_xxx_video_p.mp4.part3.rar[/url]<BR>[url=http://k2s.cc/file/c55521e663f3c/0006_bdsm_sex_fetish_xxx_video_p.mp4.part4.rar]0006_bdsm_sex_fetish_xxx_video_p.mp4.part4.rar[/url]<BR>[url=http://k2s.cc/file/11eda7e1536fe/0006_bdsm_sex_fetish_xxx_video_p.mp4.part5.rar]0006_bdsm_sex_fetish_xxx_video_p.mp4.part5.rar[/url][/b]<BR><BR>More screenshots:<BR>[URL=http://pimpandhost.com/image/55125953-medium.html][IMG]http://ist3-2.filesor.com/pimpandhost.com/1/_/_/_/1/3/J/i/M/3JiMh/0006_bdsm_sex_fetish_xxx_video_p_s_0.jpg[/IMG][/URL]<BR><BR><BR>","1309","2130","3611","1361"
" HardcoreGangbang 2016 04 13 Bella Rossi Who Banged Jessica","[URL=http://pimpandhost.com/image/55125901-original.html][IMG]http://ist3-2.filesor.com/pimpandhost.com/1/_/_/_/1/3/J/i/L/3JiLr/0007_bdsm_sex_fetish_xxx_video_p_s.jpg[/IMG][/URL]<BR><BR>[b]BDSMs sex, bondage, pain, forced orgasm, submission, sex slave, humiliation, rough sex, [/b]<BR>0007_ HardcoreGangbang 2016 04 13 Bella Rossi Who Banged Jessica Rabbit 720p HCGB Bella Rossi Who Banged Jessica Rabbit 720<BR><BR>[b]0007_bdsm_sex_fetish_xxx_video_p[/b]<BR>MPEG-4 | Size: 2.22 GiB | Duration: 1h 2mn | 1280x720<BR><BR>[b]~> Download video from KEEP2SHARE <~<BR>[url=http://k2s.cc/file/e71da91ba659e/0007_bdsm_sex_fetish_xxx_video_p.mp4.part1.rar]0007_bdsm_sex_fetish_xxx_video_p.mp4.part1.rar[/url]<BR>[url=http://k2s.cc/file/8b781f6c16523/0007_bdsm_sex_fetish_xxx_video_p.mp4.part2.rar]0007_bdsm_sex_fetish_xxx_video_p.mp4.part2.rar[/url]<BR>[url=http://k2s.cc/file/17eccd23c3c19/0007_bdsm_sex_fetish_xxx_video_p.mp4.part3.rar]0007_bdsm_sex_fetish_xxx_video_p.mp4.part3.rar[/url]<BR>[url=http://k2s.cc/file/4f937bd6a302f/0007_bdsm_sex_fetish_xxx_video_p.mp4.part4.rar]0007_bdsm_sex_fetish_xxx_video_p.mp4.part4.rar[/url]<BR>[url=http://k2s.cc/file/f842835cbea84/0007_bdsm_sex_fetish_xxx_video_p.mp4.part5.rar]0007_bdsm_sex_fetish_xxx_video_p.mp4.part5.rar[/url][/b]<BR><BR>More screenshots:<BR>[URL=http://pimpandhost.com/image/55125958-medium.html][IMG]http://ist3-2.filesor.com/pimpandhost.com/1/_/_/_/1/3/J/i/M/3JiMm/0007_bdsm_sex_fetish_xxx_video_p_s_0.jpg[/IMG][/URL]<BR><BR><BR>","1361","2348","3672","1310"
" LBC Fetish Chichi Medina Secret Agent Chichi Taken Part 3 ","[URL=http://pimpandhost.com/image/55125903-original.html][IMG]http://ist3-1.filesor.com/pimpandhost.com/1/_/_/_/1/3/J/i/L/3JiLt/0008_bdsm_sex_fetish_xxx_video_3_s.jpg[/IMG][/URL]<BR><BR>[b]BDSMs sex, bondage, pain, forced orgasm, submission, sex slave, humiliation, rough sex, [/b]<BR>0008_ LBC Fetish Chichi Medina Secret Agent Chichi Taken Part 3 720p LBC Fetish Secret Agent Chichi Taken Part <BR><BR>[b]0008_bdsm_sex_fetish_xxx_video_3[/b]<BR>MPEG-4 | Size: 587 MiB | Duration: 13mn 44s | 1280x720<BR><BR>[b]~> Download video from KEEP2SHARE <~<BR>[url=http://k2s.cc/file/3bc1f340a7611/0008_bdsm_sex_fetish_xxx_video_3.mp4.part1.rar]0008_bdsm_sex_fetish_xxx_video_3.mp4.part1.rar[/url]<BR>[url=http://k2s.cc/file/5ef3ce471b804/0008_bdsm_sex_fetish_xxx_video_3.mp4.part2.rar]0008_bdsm_sex_fetish_xxx_video_3.mp4.part2.rar[/url][/b]<BR><BR>More screenshots:<BR>[URL=http://pimpandhost.com/image/55125965-medium.html][IMG]http://ist3-1.filesor.com/pimpandhost.com/1/_/_/_/1/3/J/i/M/3JiMt/0008_bdsm_sex_fetish_xxx_video_3_s_0.jpg[/IMG][/URL]<BR><BR><BR>","1400","2074","3596","1301"
" Lew Rubens Alpha Productions Casey Calvert Table Top Predi","[URL=http://pimpandhost.com/image/55125904-original.html][IMG]http://ist3-2.filesor.com/pimpandhost.com/1/_/_/_/1/3/J/i/L/3JiLu/0009_bdsm_sex_fetish_xxx_video_t_s.jpg[/IMG][/URL]<BR><BR>[b]BDSMs sex, bondage, pain, forced orgasm, submission, sex slave, humiliation, rough sex, [/b]<BR>0009_ Lew Rubens Alpha Productions Casey Calvert Table Top Predicament 720p BDCaseyTableTopPredicamen<BR><BR>[b]0009_bdsm_sex_fetish_xxx_video_t[/b]<BR>Windows Media | Size: 458 MiB | Duration: 12mn 18s | 1280x720<BR><BR>[b]~> Download video from KEEP2SHARE <~<BR>[url=http://k2s.cc/file/491b0cb9a74d4/0009_bdsm_sex_fetish_xxx_video_t.wmv]0009_bdsm_sex_fetish_xxx_video_t.wmv[/url][/b]<BR><BR>More screenshots:<BR>[URL=http://pimpandhost.com/image/55125971-medium.html][IMG]http://ist3-1.filesor.com/pimpandhost.com/1/_/_/_/1/3/J/i/M/3JiMz/0009_bdsm_sex_fetish_xxx_video_t_s_0.jpg[/IMG][/URL]<BR><BR><BR>","1369","1639","3601","1328"
" Lew Rubens Alpha Productions Drea Morgan BLIND 360p BDDrea","[URL=http://pimpandhost.com/image/55125905-original.html][IMG]http://ist3-1.filesor.com/pimpandhost.com/1/_/_/_/1/3/J/i/L/3JiLv/0010_bdsm_sex_fetish_xxx_video_d_s.jpg[/IMG][/URL]<BR><BR>[b]BDSMs sex, bondage, pain, forced orgasm, submission, sex slave, humiliation, rough sex, [/b]<BR>0010_ Lew Rubens Alpha Productions Drea Morgan BLIND 360p BDDreainBlin<BR><BR>[b]0010_bdsm_sex_fetish_xxx_video_d[/b]<BR>Windows Media | Size: 245 MiB | Duration: 22mn 0s | 480x360<BR><BR>[b]~> Download video from KEEP2SHARE <~<BR>[url=http://k2s.cc/file/3324a1ed42952/0010_bdsm_sex_fetish_xxx_video_d.wmv]0010_bdsm_sex_fetish_xxx_video_d.wmv[/url][/b]<BR><BR>More screenshots:<BR>[URL=http://pimpandhost.com/image/55125976-medium.html][IMG]http://ist3-2.filesor.com/pimpandhost.com/1/_/_/_/1/3/J/i/M/3JiME/0010_bdsm_sex_fetish_xxx_video_d_s_0.jpg[/IMG][/URL]<BR><BR><BR>","1304","1816","3621","1349"
" Lew Rubens Alpha Productions Drea Morgan Cumming For Her M","[URL=http://pimpandhost.com/image/55125906-original.html][IMG]http://ist3-2.filesor.com/pimpandhost.com/1/_/_/_/1/3/J/i/L/3JiLw/0011_bdsm_sex_fetish_xxx_video_r_s.jpg[/IMG][/URL]<BR><BR>[b]BDSMs sex, bondage, pain, forced orgasm, submission, sex slave, humiliation, rough sex, [/b]<BR>0011_ Lew Rubens Alpha Productions Drea Morgan Cumming For Her Master 360p BDCummingForHerMaste<BR><BR>[b]0011_bdsm_sex_fetish_xxx_video_r[/b]<BR>Windows Media | Size: 150 MiB | Duration: 13mn 36s | 480x360<BR><BR>[b]~> Download video from KEEP2SHARE <~<BR>[url=http://k2s.cc/file/fa615a393173b/0011_bdsm_sex_fetish_xxx_video_r.wmv]0011_bdsm_sex_fetish_xxx_video_r.wmv[/url][/b]<BR><BR>More screenshots:<BR>[URL=http://pimpandhost.com/image/55125978-medium.html][IMG]http://ist3-2.filesor.com/pimpandhost.com/1/_/_/_/1/3/J/i/M/3JiMG/0011_bdsm_sex_fetish_xxx_video_r_s_0.jpg[/IMG][/URL]<BR><BR><BR>","1359","2138","3526","1307"
" Lew Rubens Alpha Productions Drea Morgan Electrical Tape B","[URL=http://pimpandhost.com/image/55125909-original.html][IMG]http://ist3-1.filesor.com/pimpandhost.com/1/_/_/_/1/3/J/i/L/3JiLz/0012_bdsm_sex_fetish_xxx_video_s_s.jpg[/IMG][/URL]<BR><BR>[b]BDSMs sex, bondage, pain, forced orgasm, submission, sex slave, humiliation, rough sex, [/b]<BR>0012_ Lew Rubens Alpha Productions Drea Morgan Electrical Tape Blues 360p BDElectricaltapeblue<BR><BR>[b]0012_bdsm_sex_fetish_xxx_video_s[/b]<BR>Windows Media | Size: 198 MiB | Duration: 17mn 51s | 480x360<BR><BR>[b]~> Download video from KEEP2SHARE <~<BR>[url=http://k2s.cc/file/d2372af7709a9/0012_bdsm_sex_fetish_xxx_video_s.wmv]0012_bdsm_sex_fetish_xxx_video_s.wmv[/url][/b]<BR><BR>More screenshots:<BR>[URL=http://pimpandhost.com/image/55125981-medium.html][IMG]http://ist3-1.filesor.com/pimpandhost.com/1/_/_/_/1/3/J/i/M/3JiMJ/0012_bdsm_sex_fetish_xxx_video_s_s_0.jpg[/IMG][/URL]<BR><BR><BR>","1315","2175","3557","1367"
" Lew Rubens Alpha Productions Drea Morgan Playing With Bloc","[URL=http://pimpandhost.com/image/55125914-original.html][IMG]http://ist3-2.filesor.com/pimpandhost.com/1/_/_/_/1/3/J/i/L/3JiLE/0013_bdsm_sex_fetish_xxx_video_s_s.jpg[/IMG][/URL]<BR><BR>[b]BDSMs sex, bondage, pain, forced orgasm, submission, sex slave, humiliation, rough sex, [/b]<BR>0013_ Lew Rubens Alpha Productions Drea Morgan Playing With Blocks 360p BDDreaPlayingWithBlock<BR><BR>[b]0013_bdsm_sex_fetish_xxx_video_s[/b]<BR>Windows Media | Size: 280 MiB | Duration: 19mn 0s | 640x360<BR><BR>[b]~> Download video from KEEP2SHARE <~<BR>[url=http://k2s.cc/file/83fb1057696d6/0013_bdsm_sex_fetish_xxx_video_s.wmv]0013_bdsm_sex_fetish_xxx_video_s.wmv[/url][/b]<BR><BR>More screenshots:<BR>[URL=http://pimpandhost.com/image/55125986-medium.html][IMG]http://ist3-1.filesor.com/pimpandhost.com/1/_/_/_/1/3/J/i/M/3JiMO/0013_bdsm_sex_fetish_xxx_video_s_s_0.jpg[/IMG][/URL]<BR><BR><BR>","1338","1556","3515","1348"
" Lew Rubens Alpha Productions Drea Morgan in Just Breathe 4","[URL=http://pimpandhost.com/image/55125917-original.html][IMG]http://ist3-2.filesor.com/pimpandhost.com/1/_/_/_/1/3/J/i/L/3JiLH/0014_bdsm_sex_fetish_xxx_video_e_s.jpg[/IMG][/URL]<BR><BR>[b]BDSMs sex, bondage, pain, forced orgasm, submission, sex slave, humiliation, rough sex, [/b]<BR>0014_ Lew Rubens Alpha Productions Drea Morgan in Just Breathe 480p BDJustBreath<BR><BR>[b]0014_bdsm_sex_fetish_xxx_video_e[/b]<BR>Windows Media | Size: 163 MiB | Duration: 10mn 6s | 720x480<BR><BR>[b]~> Download video from KEEP2SHARE <~<BR>[url=http://k2s.cc/file/c0e7aa3db2af3/0014_bdsm_sex_fetish_xxx_video_e.wmv]0014_bdsm_sex_fetish_xxx_video_e.wmv[/url][/b]<BR><BR>More screenshots:<BR>[URL=http://pimpandhost.com/image/55125991-medium.html][IMG]http://ist3-1.filesor.com/pimpandhost.com/1/_/_/_/1/3/J/i/M/3JiMT/0014_bdsm_sex_fetish_xxx_video_e_s_0.jpg[/IMG][/URL]<BR><BR><BR>","1377","2068","3518","1337"
" Lew Rubens Alpha Productions Drea Tangled in Blue 480p BDD","[URL=http://pimpandhost.com/image/55125919-original.html][IMG]http://ist3-1.filesor.com/pimpandhost.com/1/_/_/_/1/3/J/i/L/3JiLJ/0015_bdsm_sex_fetish_xxx_video_e_s.jpg[/IMG][/URL]<BR><BR>[b]BDSMs sex, bondage, pain, forced orgasm, submission, sex slave, humiliation, rough sex, [/b]<BR>0015_ Lew Rubens Alpha Productions Drea Tangled in Blue 480p BDDreatangledupinblu<BR><BR>[b]0015_bdsm_sex_fetish_xxx_video_e[/b]<BR>Windows Media | Size: 223 MiB | Duration: 13mn 49s | 720x480<BR><BR>[b]~> Download video from KEEP2SHARE <~<BR>[url=http://k2s.cc/file/a16d3a7612d94/0015_bdsm_sex_fetish_xxx_video_e.wmv]0015_bdsm_sex_fetish_xxx_video_e.wmv[/url][/b]<BR><BR>More screenshots:<BR>[URL=http://pimpandhost.com/image/55125997-medium.html][IMG]http://ist3-2.filesor.com/pimpandhost.com/1/_/_/_/1/3/J/i/M/3JiMZ/0015_bdsm_sex_fetish_xxx_video_e_s_0.jpg[/IMG][/URL]<BR><BR><BR>","1357","2354","3596","1357"
" Milf GiGiand 39s Bondage Fantasies Nyssa Nevers JUST OUT O","[URL=http://pimpandhost.com/image/55125921-original.html][IMG]http://ist3-1.filesor.com/pimpandhost.com/1/_/_/_/1/3/J/i/L/3JiLL/0016_bdsm_sex_fetish_xxx_video_p_s.jpg[/IMG][/URL]<BR><BR>[b]BDSMs sex, bondage, pain, forced orgasm, submission, sex slave, humiliation, rough sex, [/b]<BR>0016_ Milf GiGiand 39s Bondage Fantasies Nyssa Nevers JUST OUT OF REACH FOR VOLUPTUOUS ASIAN 720p MGGBF Just Out Of Reach For Voluptuous Asian 720<BR><BR>[b]0016_bdsm_sex_fetish_xxx_video_p[/b]<BR>MPEG-4 | Size: 271 MiB | Duration: 10mn 29s | 1280x720<BR><BR>[b]~> Download video from KEEP2SHARE <~<BR>[url=http://k2s.cc/file/e3e2fa7c9dfcf/0016_bdsm_sex_fetish_xxx_video_p.mp4]0016_bdsm_sex_fetish_xxx_video_p.mp4[/url][/b]<BR><BR>More screenshots:<BR>[URL=http://pimpandhost.com/image/55126001-medium.html][IMG]http://ist3-1.filesor.com/pimpandhost.com/1/_/_/_/1/3/J/i/N/3JiN3/0016_bdsm_sex_fetish_xxx_video_p_s_0.jpg[/IMG][/URL]<BR><BR><BR>","1359","2363","3617","1327"
" Milf GiGiand 39s Bondage Fantasies The Sexiest Struggler 7","[URL=http://pimpandhost.com/image/55125924-original.html][IMG]http://ist3-1.filesor.com/pimpandhost.com/1/_/_/_/1/3/J/i/L/3JiLO/0017_bdsm_sex_fetish_xxx_video_p_s.jpg[/IMG][/URL]<BR><BR>[b]BDSMs sex, bondage, pain, forced orgasm, submission, sex slave, humiliation, rough sex, [/b]<BR>0017_ Milf GiGiand 39s Bondage Fantasies The Sexiest Struggler 720p MGGBF The.Sexiest.Struggler.720<BR><BR>[b]0017_bdsm_sex_fetish_xxx_video_p[/b]<BR>MPEG-4 | Size: 272 MiB | Duration: 10mn 32s | 1280x720<BR><BR>[b]~> Download video from KEEP2SHARE <~<BR>[url=http://k2s.cc/file/e5232f18b38c1/0017_bdsm_sex_fetish_xxx_video_p.mp4]0017_bdsm_sex_fetish_xxx_video_p.mp4[/url][/b]<BR><BR>More screenshots:<BR>[URL=http://pimpandhost.com/image/55126006-medium.html][IMG]http://ist3-2.filesor.com/pimpandhost.com/1/_/_/_/1/3/J/i/N/3JiN8/0017_bdsm_sex_fetish_xxx_video_p_s_0.jpg[/IMG][/URL]<BR><BR><BR>","1311","1583","3612","1315"
" Odette Delacroix SexuallyBroken April Live Show Part 1 201","[URL=http://pimpandhost.com/image/55125928-original.html][IMG]http://ist3-1.filesor.com/pimpandhost.com/1/_/_/_/1/3/J/i/L/3JiLS/0018_bdsm_sex_fetish_xxx_video_p_s.jpg[/IMG][/URL]<BR><BR>[b]BDSMs sex, bondage, pain, forced orgasm, submission, sex slave, humiliation, rough sex, [/b]<BR>0018_ Odette Delacroix SexuallyBroken April Live Show Part 1 2016 05 10 720p Odette Delacroix SexuallyBroken April Live Show Part 1 2016 05 10 720<BR><BR>[b]0018_bdsm_sex_fetish_xxx_video_p[/b]<BR>MPEG-4 | Size: 591 MiB | Duration: 10mn 51s | 1280x720<BR><BR>[b]~> Download video from KEEP2SHARE <~<BR>[url=http://k2s.cc/file/dcd75dadec846/0018_bdsm_sex_fetish_xxx_video_p.mp4.part1.rar]0018_bdsm_sex_fetish_xxx_video_p.mp4.part1.rar[/url]<BR>[url=http://k2s.cc/file/f39e113b60e98/0018_bdsm_sex_fetish_xxx_video_p.mp4.part2.rar]0018_bdsm_sex_fetish_xxx_video_p.mp4.part2.rar[/url][/b]<BR><BR>More screenshots:<BR>[URL=http://pimpandhost.com/image/55126011-medium.html][IMG]http://ist3-2.filesor.com/pimpandhost.com/1/_/_/_/1/3/J/i/N/3JiNd/0018_bdsm_sex_fetish_xxx_video_p_s_0.jpg[/IMG][/URL]<BR><BR><BR>","1344","1646","3628","1302"
" Public Disgrace 2016 04 08 Bella Beretta andamp Fetish Liz","[URL=http://pimpandhost.com/image/55125929-original.html][IMG]http://ist3-1.filesor.com/pimpandhost.com/1/_/_/_/1/3/J/i/L/3JiLT/0019_bdsm_sex_fetish_xxx_video_a_s.jpg[/IMG][/URL]<BR><BR>[b]BDSMs sex, bondage, pain, forced orgasm, submission, sex slave, humiliation, rough sex, [/b]<BR>0019_ Public Disgrace 2016 04 08 Bella Beretta andamp Fetish Liza Bella Berettaand 39s Teen Pussy gets Publicly Pounded 720p pud.16.04.08.fetish.liza.and.bella.berett<BR><BR>[b]0019_bdsm_sex_fetish_xxx_video_a[/b]<BR>MPEG-4 | Size: 2.17 GiB | Duration: 1h 0mn | 1280x720<BR><BR>[b]~> Download video from KEEP2SHARE <~<BR>[url=http://k2s.cc/file/f9d086feab0db/0019_bdsm_sex_fetish_xxx_video_a.mp4.part1.rar]0019_bdsm_sex_fetish_xxx_video_a.mp4.part1.rar[/url]<BR>[url=http://k2s.cc/file/aec4d8c28a829/0019_bdsm_sex_fetish_xxx_video_a.mp4.part2.rar]0019_bdsm_sex_fetish_xxx_video_a.mp4.part2.rar[/url]<BR>[url=http://k2s.cc/file/71a434111e1b7/0019_bdsm_sex_fetish_xxx_video_a.mp4.part3.rar]0019_bdsm_sex_fetish_xxx_video_a.mp4.part3.rar[/url]<BR>[url=http://k2s.cc/file/8ddace17076cd/0019_bdsm_sex_fetish_xxx_video_a.mp4.part4.rar]0019_bdsm_sex_fetish_xxx_video_a.mp4.part4.rar[/url]<BR>[url=http://k2s.cc/file/081d8d1e3e8fa/0019_bdsm_sex_fetish_xxx_video_a.mp4.part5.rar]0019_bdsm_sex_fetish_xxx_video_a.mp4.part5.rar[/url][/b]<BR><BR>More screenshots:<BR>[URL=http://pimpandhost.com/image/55126032-medium.html][IMG]http://ist3-1.filesor.com/pimpandhost.com/1/_/_/_/1/3/J/i/N/3JiNy/0019_bdsm_sex_fetish_xxx_video_a_s_0.jpg[/IMG][/URL]<BR><BR><BR>","1388","2198","3520","1302"
" PublicDisgrace 2016 04 15 Busty Blonde Isabella Clark Publ","[URL=http://pimpandhost.com/image/55125930-original.html][IMG]http://ist3-2.filesor.com/pimpandhost.com/1/_/_/_/1/3/J/i/L/3JiLU/0020_bdsm_sex_fetish_xxx_video_k_s.jpg[/IMG][/URL]<BR><BR>[b]BDSMs sex, bondage, pain, forced orgasm, submission, sex slave, humiliation, rough sex, [/b]<BR>0020_ PublicDisgrace 2016 04 15 Busty Blonde Isabella Clark Public Double Penetration Part 1 720p pud.16.04.15.isabella.clar<BR><BR>[b]0020_bdsm_sex_fetish_xxx_video_k[/b]<BR>MPEG-4 | Size: 2.11 GiB | Duration: 59mn 5s | 1280x720<BR><BR>[b]~> Download video from KEEP2SHARE <~<BR>[url=http://k2s.cc/file/79da1cf97b36f/0020_bdsm_sex_fetish_xxx_video_k.mp4.part1.rar]0020_bdsm_sex_fetish_xxx_video_k.mp4.part1.rar[/url]<BR>[url=http://k2s.cc/file/e1d3f02877ba7/0020_bdsm_sex_fetish_xxx_video_k.mp4.part2.rar]0020_bdsm_sex_fetish_xxx_video_k.mp4.part2.rar[/url]<BR>[url=http://k2s.cc/file/8d5ad8afc025f/0020_bdsm_sex_fetish_xxx_video_k.mp4.part3.rar]0020_bdsm_sex_fetish_xxx_video_k.mp4.part3.rar[/url]<BR>[url=http://k2s.cc/file/b577a57a6b9d5/0020_bdsm_sex_fetish_xxx_video_k.mp4.part4.rar]0020_bdsm_sex_fetish_xxx_video_k.mp4.part4.rar[/url]<BR>[url=http://k2s.cc/file/ada6cd6b77399/0020_bdsm_sex_fetish_xxx_video_k.mp4.part5.rar]0020_bdsm_sex_fetish_xxx_video_k.mp4.part5.rar[/url][/b]<BR><BR>More screenshots:<BR>[URL=http://pimpandhost.com/image/55126067-medium.html][IMG]http://ist3-1.filesor.com/pimpandhost.com/1/_/_/_/1/3/J/i/O/3JiO7/0020_bdsm_sex_fetish_xxx_video_k_s_0.jpg[/IMG][/URL]<BR><BR><BR>","1352","1847","3639","1391"
" SexAndSubmission 2016 04 08 Fucking My Hot Boss in the Ass","[URL=http://pimpandhost.com/image/55125931-original.html][IMG]http://ist3-2.filesor.com/pimpandhost.com/1/_/_/_/1/3/J/i/L/3JiLV/0021_bdsm_sex_fetish_xxx_video_o_s.jpg[/IMG][/URL]<BR><BR>[b]BDSMs sex, bondage, pain, forced orgasm, submission, sex slave, humiliation, rough sex, [/b]<BR>0021_ SexAndSubmission 2016 04 08 Fucking My Hot Boss in the Ass Nikki Delano 720p sas.16.04.08.nikki.delan<BR><BR>[b]0021_bdsm_sex_fetish_xxx_video_o[/b]<BR>MPEG-4 | Size: 1.63 GiB | Duration: 45mn 45s | 1280x720<BR><BR>[b]~> Download video from KEEP2SHARE <~<BR>[url=http://k2s.cc/file/fafdad5bdae9c/0021_bdsm_sex_fetish_xxx_video_o.mp4.part1.rar]0021_bdsm_sex_fetish_xxx_video_o.mp4.part1.rar[/url]<BR>[url=http://k2s.cc/file/828e9b1163915/0021_bdsm_sex_fetish_xxx_video_o.mp4.part2.rar]0021_bdsm_sex_fetish_xxx_video_o.mp4.part2.rar[/url]<BR>[url=http://k2s.cc/file/e04aba2ad0ada/0021_bdsm_sex_fetish_xxx_video_o.mp4.part3.rar]0021_bdsm_sex_fetish_xxx_video_o.mp4.part3.rar[/url]<BR>[url=http://k2s.cc/file/3525a0beeac73/0021_bdsm_sex_fetish_xxx_video_o.mp4.part4.rar]0021_bdsm_sex_fetish_xxx_video_o.mp4.part4.rar[/url][/b]<BR><BR>More screenshots:<BR>[URL=http://pimpandhost.com/image/55126093-medium.html][IMG]http://ist3-1.filesor.com/pimpandhost.com/1/_/_/_/1/3/J/i/O/3JiOx/0021_bdsm_sex_fetish_xxx_video_o_s_0.jpg[/IMG][/URL]<BR><BR><BR>","1345","2195","3578","1321"
" SexAndSubmission Cristi Ann Hot Producer Tries to Fuck Ove","[URL=http://pimpandhost.com/image/55125933-original.html][IMG]http://ist3-2.filesor.com/pimpandhost.com/1/_/_/_/1/3/J/i/L/3JiLX/0022_bdsm_sex_fetish_xxx_video_0_s.jpg[/IMG][/URL]<BR><BR>[b]BDSMs sex, bondage, pain, forced orgasm, submission, sex slave, humiliation, rough sex, [/b]<BR>0022_ SexAndSubmission Cristi Ann Hot Producer Tries to Fuck Over Rapper and Gets Fucked in the Ass 540p SaS.2016.04.15.Cristi.Ann.54<BR><BR>[b]0022_bdsm_sex_fetish_xxx_video_0[/b]<BR>MPEG-4 | Size: 664 MiB | Duration: 42mn 7s | 960x540<BR><BR>[b]~> Download video from KEEP2SHARE <~<BR>[url=http://k2s.cc/file/ef8b638407065/0022_bdsm_sex_fetish_xxx_video_0.mp4.part1.rar]0022_bdsm_sex_fetish_xxx_video_0.mp4.part1.rar[/url]<BR>[url=http://k2s.cc/file/02754a6753d15/0022_bdsm_sex_fetish_xxx_video_0.mp4.part2.rar]0022_bdsm_sex_fetish_xxx_video_0.mp4.part2.rar[/url][/b]<BR><BR>More screenshots:<BR>[URL=http://pimpandhost.com/image/55126109-medium.html][IMG]http://ist3-2.filesor.com/pimpandhost.com/1/_/_/_/1/3/J/i/O/3JiON/0022_bdsm_sex_fetish_xxx_video_0_s_0.jpg[/IMG][/URL]<BR><BR><BR>","1340","1932","3617","1398"
" Sexually Broken 2016 04 08 Maddy Oand 39Reilly Redhead is ","[URL=http://pimpandhost.com/image/55125935-original.html][IMG]http://ist3-2.filesor.com/pimpandhost.com/1/_/_/_/1/3/J/i/L/3JiLZ/0023_bdsm_sex_fetish_xxx_video_y_s.jpg[/IMG][/URL]<BR><BR>[b]BDSMs sex, bondage, pain, forced orgasm, submission, sex slave, humiliation, rough sex, [/b]<BR>0023_ Sexually Broken 2016 04 08 Maddy Oand 39Reilly Redhead is ball gagged, tightly tied and ragdoll fucked by two big dicks 720p seb.16.04.08.maddy.oreill<BR><BR>[b]0023_bdsm_sex_fetish_xxx_video_y[/b]<BR>MPEG-4 | Size: 940 MiB | Duration: 18mn 40s | 1280x720<BR><BR>[b]~> Download video from KEEP2SHARE <~<BR>[url=http://k2s.cc/file/9d6d7686d405d/0023_bdsm_sex_fetish_xxx_video_y.mp4.part1.rar]0023_bdsm_sex_fetish_xxx_video_y.mp4.part1.rar[/url]<BR>[url=http://k2s.cc/file/d5a4ad47702d9/0023_bdsm_sex_fetish_xxx_video_y.mp4.part2.rar]0023_bdsm_sex_fetish_xxx_video_y.mp4.part2.rar[/url][/b]<BR><BR>More screenshots:<BR>[URL=http://pimpandhost.com/image/55126118-medium.html][IMG]http://ist3-1.filesor.com/pimpandhost.com/1/_/_/_/1/3/J/i/O/3JiOW/0023_bdsm_sex_fetish_xxx_video_y_s_0.jpg[/IMG][/URL]<BR><BR><BR>","1343","1555","3609","1301"
" SexuallyBroken 2016 05 06 Sexy hot Asian Yhivi, rope bound","[URL=http://pimpandhost.com/image/55125937-original.html][IMG]http://ist3-2.filesor.com/pimpandhost.com/1/_/_/_/1/3/J/i/M/3JiM1/0024_bdsm_sex_fetish_xxx_video_h_s.jpg[/IMG][/URL]<BR><BR>[b]BDSMs sex, bondage, pain, forced orgasm, submission, sex slave, humiliation, rough sex, [/b]<BR>0024_ SexuallyBroken 2016 05 06 Sexy hot Asian Yhivi, rope bound, double fucked and deep throated. Lesbian rough sex and orgasms 720p SB May 06, 2016 Yhivi, Dee Williams, Matt Williams hig<BR><BR>[b]0024_bdsm_sex_fetish_xxx_video_h[/b]<BR>MPEG-4 | Size: 841 MiB | Duration: 15mn 23s | 1280x720<BR><BR>[b]~> Download video from KEEP2SHARE <~<BR>[url=http://k2s.cc/file/da0fa543afaad/0024_bdsm_sex_fetish_xxx_video_h.mp4.part1.rar]0024_bdsm_sex_fetish_xxx_video_h.mp4.part1.rar[/url]<BR>[url=http://k2s.cc/file/778a67dc3eca0/0024_bdsm_sex_fetish_xxx_video_h.mp4.part2.rar]0024_bdsm_sex_fetish_xxx_video_h.mp4.part2.rar[/url][/b]<BR><BR>More screenshots:<BR>[URL=http://pimpandhost.com/image/55126134-medium.html][IMG]http://ist3-2.filesor.com/pimpandhost.com/1/_/_/_/1/3/J/i/P/3JiPc/0024_bdsm_sex_fetish_xxx_video_h_s_0.jpg[/IMG][/URL]<BR><BR><BR>","1301","1619","3558","1313"
" The Upper Floor 2016 04 08 Cadence Luxx andamp Kira Noir E","[URL=http://pimpandhost.com/image/55125938-original.html][IMG]http://ist3-2.filesor.com/pimpandhost.com/1/_/_/_/1/3/J/i/M/3JiM2/0025_bdsm_sex_fetish_xxx_video_r_s.jpg[/IMG][/URL]<BR><BR>[b]BDSMs sex, bondage, pain, forced orgasm, submission, sex slave, humiliation, rough sex, [/b]<BR>0025_ The Upper Floor 2016 04 08 Cadence Luxx andamp Kira Noir Exquisite Anal Submission 720p tuf.16.04.08.cadence.luxx.and.kira.noi<BR><BR>[b]0025_bdsm_sex_fetish_xxx_video_r[/b]<BR>MPEG-4 | Size: 2.69 GiB | Duration: 1h 14mn | 1280x720<BR><BR>[b]~> Download video from KEEP2SHARE <~<BR>[url=http://k2s.cc/file/7db6c8ea07920/0025_bdsm_sex_fetish_xxx_video_r.mp4.part1.rar]0025_bdsm_sex_fetish_xxx_video_r.mp4.part1.rar[/url]<BR>[url=http://k2s.cc/file/64b47a77be4a6/0025_bdsm_sex_fetish_xxx_video_r.mp4.part2.rar]0025_bdsm_sex_fetish_xxx_video_r.mp4.part2.rar[/url]<BR>[url=http://k2s.cc/file/3bf0254e4a3a7/0025_bdsm_sex_fetish_xxx_video_r.mp4.part3.rar]0025_bdsm_sex_fetish_xxx_video_r.mp4.part3.rar[/url]<BR>[url=http://k2s.cc/file/2cc29c85be02d/0025_bdsm_sex_fetish_xxx_video_r.mp4.part4.rar]0025_bdsm_sex_fetish_xxx_video_r.mp4.part4.rar[/url]<BR>[url=http://k2s.cc/file/dc093db7a200f/0025_bdsm_sex_fetish_xxx_video_r.mp4.part5.rar]0025_bdsm_sex_fetish_xxx_video_r.mp4.part5.rar[/url]<BR>[url=http://k2s.cc/file/5522020c722d4/0025_bdsm_sex_fetish_xxx_video_r.mp4.part6.rar]0025_bdsm_sex_fetish_xxx_video_r.mp4.part6.rar[/url][/b]<BR><BR>More screenshots:<BR>[URL=http://pimpandhost.com/image/55126145-medium.html][IMG]http://ist3-2.filesor.com/pimpandhost.com/1/_/_/_/1/3/J/i/P/3JiPn/0025_bdsm_sex_fetish_xxx_video_r_s_0.jpg[/IMG][/URL]<BR><BR><BR>","1322","2264","3557","1367"
" www.bondagejunkies Video Minipack bjv 14481484150915101513","[URL=http://pimpandhost.com/image/55125939-original.html][IMG]http://ist3-1.filesor.com/pimpandhost.com/1/_/_/_/1/3/J/i/M/3JiM3/0026_bdsm_sex_fetish_xxx_video_8_s.jpg[/IMG][/URL]<BR><BR>[b]BDSMs sex, bondage, pain, forced orgasm, submission, sex slave, humiliation, rough sex, [/b]<BR>0026_ www.bondagejunkies Video Minipack bjv 14481484150915101513 bjv 1448 1ameliaamelia vs. her special workout2015 08 0800.14.4<BR><BR>[b]0026_bdsm_sex_fetish_xxx_video_8[/b]<BR>MPEG-4 | Size: 247 MiB | Duration: 14mn 48s | 1280x720<BR><BR>[b]~> Download video from KEEP2SHARE <~<BR>[url=http://k2s.cc/file/7cec077bad154/0026_bdsm_sex_fetish_xxx_video_8.mp4]0026_bdsm_sex_fetish_xxx_video_8.mp4[/url][/b]<BR><BR>More screenshots:<BR>[URL=http://pimpandhost.com/image/55126150-medium.html][IMG]http://ist3-1.filesor.com/pimpandhost.com/1/_/_/_/1/3/J/i/P/3JiPs/0026_bdsm_sex_fetish_xxx_video_8_s_0.jpg[/IMG][/URL]<BR><BR><BR>","1301","2336","3639","1389"
" www.bondagejunkies Video Minipack bjv 14481484150915101513","[URL=http://pimpandhost.com/image/55125942-original.html][IMG]http://ist3-1.filesor.com/pimpandhost.com/1/_/_/_/1/3/J/i/M/3JiM6/0027_bdsm_sex_fetish_xxx_video_0_s.jpg[/IMG][/URL]<BR><BR>[b]BDSMs sex, bondage, pain, forced orgasm, submission, sex slave, humiliation, rough sex, [/b]<BR>0027_ www.bondagejunkies Video Minipack bjv 14481484150915101513 bjv 1484 1gmorasgmoras vs. her tough decision2016 01 1600.10.0<BR><BR>[b]0027_bdsm_sex_fetish_xxx_video_0[/b]<BR>MPEG-4 | Size: 167 MiB | Duration: 10mn 0s | 1280x720<BR><BR>[b]~> Download video from KEEP2SHARE <~<BR>[url=http://k2s.cc/file/7e914af85a3dc/0027_bdsm_sex_fetish_xxx_video_0.mp4]0027_bdsm_sex_fetish_xxx_video_0.mp4[/url][/b]<BR><BR>More screenshots:<BR>[URL=http://pimpandhost.com/image/55126154-medium.html][IMG]http://ist3-2.filesor.com/pimpandhost.com/1/_/_/_/1/3/J/i/P/3JiPw/0027_bdsm_sex_fetish_xxx_video_0_s_0.jpg[/IMG][/URL]<BR><BR><BR>","1371","2217","3682","1323"
" www.bondagejunkies Video Minipack bjv 14481484150915101513","[URL=http://pimpandhost.com/image/55125948-original.html][IMG]http://ist3-2.filesor.com/pimpandhost.com/1/_/_/_/1/3/J/i/M/3JiMc/0028_bdsm_sex_fetish_xxx_video_6_s.jpg[/IMG][/URL]<BR><BR>[b]BDSMs sex, bondage, pain, forced orgasm, submission, sex slave, humiliation, rough sex, [/b]<BR>0028_ www.bondagejunkies Video Minipack bjv 14481484150915101513 bjv 1509 1paisleighpaisleigh vs. her first ropes2016 03 1200.13.3<BR><BR>[b]0028_bdsm_sex_fetish_xxx_video_6[/b]<BR>MPEG-4 | Size: 227 MiB | Duration: 13mn 36s | 1280x720<BR><BR>[b]~> Download video from KEEP2SHARE <~<BR>[url=http://k2s.cc/file/fc45078d364e1/0028_bdsm_sex_fetish_xxx_video_6.mp4]0028_bdsm_sex_fetish_xxx_video_6.mp4[/url][/b]<BR><BR>More screenshots:<BR>[URL=http://pimpandhost.com/image/55126157-medium.html][IMG]http://ist3-1.filesor.com/pimpandhost.com/1/_/_/_/1/3/J/i/P/3JiPz/0028_bdsm_sex_fetish_xxx_video_6_s_0.jpg[/IMG][/URL]<BR><BR><BR>","1318","2045","3527","1363"
" www.bondagejunkies Video Minipack bjv 14481484150915101513","[URL=http://pimpandhost.com/image/55125952-original.html][IMG]http://ist3-2.filesor.com/pimpandhost.com/1/_/_/_/1/3/J/i/M/3JiMg/0029_bdsm_sex_fetish_xxx_video_2_s.jpg[/IMG][/URL]<BR><BR>[b]BDSMs sex, bondage, pain, forced orgasm, submission, sex slave, humiliation, rough sex, [/b]<BR>0029_ www.bondagejunkies Video Minipack bjv 14481484150915101513 bjv 1510 1paisleighpaisleigh vs. the forced experiment 62016 03 1200.16.1<BR><BR>[b]0029_bdsm_sex_fetish_xxx_video_2[/b]<BR>MPEG-4 | Size: 269 MiB | Duration: 16mn 12s | 1280x720<BR><BR>[b]~> Download video from KEEP2SHARE <~<BR>[url=http://k2s.cc/file/bbb784aca4eb2/0029_bdsm_sex_fetish_xxx_video_2.mp4]0029_bdsm_sex_fetish_xxx_video_2.mp4[/url][/b]<BR><BR>More screenshots:<BR>[URL=http://pimpandhost.com/image/55126160-medium.html][IMG]http://ist3-2.filesor.com/pimpandhost.com/1/_/_/_/1/3/J/i/P/3JiPC/0029_bdsm_sex_fetish_xxx_video_2_s_0.jpg[/IMG][/URL]<BR><BR><BR>","1338","1974","3669","1378"
" www.bondagejunkies Video Minipack bjv 14481484150915101513","[URL=http://pimpandhost.com/image/55125954-original.html][IMG]http://ist3-2.filesor.com/pimpandhost.com/1/_/_/_/1/3/J/i/M/3JiMi/0030_bdsm_sex_fetish_xxx_video_6_s.jpg[/IMG][/URL]<BR><BR>[b]BDSMs sex, bondage, pain, forced orgasm, submission, sex slave, humiliation, rough sex, [/b]<BR>0030_ www.bondagejunkies Video Minipack bjv 14481484150915101513 bjv 1513 1stashastasha vs. a quick errand2016 03 2600.10.0<BR><BR>[b]0030_bdsm_sex_fetish_xxx_video_6[/b]<BR>MPEG-4 | Size: 168 MiB | Duration: 10mn 6s | 1280x720<BR><BR>[b]~> Download video from KEEP2SHARE <~<BR>[url=http://k2s.cc/file/416e63a1b25f0/0030_bdsm_sex_fetish_xxx_video_6.mp4]0030_bdsm_sex_fetish_xxx_video_6.mp4[/url][/b]<BR><BR>More screenshots:<BR>[URL=http://pimpandhost.com/image/55126163-medium.html][IMG]http://ist3-2.filesor.com/pimpandhost.com/1/_/_/_/1/3/J/i/P/3JiPF/0030_bdsm_sex_fetish_xxx_video_6_s_0.jpg[/IMG][/URL]<BR><BR><BR>","1300","1882","3651","1343"
