"","[URL=http://pimpandhost.com/image/54988528-original.html][IMG]http://ist3-2.filesor.com/pimpandhost.com/1/_/_/_/1/3/I/J/1/3IJ1K/0001_cuckold_sex_xxx_video_n_s.jpg[/IMG][/URL]<BR><BR>[b]Cuckold, Amateur, Sex wife, MILFs, Cheating house-wife, [/b]<BR>0001_<BR><BR>[b]0001_cuckold_sex_xxx_video_n[/b]<BR>MPEG-4 | Size: 74.8 MiB | Duration: 3mn 8s | 720x480<BR><BR>[b]~> Download video from KEEP2SHARE <~<BR>[url=http://k2s.cc/file/1d8fd2afff3f7/0001_cuckold_sex_xxx_video_n.mp4]0001_cuckold_sex_xxx_video_n.mp4[/url][/b]<BR><BR>More screenshots:<BR>[URL=http://pimpandhost.com/image/54988369-medium.html][IMG]http://ist3-1.filesor.com/pimpandhost.com/1/_/_/_/1/3/I/I/Z/3IIZb/0001_cuckold_sex_xxx_video_n_s_0.jpg[/IMG][/URL]<BR><BR><BR>","1395","2372","3500","1313"
"","[URL=http://pimpandhost.com/image/54988529-original.html][IMG]http://ist3-2.filesor.com/pimpandhost.com/1/_/_/_/1/3/I/J/1/3IJ1L/0002_cuckold_sex_xxx_video_y_s.jpg[/IMG][/URL]<BR><BR>[b]Cuckold, Amateur, Sex wife, MILFs, Cheating house-wife, [/b]<BR><BR><BR>[b]0002_cuckold_sex_xxx_video_y[/b]<BR>MPEG-4 | Size: 349 MiB | Duration: 32mn 52s | 720x400<BR><BR>[b]~> Download video from KEEP2SHARE <~<BR>[url=http://k2s.cc/file/c1b845eba5798/0002_cuckold_sex_xxx_video_y.mp4]0002_cuckold_sex_xxx_video_y.mp4[/url][/b]<BR><BR>More screenshots:<BR>[URL=http://pimpandhost.com/image/54988370-medium.html][IMG]http://ist3-1.filesor.com/pimpandhost.com/1/_/_/_/1/3/I/I/Z/3IIZc/0002_cuckold_sex_xxx_video_y_s_0.jpg[/IMG][/URL]<BR><BR><BR>","1392","1616","3501","1325"
"","[URL=http://pimpandhost.com/image/54988530-original.html][IMG]http://ist3-2.filesor.com/pimpandhost.com/1/_/_/_/1/3/I/J/1/3IJ1M/0004_cuckold_sex_xxx_video_n_s.jpg[/IMG][/URL]<BR><BR>[b]Cuckold, Amateur, Sex wife, MILFs, Cheating house-wife, [/b]<BR><BR><BR>[b]0004_cuckold_sex_xxx_video_n[/b]<BR>AVI | Size: 58.2 MiB | Duration: 8mn 18s | 720x480<BR><BR>[b]~> Download video from KEEP2SHARE <~<BR>[url=http://k2s.cc/file/61b1fc29ced99/0004_cuckold_sex_xxx_video_n.avi]0004_cuckold_sex_xxx_video_n.avi[/url][/b]<BR><BR>More screenshots:<BR>[URL=http://pimpandhost.com/image/54988372-medium.html][IMG]http://ist3-2.filesor.com/pimpandhost.com/1/_/_/_/1/3/I/I/Z/3IIZe/0004_cuckold_sex_xxx_video_n_s_0.jpg[/IMG][/URL]<BR><BR><BR>","1322","2150","3611","1354"
"","[URL=http://pimpandhost.com/image/54988531-original.html][IMG]http://ist3-1.filesor.com/pimpandhost.com/1/_/_/_/1/3/I/J/1/3IJ1N/0005_cuckold_sex_xxx_video_P_s.jpg[/IMG][/URL]<BR><BR>[b]Cuckold, Amateur, Sex wife, MILFs, Cheating house-wife, [/b]<BR><BR><BR>[b]0005_cuckold_sex_xxx_video_P[/b]<BR>MPEG-4 | Size: 102 MiB | Duration: 23mn 34s | 320x240<BR><BR>[b]~> Download video from KEEP2SHARE <~<BR>[url=http://k2s.cc/file/afd7fb41374b7/0005_cuckold_sex_xxx_video_P.mp4]0005_cuckold_sex_xxx_video_P.mp4[/url][/b]<BR><BR>More screenshots:<BR>[URL=http://pimpandhost.com/image/54988373-medium.html][IMG]http://ist3-2.filesor.com/pimpandhost.com/1/_/_/_/1/3/I/I/Z/3IIZf/0005_cuckold_sex_xxx_video_P_s_0.jpg[/IMG][/URL]<BR><BR><BR>","1371","2200","3621","1327"
"","[URL=http://pimpandhost.com/image/54988532-original.html][IMG]http://ist3-2.filesor.com/pimpandhost.com/1/_/_/_/1/3/I/J/1/3IJ1O/0006_cuckold_sex_xxx_video_B_s.jpg[/IMG][/URL]<BR><BR>[b]Cuckold, Amateur, Sex wife, MILFs, Cheating house-wife, [/b]<BR><BR><BR>[b]0006_cuckold_sex_xxx_video_B[/b]<BR>MPEG-4 | Size: 78.2 MiB | Duration: 17mn 57s | 320x240<BR><BR>[b]~> Download video from KEEP2SHARE <~<BR>[url=http://k2s.cc/file/34b0a0d7232a9/0006_cuckold_sex_xxx_video_B.mp4]0006_cuckold_sex_xxx_video_B.mp4[/url][/b]<BR><BR>More screenshots:<BR>[URL=http://pimpandhost.com/image/54988376-medium.html][IMG]http://ist3-2.filesor.com/pimpandhost.com/1/_/_/_/1/3/I/I/Z/3IIZi/0006_cuckold_sex_xxx_video_B_s_0.jpg[/IMG][/URL]<BR><BR><BR>","1385","2388","3630","1397"
"","[URL=http://pimpandhost.com/image/54988533-original.html][IMG]http://ist3-2.filesor.com/pimpandhost.com/1/_/_/_/1/3/I/J/1/3IJ1P/0007_cuckold_sex_xxx_video_C_s.jpg[/IMG][/URL]<BR><BR>[b]Cuckold, Amateur, Sex wife, MILFs, Cheating house-wife, [/b]<BR><BR><BR>[b]0007_cuckold_sex_xxx_video_C[/b]<BR>MPEG-4 | Size: 46.6 MiB | Duration: 2mn 44s | 960x540<BR><BR>[b]~> Download video from KEEP2SHARE <~<BR>[url=http://k2s.cc/file/a4e58ba0e548b/0007_cuckold_sex_xxx_video_C.mp4]0007_cuckold_sex_xxx_video_C.mp4[/url][/b]<BR><BR>More screenshots:<BR>[URL=http://pimpandhost.com/image/54988377-medium.html][IMG]http://ist3-2.filesor.com/pimpandhost.com/1/_/_/_/1/3/I/I/Z/3IIZj/0007_cuckold_sex_xxx_video_C_s_0.jpg[/IMG][/URL]<BR><BR><BR>","1307","2102","3513","1303"
"","[URL=http://pimpandhost.com/image/54988534-original.html][IMG]http://ist3-2.filesor.com/pimpandhost.com/1/_/_/_/1/3/I/J/1/3IJ1Q/0008_cuckold_sex_xxx_video_e_s.jpg[/IMG][/URL]<BR><BR>[b]Cuckold, Amateur, Sex wife, MILFs, Cheating house-wife, [/b]<BR><BR><BR>[b]0008_cuckold_sex_xxx_video_e[/b]<BR>Windows Media | Size: 66.3 MiB | Duration: 6mn 47s | 720x480<BR><BR>[b]~> Download video from KEEP2SHARE <~<BR>[url=http://k2s.cc/file/bdfd3f189212a/0008_cuckold_sex_xxx_video_e.wmv]0008_cuckold_sex_xxx_video_e.wmv[/url][/b]<BR><BR>More screenshots:<BR>[URL=http://pimpandhost.com/image/54988379-medium.html][IMG]http://ist3-2.filesor.com/pimpandhost.com/1/_/_/_/1/3/I/I/Z/3IIZl/0008_cuckold_sex_xxx_video_e_s_0.jpg[/IMG][/URL]<BR><BR><BR>","1362","2331","3574","1391"
"","[URL=http://pimpandhost.com/image/54988535-original.html][IMG]http://ist3-2.filesor.com/pimpandhost.com/1/_/_/_/1/3/I/J/1/3IJ1R/0009_cuckold_sex_xxx_video_y_s.jpg[/IMG][/URL]<BR><BR>[b]Cuckold, Amateur, Sex wife, MILFs, Cheating house-wife, [/b]<BR><BR><BR>[b]0009_cuckold_sex_xxx_video_y[/b]<BR>MPEG-4 | Size: 80.2 MiB | Duration: 9mn 33s | 720x400<BR><BR>[b]~> Download video from KEEP2SHARE <~<BR>[url=http://k2s.cc/file/7466deab3ad86/0009_cuckold_sex_xxx_video_y.mp4]0009_cuckold_sex_xxx_video_y.mp4[/url][/b]<BR><BR>More screenshots:<BR>[URL=http://pimpandhost.com/image/54988381-medium.html][IMG]http://ist3-1.filesor.com/pimpandhost.com/1/_/_/_/1/3/I/I/Z/3IIZn/0009_cuckold_sex_xxx_video_y_s_0.jpg[/IMG][/URL]<BR><BR><BR>","1353","1854","3685","1348"
"","[URL=http://pimpandhost.com/image/54988536-original.html][IMG]http://ist3-1.filesor.com/pimpandhost.com/1/_/_/_/1/3/I/J/1/3IJ1S/0010_cuckold_sex_xxx_video_s_s.jpg[/IMG][/URL]<BR><BR>[b]Cuckold, Amateur, Sex wife, MILFs, Cheating house-wife, [/b]<BR><BR><BR>[b]0010_cuckold_sex_xxx_video_s[/b]<BR>MPEG-4 | Size: 218 MiB | Duration: 17mn 57s | 720x480<BR><BR>[b]~> Download video from KEEP2SHARE <~<BR>[url=http://k2s.cc/file/4a0999a763753/0010_cuckold_sex_xxx_video_s.mp4]0010_cuckold_sex_xxx_video_s.mp4[/url][/b]<BR><BR>More screenshots:<BR>[URL=http://pimpandhost.com/image/54988383-medium.html][IMG]http://ist3-2.filesor.com/pimpandhost.com/1/_/_/_/1/3/I/I/Z/3IIZp/0010_cuckold_sex_xxx_video_s_s_0.jpg[/IMG][/URL]<BR><BR><BR>","1336","2332","3623","1327"
"","[URL=http://pimpandhost.com/image/54988537-original.html][IMG]http://ist3-2.filesor.com/pimpandhost.com/1/_/_/_/1/3/I/J/1/3IJ1T/0011_cuckold_sex_xxx_video_n_s.jpg[/IMG][/URL]<BR><BR>[b]Cuckold, Amateur, Sex wife, MILFs, Cheating house-wife, [/b]<BR><BR><BR>[b]0011_cuckold_sex_xxx_video_n[/b]<BR>MPEG-4 | Size: 215 MiB | Duration: 23mn 16s | 640x352<BR><BR>[b]~> Download video from KEEP2SHARE <~<BR>[url=http://k2s.cc/file/7b914d7f06ee2/0011_cuckold_sex_xxx_video_n.mp4]0011_cuckold_sex_xxx_video_n.mp4[/url][/b]<BR><BR>More screenshots:<BR>[URL=http://pimpandhost.com/image/54988384-medium.html][IMG]http://ist3-2.filesor.com/pimpandhost.com/1/_/_/_/1/3/I/I/Z/3IIZq/0011_cuckold_sex_xxx_video_n_s_0.jpg[/IMG][/URL]<BR><BR><BR>","1305","2063","3605","1328"
"","[URL=http://pimpandhost.com/image/54988538-original.html][IMG]http://ist3-1.filesor.com/pimpandhost.com/1/_/_/_/1/3/I/J/1/3IJ1U/0012_cuckold_sex_xxx_video_2_s.jpg[/IMG][/URL]<BR><BR>[b]Cuckold, Amateur, Sex wife, MILFs, Cheating house-wife, [/b]<BR><BR><BR>[b]0012_cuckold_sex_xxx_video_2[/b]<BR>MPEG-4 | Size: 161 MiB | Duration: 20mn 7s | 576x320<BR><BR>[b]~> Download video from KEEP2SHARE <~<BR>[url=http://k2s.cc/file/50dadd0e87564/0012_cuckold_sex_xxx_video_2.mp4]0012_cuckold_sex_xxx_video_2.mp4[/url][/b]<BR><BR>More screenshots:<BR>[URL=http://pimpandhost.com/image/54988386-medium.html][IMG]http://ist3-2.filesor.com/pimpandhost.com/1/_/_/_/1/3/I/I/Z/3IIZs/0012_cuckold_sex_xxx_video_2_s_0.jpg[/IMG][/URL]<BR><BR><BR>","1335","1574","3665","1305"
"","[URL=http://pimpandhost.com/image/54988539-original.html][IMG]http://ist3-2.filesor.com/pimpandhost.com/1/_/_/_/1/3/I/J/1/3IJ1V/0013_cuckold_sex_xxx_video_k_s.jpg[/IMG][/URL]<BR><BR>[b]Cuckold, Amateur, Sex wife, MILFs, Cheating house-wife, [/b]<BR><BR><BR>[b]0013_cuckold_sex_xxx_video_k[/b]<BR>AVI | Size: 225 MiB | Duration: 12mn 27s | 640x480<BR><BR>[b]~> Download video from KEEP2SHARE <~<BR>[url=http://k2s.cc/file/ae5326ae80bc3/0013_cuckold_sex_xxx_video_k.avi]0013_cuckold_sex_xxx_video_k.avi[/url][/b]<BR><BR>More screenshots:<BR>[URL=http://pimpandhost.com/image/54988387-medium.html][IMG]http://ist3-1.filesor.com/pimpandhost.com/1/_/_/_/1/3/I/I/Z/3IIZt/0013_cuckold_sex_xxx_video_k_s_0.jpg[/IMG][/URL]<BR><BR><BR>","1386","1882","3564","1371"
"","[URL=http://pimpandhost.com/image/54988540-original.html][IMG]http://ist3-2.filesor.com/pimpandhost.com/1/_/_/_/1/3/I/J/1/3IJ1W/0014_cuckold_sex_xxx_video_n_s.jpg[/IMG][/URL]<BR><BR>[b]Cuckold, Amateur, Sex wife, MILFs, Cheating house-wife, [/b]<BR><BR><BR>[b]0014_cuckold_sex_xxx_video_n[/b]<BR>AVI | Size: 2.89 MiB | Duration: 58s 671ms | 720x480<BR><BR>[b]~> Download video from KEEP2SHARE <~<BR>[url=http://k2s.cc/file/8daee4db19d09/0014_cuckold_sex_xxx_video_n.avi]0014_cuckold_sex_xxx_video_n.avi[/url][/b]<BR><BR>More screenshots:<BR><BR><BR><BR>","1341","2375","3635","1348"
"","[URL=http://pimpandhost.com/image/54988541-original.html][IMG]http://ist3-1.filesor.com/pimpandhost.com/1/_/_/_/1/3/I/J/1/3IJ1X/0015_cuckold_sex_xxx_video_n_s.jpg[/IMG][/URL]<BR><BR>[b]Cuckold, Amateur, Sex wife, MILFs, Cheating house-wife, [/b]<BR><BR><BR>[b]0015_cuckold_sex_xxx_video_n[/b]<BR>AVI | Size: 128 MiB | Duration: 12mn 48s | 512x384<BR><BR>[b]~> Download video from KEEP2SHARE <~<BR>[url=http://k2s.cc/file/fdde9f4314b9a/0015_cuckold_sex_xxx_video_n.AVI]0015_cuckold_sex_xxx_video_n.AVI[/url][/b]<BR><BR>More screenshots:<BR>[URL=http://pimpandhost.com/image/54988389-medium.html][IMG]http://ist3-1.filesor.com/pimpandhost.com/1/_/_/_/1/3/I/I/Z/3IIZv/0015_cuckold_sex_xxx_video_n_s_0.jpg[/IMG][/URL]<BR><BR><BR>","1364","2169","3603","1325"
"","[URL=http://pimpandhost.com/image/54988542-original.html][IMG]http://ist3-2.filesor.com/pimpandhost.com/1/_/_/_/1/3/I/J/1/3IJ1Y/0016_cuckold_sex_xxx_video_y_s.jpg[/IMG][/URL]<BR><BR>[b]Cuckold, Amateur, Sex wife, MILFs, Cheating house-wife, [/b]<BR><BR><BR>[b]0016_cuckold_sex_xxx_video_y[/b]<BR>MPEG-4 | Size: 227 MiB | Duration: 24mn 34s | 640x352<BR><BR>[b]~> Download video from KEEP2SHARE <~<BR>[url=http://k2s.cc/file/2aae70951d80f/0016_cuckold_sex_xxx_video_y.mp4]0016_cuckold_sex_xxx_video_y.mp4[/url][/b]<BR><BR>More screenshots:<BR>[URL=http://pimpandhost.com/image/54988391-medium.html][IMG]http://ist3-1.filesor.com/pimpandhost.com/1/_/_/_/1/3/I/I/Z/3IIZx/0016_cuckold_sex_xxx_video_y_s_0.jpg[/IMG][/URL]<BR><BR><BR>","1367","2296","3532","1319"
"","[URL=http://pimpandhost.com/image/54988543-original.html][IMG]http://ist3-1.filesor.com/pimpandhost.com/1/_/_/_/1/3/I/J/1/3IJ1Z/0017_cuckold_sex_xxx_video_e_s.jpg[/IMG][/URL]<BR><BR>[b]Cuckold, Amateur, Sex wife, MILFs, Cheating house-wife, [/b]<BR><BR><BR>[b]0017_cuckold_sex_xxx_video_e[/b]<BR>Windows Media | Size: 67.5 MiB | Duration: 16mn 20s | 320x240<BR><BR>[b]~> Download video from KEEP2SHARE <~<BR>[url=http://k2s.cc/file/96b854a2b3042/0017_cuckold_sex_xxx_video_e.wmv]0017_cuckold_sex_xxx_video_e.wmv[/url][/b]<BR><BR>More screenshots:<BR>[URL=http://pimpandhost.com/image/54988392-medium.html][IMG]http://ist3-1.filesor.com/pimpandhost.com/1/_/_/_/1/3/I/I/Z/3IIZy/0017_cuckold_sex_xxx_video_e_s_0.jpg[/IMG][/URL]<BR><BR><BR>","1328","1575","3636","1364"
"","[URL=http://pimpandhost.com/image/54988544-original.html][IMG]http://ist3-2.filesor.com/pimpandhost.com/1/_/_/_/1/3/I/J/2/3IJ20/0018_cuckold_sex_xxx_video_s_s.jpg[/IMG][/URL]<BR><BR>[b]Cuckold, Amateur, Sex wife, MILFs, Cheating house-wife, [/b]<BR><BR><BR>[b]0018_cuckold_sex_xxx_video_s[/b]<BR>MPEG-4 | Size: 47.6 MiB | Duration: 4mn 49s | 720x480<BR><BR>[b]~> Download video from KEEP2SHARE <~<BR>[url=http://k2s.cc/file/28d1977e01a08/0018_cuckold_sex_xxx_video_s.mp4]0018_cuckold_sex_xxx_video_s.mp4[/url][/b]<BR><BR>More screenshots:<BR>[URL=http://pimpandhost.com/image/54988393-medium.html][IMG]http://ist3-2.filesor.com/pimpandhost.com/1/_/_/_/1/3/I/I/Z/3IIZz/0018_cuckold_sex_xxx_video_s_s_0.jpg[/IMG][/URL]<BR><BR><BR>","1300","1765","3684","1306"
"","[URL=http://pimpandhost.com/image/54988546-original.html][IMG]http://ist3-1.filesor.com/pimpandhost.com/1/_/_/_/1/3/I/J/2/3IJ22/0019_cuckold_sex_xxx_video_y_s.jpg[/IMG][/URL]<BR><BR>[b]Cuckold, Amateur, Sex wife, MILFs, Cheating house-wife, [/b]<BR><BR><BR>[b]0019_cuckold_sex_xxx_video_y[/b]<BR>MPEG-4 | Size: 104 MiB | Duration: 11mn 40s | 640x352<BR><BR>[b]~> Download video from KEEP2SHARE <~<BR>[url=http://k2s.cc/file/d0b9356cf3af9/0019_cuckold_sex_xxx_video_y.mp4]0019_cuckold_sex_xxx_video_y.mp4[/url][/b]<BR><BR>More screenshots:<BR>[URL=http://pimpandhost.com/image/54988395-medium.html][IMG]http://ist3-2.filesor.com/pimpandhost.com/1/_/_/_/1/3/I/I/Z/3IIZB/0019_cuckold_sex_xxx_video_y_s_0.jpg[/IMG][/URL]<BR><BR><BR>","1392","1898","3567","1327"
"","[URL=http://pimpandhost.com/image/54988550-original.html][IMG]http://ist3-2.filesor.com/pimpandhost.com/1/_/_/_/1/3/I/J/2/3IJ26/0020_cuckold_sex_xxx_video_g_s.jpg[/IMG][/URL]<BR><BR>[b]Cuckold, Amateur, Sex wife, MILFs, Cheating house-wife, [/b]<BR><BR><BR>[b]0020_cuckold_sex_xxx_video_g[/b]<BR>Windows Media | Size: 175 MiB | Duration: 11mn 50s | 640x480<BR><BR>[b]~> Download video from KEEP2SHARE <~<BR>[url=http://k2s.cc/file/dc938dd562e08/0020_cuckold_sex_xxx_video_g.wmv]0020_cuckold_sex_xxx_video_g.wmv[/url][/b]<BR><BR>More screenshots:<BR>[URL=http://pimpandhost.com/image/54988396-medium.html][IMG]http://ist3-2.filesor.com/pimpandhost.com/1/_/_/_/1/3/I/I/Z/3IIZC/0020_cuckold_sex_xxx_video_g_s_0.jpg[/IMG][/URL]<BR><BR><BR>","1353","1644","3564","1338"
"","[URL=http://pimpandhost.com/image/54988551-original.html][IMG]http://ist3-1.filesor.com/pimpandhost.com/1/_/_/_/1/3/I/J/2/3IJ27/0021_cuckold_sex_xxx_video_d_s.jpg[/IMG][/URL]<BR><BR>[b]Cuckold, Amateur, Sex wife, MILFs, Cheating house-wife, [/b]<BR><BR><BR>[b]0021_cuckold_sex_xxx_video_d[/b]<BR>MPEG-4 | Size: 60.5 MiB | Duration: 6mn 33s | 640x352<BR><BR>[b]~> Download video from KEEP2SHARE <~<BR>[url=http://k2s.cc/file/40d49276be380/0021_cuckold_sex_xxx_video_d.mp4]0021_cuckold_sex_xxx_video_d.mp4[/url][/b]<BR><BR>More screenshots:<BR>[URL=http://pimpandhost.com/image/54988397-medium.html][IMG]http://ist3-2.filesor.com/pimpandhost.com/1/_/_/_/1/3/I/I/Z/3IIZD/0021_cuckold_sex_xxx_video_d_s_0.jpg[/IMG][/URL]<BR><BR><BR>","1359","2078","3518","1400"
"","[URL=http://pimpandhost.com/image/54988552-original.html][IMG]http://ist3-2.filesor.com/pimpandhost.com/1/_/_/_/1/3/I/J/2/3IJ28/0022_cuckold_sex_xxx_video_y_s.jpg[/IMG][/URL]<BR><BR>[b]Cuckold, Amateur, Sex wife, MILFs, Cheating house-wife, [/b]<BR><BR><BR>[b]0022_cuckold_sex_xxx_video_y[/b]<BR>MPEG-4 | Size: 92.8 MiB | Duration: 21mn 57s | 320x240<BR><BR>[b]~> Download video from KEEP2SHARE <~<BR>[url=http://k2s.cc/file/7a80eaabe4d31/0022_cuckold_sex_xxx_video_y.mp4]0022_cuckold_sex_xxx_video_y.mp4[/url][/b]<BR><BR>More screenshots:<BR>[URL=http://pimpandhost.com/image/54988398-medium.html][IMG]http://ist3-2.filesor.com/pimpandhost.com/1/_/_/_/1/3/I/I/Z/3IIZE/0022_cuckold_sex_xxx_video_y_s_0.jpg[/IMG][/URL]<BR><BR><BR>","1361","2191","3595","1325"
"","[URL=http://pimpandhost.com/image/54988553-original.html][IMG]http://ist3-2.filesor.com/pimpandhost.com/1/_/_/_/1/3/I/J/2/3IJ29/0023_cuckold_sex_xxx_video_s_s.jpg[/IMG][/URL]<BR><BR>[b]Cuckold, Amateur, Sex wife, MILFs, Cheating house-wife, [/b]<BR><BR><BR>[b]0023_cuckold_sex_xxx_video_s[/b]<BR>MPEG-4 | Size: 17.0 MiB | Duration: 1mn 50s | 640x352<BR><BR>[b]~> Download video from KEEP2SHARE <~<BR>[url=http://k2s.cc/file/c15c2a32f0208/0023_cuckold_sex_xxx_video_s.mp4]0023_cuckold_sex_xxx_video_s.mp4[/url][/b]<BR><BR>More screenshots:<BR>[URL=http://pimpandhost.com/image/54988399-medium.html][IMG]http://ist3-1.filesor.com/pimpandhost.com/1/_/_/_/1/3/I/I/Z/3IIZF/0023_cuckold_sex_xxx_video_s_s_0.jpg[/IMG][/URL]<BR><BR><BR>","1351","2389","3602","1317"
"","[URL=http://pimpandhost.com/image/54988554-original.html][IMG]http://ist3-1.filesor.com/pimpandhost.com/1/_/_/_/1/3/I/J/2/3IJ2a/0024_cuckold_sex_xxx_video_s_s.jpg[/IMG][/URL]<BR><BR>[b]Cuckold, Amateur, Sex wife, MILFs, Cheating house-wife, [/b]<BR><BR><BR>[b]0024_cuckold_sex_xxx_video_s[/b]<BR>MPEG-4 | Size: 56.3 MiB | Duration: 12mn 51s | 320x240<BR><BR>[b]~> Download video from KEEP2SHARE <~<BR>[url=http://k2s.cc/file/4ef6c5da9677f/0024_cuckold_sex_xxx_video_s.mp4]0024_cuckold_sex_xxx_video_s.mp4[/url][/b]<BR><BR>More screenshots:<BR>[URL=http://pimpandhost.com/image/54988400-medium.html][IMG]http://ist3-2.filesor.com/pimpandhost.com/1/_/_/_/1/3/I/I/Z/3IIZG/0024_cuckold_sex_xxx_video_s_s_0.jpg[/IMG][/URL]<BR><BR><BR>","1388","2106","3575","1315"
"","[URL=http://pimpandhost.com/image/54988555-original.html][IMG]http://ist3-1.filesor.com/pimpandhost.com/1/_/_/_/1/3/I/J/2/3IJ2b/0025_cuckold_sex_xxx_video_e_s.jpg[/IMG][/URL]<BR><BR>[b]Cuckold, Amateur, Sex wife, MILFs, Cheating house-wife, [/b]<BR><BR><BR>[b]0025_cuckold_sex_xxx_video_e[/b]<BR>MPEG-4 | Size: 186 MiB | Duration: 20mn 7s | 640x352<BR><BR>[b]~> Download video from KEEP2SHARE <~<BR>[url=http://k2s.cc/file/48adeb8d195ba/0025_cuckold_sex_xxx_video_e.mp4]0025_cuckold_sex_xxx_video_e.mp4[/url][/b]<BR><BR>More screenshots:<BR>[URL=http://pimpandhost.com/image/54988401-medium.html][IMG]http://ist3-2.filesor.com/pimpandhost.com/1/_/_/_/1/3/I/I/Z/3IIZH/0025_cuckold_sex_xxx_video_e_s_0.jpg[/IMG][/URL]<BR><BR><BR>","1376","1546","3658","1377"
"","[URL=http://pimpandhost.com/image/54988556-original.html][IMG]http://ist3-1.filesor.com/pimpandhost.com/1/_/_/_/1/3/I/J/2/3IJ2c/0026_cuckold_sex_xxx_video__s.jpg[/IMG][/URL]<BR><BR>[b]Cuckold, Amateur, Sex wife, MILFs, Cheating house-wife, [/b]<BR><BR><BR>[b]0026_cuckold_sex_xxx_video_[/b]<BR>MPEG-PS | Size: 176 MiB | Duration: 20mn 30s | 712x480<BR><BR>[b]~> Download video from KEEP2SHARE <~<BR>[url=http://k2s.cc/file/81241d6b56da6/0026_cuckold_sex_xxx_video_.mpeg]0026_cuckold_sex_xxx_video_.mpeg[/url][/b]<BR><BR>More screenshots:<BR>[URL=http://pimpandhost.com/image/54988402-medium.html][IMG]http://ist3-2.filesor.com/pimpandhost.com/1/_/_/_/1/3/I/I/Z/3IIZI/0026_cuckold_sex_xxx_video__s_0.jpg[/IMG][/URL]<BR><BR><BR>","1335","2134","3665","1326"
"","[URL=http://pimpandhost.com/image/54988557-original.html][IMG]http://ist3-1.filesor.com/pimpandhost.com/1/_/_/_/1/3/I/J/2/3IJ2d/0027_cuckold_sex_xxx_video_y_s.jpg[/IMG][/URL]<BR><BR>[b]Cuckold, Amateur, Sex wife, MILFs, Cheating house-wife, [/b]<BR><BR><BR>[b]0027_cuckold_sex_xxx_video_y[/b]<BR>MPEG-4 | Size: 275 MiB | Duration: 1h 3mn | 320x240<BR><BR>[b]~> Download video from KEEP2SHARE <~<BR>[url=http://k2s.cc/file/42b3b567cbab9/0027_cuckold_sex_xxx_video_y.mp4]0027_cuckold_sex_xxx_video_y.mp4[/url][/b]<BR><BR>More screenshots:<BR>[URL=http://pimpandhost.com/image/54988403-medium.html][IMG]http://ist3-1.filesor.com/pimpandhost.com/1/_/_/_/1/3/I/I/Z/3IIZJ/0027_cuckold_sex_xxx_video_y_s_0.jpg[/IMG][/URL]<BR><BR><BR>","1314","1645","3607","1367"
"","[URL=http://pimpandhost.com/image/54988558-original.html][IMG]http://ist3-1.filesor.com/pimpandhost.com/1/_/_/_/1/3/I/J/2/3IJ2e/0028_cuckold_sex_xxx_video_s_s.jpg[/IMG][/URL]<BR><BR>[b]Cuckold, Amateur, Sex wife, MILFs, Cheating house-wife, [/b]<BR><BR><BR>[b]0028_cuckold_sex_xxx_video_s[/b]<BR>Flash Video | Size: 24.5 MiB | Duration: 5mn 59s | 426x240<BR><BR>[b]~> Download video from KEEP2SHARE <~<BR>[url=http://k2s.cc/file/b4d95e218eabf/0028_cuckold_sex_xxx_video_s.flv]0028_cuckold_sex_xxx_video_s.flv[/url][/b]<BR><BR>More screenshots:<BR>[URL=http://pimpandhost.com/image/54988407-medium.html][IMG]http://ist3-2.filesor.com/pimpandhost.com/1/_/_/_/1/3/I/I/Z/3IIZN/0028_cuckold_sex_xxx_video_s_s_0.jpg[/IMG][/URL]<BR><BR><BR>","1332","2269","3511","1391"
"","[URL=http://pimpandhost.com/image/54988559-original.html][IMG]http://ist3-2.filesor.com/pimpandhost.com/1/_/_/_/1/3/I/J/2/3IJ2f/0029_cuckold_sex_xxx_video_e_s.jpg[/IMG][/URL]<BR><BR>[b]Cuckold, Amateur, Sex wife, MILFs, Cheating house-wife, [/b]<BR><BR><BR>[b]0029_cuckold_sex_xxx_video_e[/b]<BR>AVI | Size: 75.6 MiB | Duration: 12mn 59s | 640x432<BR><BR>[b]~> Download video from KEEP2SHARE <~<BR>[url=http://k2s.cc/file/14d20cca11e94/0029_cuckold_sex_xxx_video_e.AVI]0029_cuckold_sex_xxx_video_e.AVI[/url][/b]<BR><BR>More screenshots:<BR>[URL=http://pimpandhost.com/image/54988410-medium.html][IMG]http://ist3-2.filesor.com/pimpandhost.com/1/_/_/_/1/3/I/I/Z/3IIZQ/0029_cuckold_sex_xxx_video_e_s_0.jpg[/IMG][/URL]<BR><BR><BR>","1350","1635","3681","1311"
"","[URL=http://pimpandhost.com/image/54988560-original.html][IMG]http://ist3-1.filesor.com/pimpandhost.com/1/_/_/_/1/3/I/J/2/3IJ2g/0030_cuckold_sex_xxx_video_e_s.jpg[/IMG][/URL]<BR><BR>[b]Cuckold, Amateur, Sex wife, MILFs, Cheating house-wife, [/b]<BR><BR><BR>[b]0030_cuckold_sex_xxx_video_e[/b]<BR>MPEG-4 | Size: 215 MiB | Duration: 23mn 12s | 640x352<BR><BR>[b]~> Download video from KEEP2SHARE <~<BR>[url=http://k2s.cc/file/8d41f92b503c4/0030_cuckold_sex_xxx_video_e.mp4]0030_cuckold_sex_xxx_video_e.mp4[/url][/b]<BR><BR>More screenshots:<BR>[URL=http://pimpandhost.com/image/54988414-medium.html][IMG]http://ist3-1.filesor.com/pimpandhost.com/1/_/_/_/1/3/I/I/Z/3IIZU/0030_cuckold_sex_xxx_video_e_s_0.jpg[/IMG][/URL]<BR><BR><BR>","1392","1839","3572","1343"
"","[URL=http://pimpandhost.com/image/54988561-original.html][IMG]http://ist3-2.filesor.com/pimpandhost.com/1/_/_/_/1/3/I/J/2/3IJ2h/0031_cuckold_sex_xxx_video_s_s.jpg[/IMG][/URL]<BR><BR>[b]Cuckold, Amateur, Sex wife, MILFs, Cheating house-wife, [/b]<BR><BR><BR>[b]0031_cuckold_sex_xxx_video_s[/b]<BR>MPEG-4 | Size: 95.5 MiB | Duration: 11mn 49s | 640x352<BR><BR>[b]~> Download video from KEEP2SHARE <~<BR>[url=http://k2s.cc/file/d654e54cb9ddc/0031_cuckold_sex_xxx_video_s.mp4]0031_cuckold_sex_xxx_video_s.mp4[/url][/b]<BR><BR>More screenshots:<BR>[URL=http://pimpandhost.com/image/54988415-medium.html][IMG]http://ist3-2.filesor.com/pimpandhost.com/1/_/_/_/1/3/I/I/Z/3IIZV/0031_cuckold_sex_xxx_video_s_s_0.jpg[/IMG][/URL]<BR><BR><BR>","1336","2287","3621","1323"
"","[URL=http://pimpandhost.com/image/54988562-original.html][IMG]http://ist3-2.filesor.com/pimpandhost.com/1/_/_/_/1/3/I/J/2/3IJ2i/0032_cuckold_sex_xxx_video_e_s.jpg[/IMG][/URL]<BR><BR>[b]Cuckold, Amateur, Sex wife, MILFs, Cheating house-wife, [/b]<BR><BR><BR>[b]0032_cuckold_sex_xxx_video_e[/b]<BR>MPEG-4 | Size: 204 MiB | Duration: 18mn 57s | 720x400<BR><BR>[b]~> Download video from KEEP2SHARE <~<BR>[url=http://k2s.cc/file/d6797bbab8bf5/0032_cuckold_sex_xxx_video_e.mp4]0032_cuckold_sex_xxx_video_e.mp4[/url][/b]<BR><BR>More screenshots:<BR>[URL=http://pimpandhost.com/image/54988417-medium.html][IMG]http://ist3-2.filesor.com/pimpandhost.com/1/_/_/_/1/3/I/I/Z/3IIZX/0032_cuckold_sex_xxx_video_e_s_0.jpg[/IMG][/URL]<BR><BR><BR>","1355","2381","3577","1330"
"","[URL=http://pimpandhost.com/image/54988563-original.html][IMG]http://ist3-2.filesor.com/pimpandhost.com/1/_/_/_/1/3/I/J/2/3IJ2j/0033_cuckold_sex_xxx_video_y_s.jpg[/IMG][/URL]<BR><BR>[b]Cuckold, Amateur, Sex wife, MILFs, Cheating house-wife, [/b]<BR><BR><BR>[b]0033_cuckold_sex_xxx_video_y[/b]<BR>MPEG-4 | Size: 110 MiB | Duration: 4mn 59s | 720x480<BR><BR>[b]~> Download video from KEEP2SHARE <~<BR>[url=http://k2s.cc/file/6df68dd455cc9/0033_cuckold_sex_xxx_video_y.mp4]0033_cuckold_sex_xxx_video_y.mp4[/url][/b]<BR><BR>More screenshots:<BR>[URL=http://pimpandhost.com/image/54988421-medium.html][IMG]http://ist3-1.filesor.com/pimpandhost.com/1/_/_/_/1/3/I/J/0/3IJ01/0033_cuckold_sex_xxx_video_y_s_0.jpg[/IMG][/URL]<BR><BR><BR>","1303","1655","3513","1338"
"","[URL=http://pimpandhost.com/image/54988564-original.html][IMG]http://ist3-2.filesor.com/pimpandhost.com/1/_/_/_/1/3/I/J/2/3IJ2k/0034_cuckold_sex_xxx_video_d_s.jpg[/IMG][/URL]<BR><BR>[b]Cuckold, Amateur, Sex wife, MILFs, Cheating house-wife, [/b]<BR><BR><BR>[b]0034_cuckold_sex_xxx_video_d[/b]<BR>Flash Video | Size: 104 MiB | Duration: 29mn 32s | 320x240<BR><BR>[b]~> Download video from KEEP2SHARE <~<BR>[url=http://k2s.cc/file/ab64011f8276a/0034_cuckold_sex_xxx_video_d.flv]0034_cuckold_sex_xxx_video_d.flv[/url][/b]<BR><BR>More screenshots:<BR>[URL=http://pimpandhost.com/image/54988422-medium.html][IMG]http://ist3-1.filesor.com/pimpandhost.com/1/_/_/_/1/3/I/J/0/3IJ02/0034_cuckold_sex_xxx_video_d_s_0.jpg[/IMG][/URL]<BR><BR><BR>","1388","2301","3629","1302"
"","[URL=http://pimpandhost.com/image/54988566-original.html][IMG]http://ist3-1.filesor.com/pimpandhost.com/1/_/_/_/1/3/I/J/2/3IJ2m/0035_cuckold_sex_xxx_video_s_s.jpg[/IMG][/URL]<BR><BR>[b]Cuckold, Amateur, Sex wife, MILFs, Cheating house-wife, [/b]<BR><BR><BR>[b]0035_cuckold_sex_xxx_video_s[/b]<BR>MPEG-4 | Size: 440 MiB | Duration: 42mn 50s | 640x416<BR><BR>[b]~> Download video from KEEP2SHARE <~<BR>[url=http://k2s.cc/file/8567e969969ca/0035_cuckold_sex_xxx_video_s.mp4]0035_cuckold_sex_xxx_video_s.mp4[/url][/b]<BR><BR>More screenshots:<BR>[URL=http://pimpandhost.com/image/54988423-medium.html][IMG]http://ist3-2.filesor.com/pimpandhost.com/1/_/_/_/1/3/I/J/0/3IJ03/0035_cuckold_sex_xxx_video_s_s_0.jpg[/IMG][/URL]<BR><BR><BR>","1305","1661","3639","1337"
"","[URL=http://pimpandhost.com/image/54988567-original.html][IMG]http://ist3-2.filesor.com/pimpandhost.com/1/_/_/_/1/3/I/J/2/3IJ2n/0036_cuckold_sex_xxx_video_2_s.jpg[/IMG][/URL]<BR><BR>[b]Cuckold, Amateur, Sex wife, MILFs, Cheating house-wife, [/b]<BR><BR><BR>[b]0036_cuckold_sex_xxx_video_2[/b]<BR>MPEG-4 | Size: 121 MiB | Duration: 12mn 2s | 640x416<BR><BR>[b]~> Download video from KEEP2SHARE <~<BR>[url=http://k2s.cc/file/3586a9de3d143/0036_cuckold_sex_xxx_video_2.mp4]0036_cuckold_sex_xxx_video_2.mp4[/url][/b]<BR><BR>More screenshots:<BR>[URL=http://pimpandhost.com/image/54988424-medium.html][IMG]http://ist3-2.filesor.com/pimpandhost.com/1/_/_/_/1/3/I/J/0/3IJ04/0036_cuckold_sex_xxx_video_2_s_0.jpg[/IMG][/URL]<BR><BR><BR>","1303","2179","3556","1353"
"","[URL=http://pimpandhost.com/image/54988568-original.html][IMG]http://ist3-2.filesor.com/pimpandhost.com/1/_/_/_/1/3/I/J/2/3IJ2o/0037_cuckold_sex_xxx_video_h_s.jpg[/IMG][/URL]<BR><BR>[b]Cuckold, Amateur, Sex wife, MILFs, Cheating house-wife, [/b]<BR><BR><BR>[b]0037_cuckold_sex_xxx_video_h[/b]<BR>AVI | Size: 116 MiB | Duration: 12mn 36s | 720x480<BR><BR>[b]~> Download video from KEEP2SHARE <~<BR>[url=http://k2s.cc/file/0540b8a6d1a85/0037_cuckold_sex_xxx_video_h.avi]0037_cuckold_sex_xxx_video_h.avi[/url][/b]<BR><BR>More screenshots:<BR>[URL=http://pimpandhost.com/image/54988426-medium.html][IMG]http://ist3-2.filesor.com/pimpandhost.com/1/_/_/_/1/3/I/J/0/3IJ06/0037_cuckold_sex_xxx_video_h_s_0.jpg[/IMG][/URL]<BR><BR><BR>","1391","1662","3628","1383"
"","[URL=http://pimpandhost.com/image/54988569-original.html][IMG]http://ist3-2.filesor.com/pimpandhost.com/1/_/_/_/1/3/I/J/2/3IJ2p/0038_cuckold_sex_xxx_video_d_s.jpg[/IMG][/URL]<BR><BR>[b]Cuckold, Amateur, Sex wife, MILFs, Cheating house-wife, [/b]<BR><BR><BR>[b]0038_cuckold_sex_xxx_video_d[/b]<BR>MPEG-4 | Size: 33.8 MiB | Duration: 4mn 2s | 640x416<BR><BR>[b]~> Download video from KEEP2SHARE <~<BR>[url=http://k2s.cc/file/1a3ee7c4313b3/0038_cuckold_sex_xxx_video_d.mp4]0038_cuckold_sex_xxx_video_d.mp4[/url][/b]<BR><BR>More screenshots:<BR>[URL=http://pimpandhost.com/image/54988428-medium.html][IMG]http://ist3-1.filesor.com/pimpandhost.com/1/_/_/_/1/3/I/J/0/3IJ08/0038_cuckold_sex_xxx_video_d_s_0.jpg[/IMG][/URL]<BR><BR><BR>","1356","1500","3550","1393"
"","[URL=http://pimpandhost.com/image/54988570-original.html][IMG]http://ist3-1.filesor.com/pimpandhost.com/1/_/_/_/1/3/I/J/2/3IJ2q/0039_cuckold_sex_xxx_video_s_s.jpg[/IMG][/URL]<BR><BR>[b]Cuckold, Amateur, Sex wife, MILFs, Cheating house-wife, [/b]<BR><BR><BR>[b]0039_cuckold_sex_xxx_video_s[/b]<BR>MPEG-4 | Size: 41.0 MiB | Duration: 4mn 0s | 640x416<BR><BR>[b]~> Download video from KEEP2SHARE <~<BR>[url=http://k2s.cc/file/4c6c50a6e4f21/0039_cuckold_sex_xxx_video_s.mp4]0039_cuckold_sex_xxx_video_s.mp4[/url][/b]<BR><BR>More screenshots:<BR>[URL=http://pimpandhost.com/image/54988430-medium.html][IMG]http://ist3-2.filesor.com/pimpandhost.com/1/_/_/_/1/3/I/J/0/3IJ0a/0039_cuckold_sex_xxx_video_s_s_0.jpg[/IMG][/URL]<BR><BR><BR>","1388","2271","3531","1342"
"","[URL=http://pimpandhost.com/image/54988571-original.html][IMG]http://ist3-1.filesor.com/pimpandhost.com/1/_/_/_/1/3/I/J/2/3IJ2r/0040_cuckold_sex_xxx_video_s_s.jpg[/IMG][/URL]<BR><BR>[b]Cuckold, Amateur, Sex wife, MILFs, Cheating house-wife, [/b]<BR><BR><BR>[b]0040_cuckold_sex_xxx_video_s[/b]<BR>MPEG-4 | Size: 260 MiB | Duration: 25mn 33s | 640x416<BR><BR>[b]~> Download video from KEEP2SHARE <~<BR>[url=http://k2s.cc/file/3ecc420c9cc2c/0040_cuckold_sex_xxx_video_s.mp4]0040_cuckold_sex_xxx_video_s.mp4[/url][/b]<BR><BR>More screenshots:<BR>[URL=http://pimpandhost.com/image/54988432-medium.html][IMG]http://ist3-2.filesor.com/pimpandhost.com/1/_/_/_/1/3/I/J/0/3IJ0c/0040_cuckold_sex_xxx_video_s_s_0.jpg[/IMG][/URL]<BR><BR><BR>","1384","1987","3645","1387"
"","[URL=http://pimpandhost.com/image/54988572-original.html][IMG]http://ist3-1.filesor.com/pimpandhost.com/1/_/_/_/1/3/I/J/2/3IJ2s/0042_cuckold_sex_xxx_video_B_s.jpg[/IMG][/URL]<BR><BR>[b]Cuckold, Amateur, Sex wife, MILFs, Cheating house-wife, [/b]<BR><BR><BR>[b]0042_cuckold_sex_xxx_video_B[/b]<BR>AVI | Size: 222 MiB | Duration: 27mn 11s | 640x480<BR><BR>[b]~> Download video from KEEP2SHARE <~<BR>[url=http://k2s.cc/file/dbfc47d1fcaac/0042_cuckold_sex_xxx_video_B.avi]0042_cuckold_sex_xxx_video_B.avi[/url][/b]<BR><BR>More screenshots:<BR>[URL=http://pimpandhost.com/image/54988434-medium.html][IMG]http://ist3-1.filesor.com/pimpandhost.com/1/_/_/_/1/3/I/J/0/3IJ0e/0042_cuckold_sex_xxx_video_B_s_0.jpg[/IMG][/URL]<BR><BR><BR>","1372","2212","3548","1359"
"","[URL=http://pimpandhost.com/image/54988574-original.html][IMG]http://ist3-2.filesor.com/pimpandhost.com/1/_/_/_/1/3/I/J/2/3IJ2u/0043_cuckold_sex_xxx_video_s_s.jpg[/IMG][/URL]<BR><BR>[b]Cuckold, Amateur, Sex wife, MILFs, Cheating house-wife, [/b]<BR><BR><BR>[b]0043_cuckold_sex_xxx_video_s[/b]<BR>MPEG-PS | Size: 251 MiB | Duration: 17mn 53s | 640x480<BR><BR>[b]~> Download video from KEEP2SHARE <~<BR>[url=http://k2s.cc/file/3709cc9ac7888/0043_cuckold_sex_xxx_video_s.mpg]0043_cuckold_sex_xxx_video_s.mpg[/url][/b]<BR><BR>More screenshots:<BR>[URL=http://pimpandhost.com/image/54988435-medium.html][IMG]http://ist3-1.filesor.com/pimpandhost.com/1/_/_/_/1/3/I/J/0/3IJ0f/0043_cuckold_sex_xxx_video_s_s_0.jpg[/IMG][/URL]<BR><BR><BR>","1368","2298","3623","1373"
"","[URL=http://pimpandhost.com/image/54988575-original.html][IMG]http://ist3-2.filesor.com/pimpandhost.com/1/_/_/_/1/3/I/J/2/3IJ2v/0044_cuckold_sex_xxx_video_r_s.jpg[/IMG][/URL]<BR><BR>[b]Cuckold, Amateur, Sex wife, MILFs, Cheating house-wife, [/b]<BR><BR><BR>[b]0044_cuckold_sex_xxx_video_r[/b]<BR>MPEG-4 | Size: 144 MiB | Duration: 17mn 25s | 640x480<BR><BR>[b]~> Download video from KEEP2SHARE <~<BR>[url=http://k2s.cc/file/b7dd91c8b126a/0044_cuckold_sex_xxx_video_r.mp4]0044_cuckold_sex_xxx_video_r.mp4[/url][/b]<BR><BR>More screenshots:<BR>[URL=http://pimpandhost.com/image/54988436-medium.html][IMG]http://ist3-1.filesor.com/pimpandhost.com/1/_/_/_/1/3/I/J/0/3IJ0g/0044_cuckold_sex_xxx_video_r_s_0.jpg[/IMG][/URL]<BR><BR><BR>","1306","1781","3520","1310"
"","[URL=http://pimpandhost.com/image/54988576-original.html][IMG]http://ist3-1.filesor.com/pimpandhost.com/1/_/_/_/1/3/I/J/2/3IJ2w/0045_cuckold_sex_xxx_video_k_s.jpg[/IMG][/URL]<BR><BR>[b]Cuckold, Amateur, Sex wife, MILFs, Cheating house-wife, [/b]<BR><BR><BR>[b]0045_cuckold_sex_xxx_video_k[/b]<BR>AVI | Size: 227 MiB | Duration: 24mn 52s | 640x480<BR><BR>[b]~> Download video from KEEP2SHARE <~<BR>[url=http://k2s.cc/file/143d0b6a96b3c/0045_cuckold_sex_xxx_video_k.avi]0045_cuckold_sex_xxx_video_k.avi[/url][/b]<BR><BR>More screenshots:<BR>[URL=http://pimpandhost.com/image/54988438-medium.html][IMG]http://ist3-1.filesor.com/pimpandhost.com/1/_/_/_/1/3/I/J/0/3IJ0i/0045_cuckold_sex_xxx_video_k_s_0.jpg[/IMG][/URL]<BR><BR><BR>","1306","1844","3626","1398"
"","[URL=http://pimpandhost.com/image/54988577-original.html][IMG]http://ist3-2.filesor.com/pimpandhost.com/1/_/_/_/1/3/I/J/2/3IJ2x/0046_cuckold_sex_xxx_video_e_s.jpg[/IMG][/URL]<BR><BR>[b]Cuckold, Amateur, Sex wife, MILFs, Cheating house-wife, [/b]<BR><BR><BR>[b]0046_cuckold_sex_xxx_video_e[/b]<BR>MPEG-4 | Size: 79.5 MiB | Duration: 8mn 1s | 720x400<BR><BR>[b]~> Download video from KEEP2SHARE <~<BR>[url=http://k2s.cc/file/c33eeeb049756/0046_cuckold_sex_xxx_video_e.mp4]0046_cuckold_sex_xxx_video_e.mp4[/url][/b]<BR><BR>More screenshots:<BR>[URL=http://pimpandhost.com/image/54988439-medium.html][IMG]http://ist3-1.filesor.com/pimpandhost.com/1/_/_/_/1/3/I/J/0/3IJ0j/0046_cuckold_sex_xxx_video_e_s_0.jpg[/IMG][/URL]<BR><BR><BR>","1356","1739","3659","1312"
"","[URL=http://pimpandhost.com/image/54988578-original.html][IMG]http://ist3-1.filesor.com/pimpandhost.com/1/_/_/_/1/3/I/J/2/3IJ2y/0047_cuckold_sex_xxx_video_g_s.jpg[/IMG][/URL]<BR><BR>[b]Cuckold, Amateur, Sex wife, MILFs, Cheating house-wife, [/b]<BR><BR><BR>[b]0047_cuckold_sex_xxx_video_g[/b]<BR>AVI | Size: 123 MiB | Duration: 8mn 1s | 512x384<BR><BR>[b]~> Download video from KEEP2SHARE <~<BR>[url=http://k2s.cc/file/c90334afb761c/0047_cuckold_sex_xxx_video_g.AVI]0047_cuckold_sex_xxx_video_g.AVI[/url][/b]<BR><BR>More screenshots:<BR>[URL=http://pimpandhost.com/image/54988440-medium.html][IMG]http://ist3-2.filesor.com/pimpandhost.com/1/_/_/_/1/3/I/J/0/3IJ0k/0047_cuckold_sex_xxx_video_g_s_0.jpg[/IMG][/URL]<BR><BR><BR>","1326","1540","3508","1314"
"","[URL=http://pimpandhost.com/image/54988579-original.html][IMG]http://ist3-1.filesor.com/pimpandhost.com/1/_/_/_/1/3/I/J/2/3IJ2z/0048_cuckold_sex_xxx_video_k_s.jpg[/IMG][/URL]<BR><BR>[b]Cuckold, Amateur, Sex wife, MILFs, Cheating house-wife, [/b]<BR><BR><BR>[b]0048_cuckold_sex_xxx_video_k[/b]<BR>MPEG-4 | Size: 273 MiB | Duration: 25mn 29s | 720x400<BR><BR>[b]~> Download video from KEEP2SHARE <~<BR>[url=http://k2s.cc/file/98b071cfa4e03/0048_cuckold_sex_xxx_video_k.mp4]0048_cuckold_sex_xxx_video_k.mp4[/url][/b]<BR><BR>More screenshots:<BR>[URL=http://pimpandhost.com/image/54988441-medium.html][IMG]http://ist3-1.filesor.com/pimpandhost.com/1/_/_/_/1/3/I/J/0/3IJ0l/0048_cuckold_sex_xxx_video_k_s_0.jpg[/IMG][/URL]<BR><BR><BR>","1391","1677","3613","1374"
"","[URL=http://pimpandhost.com/image/54988580-original.html][IMG]http://ist3-1.filesor.com/pimpandhost.com/1/_/_/_/1/3/I/J/2/3IJ2A/0049_cuckold_sex_xxx_video_C_s.jpg[/IMG][/URL]<BR><BR>[b]Cuckold, Amateur, Sex wife, MILFs, Cheating house-wife, [/b]<BR><BR><BR>[b]0049_cuckold_sex_xxx_video_C[/b]<BR>MPEG-4 | Size: 209 MiB | Duration: 19mn 25s | 720x400<BR><BR>[b]~> Download video from KEEP2SHARE <~<BR>[url=http://k2s.cc/file/545af078711af/0049_cuckold_sex_xxx_video_C.mp4]0049_cuckold_sex_xxx_video_C.mp4[/url][/b]<BR><BR>More screenshots:<BR>[URL=http://pimpandhost.com/image/54988442-medium.html][IMG]http://ist3-1.filesor.com/pimpandhost.com/1/_/_/_/1/3/I/J/0/3IJ0m/0049_cuckold_sex_xxx_video_C_s_0.jpg[/IMG][/URL]<BR><BR><BR>","1374","1759","3620","1345"
"","[URL=http://pimpandhost.com/image/54988581-original.html][IMG]http://ist3-2.filesor.com/pimpandhost.com/1/_/_/_/1/3/I/J/2/3IJ2B/0050_cuckold_sex_xxx_video_s_s.jpg[/IMG][/URL]<BR><BR>[b]Cuckold, Amateur, Sex wife, MILFs, Cheating house-wife, [/b]<BR><BR><BR>[b]0050_cuckold_sex_xxx_video_s[/b]<BR>MPEG-4 | Size: 161 MiB | Duration: 32mn 5s | 624x480<BR><BR>[b]~> Download video from KEEP2SHARE <~<BR>[url=http://k2s.cc/file/fdc43936a8cfd/0050_cuckold_sex_xxx_video_s.mp4]0050_cuckold_sex_xxx_video_s.mp4[/url][/b]<BR><BR>More screenshots:<BR>[URL=http://pimpandhost.com/image/54988443-medium.html][IMG]http://ist3-2.filesor.com/pimpandhost.com/1/_/_/_/1/3/I/J/0/3IJ0n/0050_cuckold_sex_xxx_video_s_s_0.jpg[/IMG][/URL]<BR><BR><BR>","1307","2260","3508","1376"
"","[URL=http://pimpandhost.com/image/54988583-original.html][IMG]http://ist3-1.filesor.com/pimpandhost.com/1/_/_/_/1/3/I/J/2/3IJ2D/0051_cuckold_sex_xxx_video_C_s.jpg[/IMG][/URL]<BR><BR>[b]Cuckold, Amateur, Sex wife, MILFs, Cheating house-wife, [/b]<BR><BR><BR>[b]0051_cuckold_sex_xxx_video_C[/b]<BR>MPEG-4 | Size: 88.6 MiB | Duration: 21mn 26s | 320x240<BR><BR>[b]~> Download video from KEEP2SHARE <~<BR>[url=http://k2s.cc/file/d3eea57b2732b/0051_cuckold_sex_xxx_video_C.mp4]0051_cuckold_sex_xxx_video_C.mp4[/url][/b]<BR><BR>More screenshots:<BR>[URL=http://pimpandhost.com/image/54988444-medium.html][IMG]http://ist3-2.filesor.com/pimpandhost.com/1/_/_/_/1/3/I/J/0/3IJ0o/0051_cuckold_sex_xxx_video_C_s_0.jpg[/IMG][/URL]<BR><BR><BR>","1373","2094","3598","1380"
"","[URL=http://pimpandhost.com/image/54988585-original.html][IMG]http://ist3-2.filesor.com/pimpandhost.com/1/_/_/_/1/3/I/J/2/3IJ2F/0052_cuckold_sex_xxx_video_s_s.jpg[/IMG][/URL]<BR><BR>[b]Cuckold, Amateur, Sex wife, MILFs, Cheating house-wife, [/b]<BR><BR><BR>[b]0052_cuckold_sex_xxx_video_s[/b]<BR>MPEG-4 | Size: 312 MiB | Duration: 30mn 20s | 640x416<BR><BR>[b]~> Download video from KEEP2SHARE <~<BR>[url=http://k2s.cc/file/47627bce0d65a/0052_cuckold_sex_xxx_video_s.mp4]0052_cuckold_sex_xxx_video_s.mp4[/url][/b]<BR><BR>More screenshots:<BR>[URL=http://pimpandhost.com/image/54988445-medium.html][IMG]http://ist3-2.filesor.com/pimpandhost.com/1/_/_/_/1/3/I/J/0/3IJ0p/0052_cuckold_sex_xxx_video_s_s_0.jpg[/IMG][/URL]<BR><BR><BR>","1398","2034","3680","1303"
"","[URL=http://pimpandhost.com/image/54988586-original.html][IMG]http://ist3-1.filesor.com/pimpandhost.com/1/_/_/_/1/3/I/J/2/3IJ2G/0053_cuckold_sex_xxx_video_s_s.jpg[/IMG][/URL]<BR><BR>[b]Cuckold, Amateur, Sex wife, MILFs, Cheating house-wife, [/b]<BR><BR><BR>[b]0053_cuckold_sex_xxx_video_s[/b]<BR>Windows Media | Size: 284 MiB | Duration: 29mn 10s | 640x400<BR><BR>[b]~> Download video from KEEP2SHARE <~<BR>[url=http://k2s.cc/file/5f3864c5545d2/0053_cuckold_sex_xxx_video_s.wmv]0053_cuckold_sex_xxx_video_s.wmv[/url][/b]<BR><BR>More screenshots:<BR>[URL=http://pimpandhost.com/image/54988446-medium.html][IMG]http://ist3-1.filesor.com/pimpandhost.com/1/_/_/_/1/3/I/J/0/3IJ0q/0053_cuckold_sex_xxx_video_s_s_0.jpg[/IMG][/URL]<BR><BR><BR>","1398","1972","3502","1354"
"","[URL=http://pimpandhost.com/image/54988588-original.html][IMG]http://ist3-1.filesor.com/pimpandhost.com/1/_/_/_/1/3/I/J/2/3IJ2I/0054_cuckold_sex_xxx_video_g_s.jpg[/IMG][/URL]<BR><BR>[b]Cuckold, Amateur, Sex wife, MILFs, Cheating house-wife, [/b]<BR><BR><BR>[b]0054_cuckold_sex_xxx_video_g[/b]<BR>Windows Media | Size: 370 MiB | Duration: 38mn 2s | 640x432<BR><BR>[b]~> Download video from KEEP2SHARE <~<BR>[url=http://k2s.cc/file/20c17fda68e6a/0054_cuckold_sex_xxx_video_g.wmv]0054_cuckold_sex_xxx_video_g.wmv[/url][/b]<BR><BR>More screenshots:<BR>[URL=http://pimpandhost.com/image/54988447-medium.html][IMG]http://ist3-2.filesor.com/pimpandhost.com/1/_/_/_/1/3/I/J/0/3IJ0r/0054_cuckold_sex_xxx_video_g_s_0.jpg[/IMG][/URL]<BR><BR><BR>","1379","2224","3632","1305"
"","[URL=http://pimpandhost.com/image/54988589-original.html][IMG]http://ist3-1.filesor.com/pimpandhost.com/1/_/_/_/1/3/I/J/2/3IJ2J/0055_cuckold_sex_xxx_video_s_s.jpg[/IMG][/URL]<BR><BR>[b]Cuckold, Amateur, Sex wife, MILFs, Cheating house-wife, [/b]<BR><BR><BR>[b]0055_cuckold_sex_xxx_video_s[/b]<BR>MPEG-4 | Size: 220 MiB | Duration: 31mn 9s | 576x320<BR><BR>[b]~> Download video from KEEP2SHARE <~<BR>[url=http://k2s.cc/file/c9e8940429287/0055_cuckold_sex_xxx_video_s.mp4]0055_cuckold_sex_xxx_video_s.mp4[/url][/b]<BR><BR>More screenshots:<BR>[URL=http://pimpandhost.com/image/54988452-medium.html][IMG]http://ist3-2.filesor.com/pimpandhost.com/1/_/_/_/1/3/I/J/0/3IJ0w/0055_cuckold_sex_xxx_video_s_s_0.jpg[/IMG][/URL]<BR><BR><BR>","1385","2129","3540","1375"
"","[URL=http://pimpandhost.com/image/54988590-original.html][IMG]http://ist3-1.filesor.com/pimpandhost.com/1/_/_/_/1/3/I/J/2/3IJ2K/0056_cuckold_sex_xxx_video_s_s.jpg[/IMG][/URL]<BR><BR>[b]Cuckold, Amateur, Sex wife, MILFs, Cheating house-wife, [/b]<BR><BR><BR>[b]0056_cuckold_sex_xxx_video_s[/b]<BR>Windows Media | Size: 78.0 MiB | Duration: 8mn 0s | 704x432<BR><BR>[b]~> Download video from KEEP2SHARE <~<BR>[url=http://k2s.cc/file/b590357993125/0056_cuckold_sex_xxx_video_s.wmv]0056_cuckold_sex_xxx_video_s.wmv[/url][/b]<BR><BR>More screenshots:<BR>[URL=http://pimpandhost.com/image/54988457-medium.html][IMG]http://ist3-1.filesor.com/pimpandhost.com/1/_/_/_/1/3/I/J/0/3IJ0B/0056_cuckold_sex_xxx_video_s_s_0.jpg[/IMG][/URL]<BR><BR><BR>","1390","2187","3597","1363"
"","[URL=http://pimpandhost.com/image/54988594-original.html][IMG]http://ist3-2.filesor.com/pimpandhost.com/1/_/_/_/1/3/I/J/2/3IJ2O/0057_cuckold_sex_xxx_video_s_s.jpg[/IMG][/URL]<BR><BR>[b]Cuckold, Amateur, Sex wife, MILFs, Cheating house-wife, [/b]<BR><BR><BR>[b]0057_cuckold_sex_xxx_video_s[/b]<BR>MPEG-4 | Size: 40.2 MiB | Duration: 10mn 26s | 512x384<BR><BR>[b]~> Download video from KEEP2SHARE <~<BR>[url=http://k2s.cc/file/bde26b8048179/0057_cuckold_sex_xxx_video_s.mp4]0057_cuckold_sex_xxx_video_s.mp4[/url][/b]<BR><BR>More screenshots:<BR>[URL=http://pimpandhost.com/image/54988458-medium.html][IMG]http://ist3-1.filesor.com/pimpandhost.com/1/_/_/_/1/3/I/J/0/3IJ0C/0057_cuckold_sex_xxx_video_s_s_0.jpg[/IMG][/URL]<BR><BR><BR>","1305","1578","3517","1313"
"","[URL=http://pimpandhost.com/image/54988595-original.html][IMG]http://ist3-2.filesor.com/pimpandhost.com/1/_/_/_/1/3/I/J/2/3IJ2P/0058_cuckold_sex_xxx_video_s_s.jpg[/IMG][/URL]<BR><BR>[b]Cuckold, Amateur, Sex wife, MILFs, Cheating house-wife, [/b]<BR><BR><BR>[b]0058_cuckold_sex_xxx_video_s[/b]<BR>MPEG-4 | Size: 173 MiB | Duration: 21mn 49s | 576x320<BR><BR>[b]~> Download video from KEEP2SHARE <~<BR>[url=http://k2s.cc/file/2f057d7b39b33/0058_cuckold_sex_xxx_video_s.mp4]0058_cuckold_sex_xxx_video_s.mp4[/url][/b]<BR><BR>More screenshots:<BR>[URL=http://pimpandhost.com/image/54988459-medium.html][IMG]http://ist3-2.filesor.com/pimpandhost.com/1/_/_/_/1/3/I/J/0/3IJ0D/0058_cuckold_sex_xxx_video_s_s_0.jpg[/IMG][/URL]<BR><BR><BR>","1394","1617","3678","1366"
"","[URL=http://pimpandhost.com/image/54988597-original.html][IMG]http://ist3-1.filesor.com/pimpandhost.com/1/_/_/_/1/3/I/J/2/3IJ2R/0059_cuckold_sex_xxx_video_s_s.jpg[/IMG][/URL]<BR><BR>[b]Cuckold, Amateur, Sex wife, MILFs, Cheating house-wife, [/b]<BR><BR><BR>[b]0059_cuckold_sex_xxx_video_s[/b]<BR>MPEG-4 | Size: 161 MiB | Duration: 15mn 41s | 640x416<BR><BR>[b]~> Download video from KEEP2SHARE <~<BR>[url=http://k2s.cc/file/47430bf2f6509/0059_cuckold_sex_xxx_video_s.mp4]0059_cuckold_sex_xxx_video_s.mp4[/url][/b]<BR><BR>More screenshots:<BR>[URL=http://pimpandhost.com/image/54988460-medium.html][IMG]http://ist3-2.filesor.com/pimpandhost.com/1/_/_/_/1/3/I/J/0/3IJ0E/0059_cuckold_sex_xxx_video_s_s_0.jpg[/IMG][/URL]<BR><BR><BR>","1379","1842","3591","1377"
"","[URL=http://pimpandhost.com/image/54988598-original.html][IMG]http://ist3-2.filesor.com/pimpandhost.com/1/_/_/_/1/3/I/J/2/3IJ2S/0060_cuckold_sex_xxx_video_d_s.jpg[/IMG][/URL]<BR><BR>[b]Cuckold, Amateur, Sex wife, MILFs, Cheating house-wife, [/b]<BR><BR><BR>[b]0060_cuckold_sex_xxx_video_d[/b]<BR>AVI | Size: 27.3 MiB | Duration: 3mn 21s | 640x480<BR><BR>[b]~> Download video from KEEP2SHARE <~<BR>[url=http://k2s.cc/file/800dfea3a2807/0060_cuckold_sex_xxx_video_d.avi]0060_cuckold_sex_xxx_video_d.avi[/url][/b]<BR><BR>More screenshots:<BR>[URL=http://pimpandhost.com/image/54988461-medium.html][IMG]http://ist3-1.filesor.com/pimpandhost.com/1/_/_/_/1/3/I/J/0/3IJ0F/0060_cuckold_sex_xxx_video_d_s_0.jpg[/IMG][/URL]<BR><BR><BR>","1398","1818","3661","1395"
"","[URL=http://pimpandhost.com/image/54988599-original.html][IMG]http://ist3-1.filesor.com/pimpandhost.com/1/_/_/_/1/3/I/J/2/3IJ2T/0061_cuckold_sex_xxx_video_s_s.jpg[/IMG][/URL]<BR><BR>[b]Cuckold, Amateur, Sex wife, MILFs, Cheating house-wife, [/b]<BR><BR><BR>[b]0061_cuckold_sex_xxx_video_s[/b]<BR>MPEG-4 | Size: 439 MiB | Duration: 53mn 27s | 576x320<BR><BR>[b]~> Download video from KEEP2SHARE <~<BR>[url=http://k2s.cc/file/3a63c04a317d8/0061_cuckold_sex_xxx_video_s.mp4]0061_cuckold_sex_xxx_video_s.mp4[/url][/b]<BR><BR>More screenshots:<BR>[URL=http://pimpandhost.com/image/54988462-medium.html][IMG]http://ist3-1.filesor.com/pimpandhost.com/1/_/_/_/1/3/I/J/0/3IJ0G/0061_cuckold_sex_xxx_video_s_s_0.jpg[/IMG][/URL]<BR><BR><BR>","1388","2231","3598","1367"
"","[URL=http://pimpandhost.com/image/54988600-original.html][IMG]http://ist3-1.filesor.com/pimpandhost.com/1/_/_/_/1/3/I/J/2/3IJ2U/0062_cuckold_sex_xxx_video_1_s.jpg[/IMG][/URL]<BR><BR>[b]Cuckold, Amateur, Sex wife, MILFs, Cheating house-wife, [/b]<BR><BR><BR>[b]0062_cuckold_sex_xxx_video_1[/b]<BR>MPEG-4 | Size: 24.5 MiB | Duration: 3mn 30s | 640x416<BR><BR>[b]~> Download video from KEEP2SHARE <~<BR>[url=http://k2s.cc/file/ce0af9d52aaf4/0062_cuckold_sex_xxx_video_1.mp4]0062_cuckold_sex_xxx_video_1.mp4[/url][/b]<BR><BR>More screenshots:<BR>[URL=http://pimpandhost.com/image/54988463-medium.html][IMG]http://ist3-1.filesor.com/pimpandhost.com/1/_/_/_/1/3/I/J/0/3IJ0H/0062_cuckold_sex_xxx_video_1_s_0.jpg[/IMG][/URL]<BR><BR><BR>","1362","1631","3645","1346"
"","[URL=http://pimpandhost.com/image/54988601-original.html][IMG]http://ist3-2.filesor.com/pimpandhost.com/1/_/_/_/1/3/I/J/2/3IJ2V/0063_cuckold_sex_xxx_video_r_s.jpg[/IMG][/URL]<BR><BR>[b]Cuckold, Amateur, Sex wife, MILFs, Cheating house-wife, [/b]<BR><BR><BR>[b]0063_cuckold_sex_xxx_video_r[/b]<BR>Windows Media | Size: 101 MiB | Duration: 10mn 25s | 640x416<BR><BR>[b]~> Download video from KEEP2SHARE <~<BR>[url=http://k2s.cc/file/f564516d4b8cf/0063_cuckold_sex_xxx_video_r.wmv]0063_cuckold_sex_xxx_video_r.wmv[/url][/b]<BR><BR>More screenshots:<BR>[URL=http://pimpandhost.com/image/54988464-medium.html][IMG]http://ist3-2.filesor.com/pimpandhost.com/1/_/_/_/1/3/I/J/0/3IJ0I/0063_cuckold_sex_xxx_video_r_s_0.jpg[/IMG][/URL]<BR><BR><BR>","1385","2333","3543","1374"
"","[URL=http://pimpandhost.com/image/54988602-original.html][IMG]http://ist3-1.filesor.com/pimpandhost.com/1/_/_/_/1/3/I/J/2/3IJ2W/0064_cuckold_sex_xxx_video_g_s.jpg[/IMG][/URL]<BR><BR>[b]Cuckold, Amateur, Sex wife, MILFs, Cheating house-wife, [/b]<BR><BR><BR>[b]0064_cuckold_sex_xxx_video_g[/b]<BR>MPEG-4 | Size: 412 MiB | Duration: 34mn 52s | 768x432<BR><BR>[b]~> Download video from KEEP2SHARE <~<BR>[url=http://k2s.cc/file/029fc962dc642/0064_cuckold_sex_xxx_video_g.mp4]0064_cuckold_sex_xxx_video_g.mp4[/url][/b]<BR><BR>More screenshots:<BR>[URL=http://pimpandhost.com/image/54988465-medium.html][IMG]http://ist3-2.filesor.com/pimpandhost.com/1/_/_/_/1/3/I/J/0/3IJ0J/0064_cuckold_sex_xxx_video_g_s_0.jpg[/IMG][/URL]<BR><BR><BR>","1369","2132","3575","1374"
"","[URL=http://pimpandhost.com/image/54988603-original.html][IMG]http://ist3-2.filesor.com/pimpandhost.com/1/_/_/_/1/3/I/J/2/3IJ2X/0065_cuckold_sex_xxx_video_s_s.jpg[/IMG][/URL]<BR><BR>[b]Cuckold, Amateur, Sex wife, MILFs, Cheating house-wife, [/b]<BR><BR><BR>[b]0065_cuckold_sex_xxx_video_s[/b]<BR>MPEG-4 | Size: 236 MiB | Duration: 19mn 31s | 720x480<BR><BR>[b]~> Download video from KEEP2SHARE <~<BR>[url=http://k2s.cc/file/d8672c726126f/0065_cuckold_sex_xxx_video_s.mp4]0065_cuckold_sex_xxx_video_s.mp4[/url][/b]<BR><BR>More screenshots:<BR>[URL=http://pimpandhost.com/image/54988466-medium.html][IMG]http://ist3-2.filesor.com/pimpandhost.com/1/_/_/_/1/3/I/J/0/3IJ0K/0065_cuckold_sex_xxx_video_s_s_0.jpg[/IMG][/URL]<BR><BR><BR>","1379","1914","3675","1372"
"","[URL=http://pimpandhost.com/image/54988604-original.html][IMG]http://ist3-1.filesor.com/pimpandhost.com/1/_/_/_/1/3/I/J/2/3IJ2Y/0066_cuckold_sex_xxx_video_s_s.jpg[/IMG][/URL]<BR><BR>[b]Cuckold, Amateur, Sex wife, MILFs, Cheating house-wife, [/b]<BR><BR><BR>[b]0066_cuckold_sex_xxx_video_s[/b]<BR>MPEG-4 | Size: 268 MiB | Duration: 33mn 21s | 576x320<BR><BR>[b]~> Download video from KEEP2SHARE <~<BR>[url=http://k2s.cc/file/db01d8c3c0b9a/0066_cuckold_sex_xxx_video_s.mp4]0066_cuckold_sex_xxx_video_s.mp4[/url][/b]<BR><BR>More screenshots:<BR>[URL=http://pimpandhost.com/image/54988467-medium.html][IMG]http://ist3-1.filesor.com/pimpandhost.com/1/_/_/_/1/3/I/J/0/3IJ0L/0066_cuckold_sex_xxx_video_s_s_0.jpg[/IMG][/URL]<BR><BR><BR>","1359","2185","3576","1338"
"","[URL=http://pimpandhost.com/image/54988605-original.html][IMG]http://ist3-2.filesor.com/pimpandhost.com/1/_/_/_/1/3/I/J/2/3IJ2Z/0067_cuckold_sex_xxx_video_s_s.jpg[/IMG][/URL]<BR><BR>[b]Cuckold, Amateur, Sex wife, MILFs, Cheating house-wife, [/b]<BR><BR><BR>[b]0067_cuckold_sex_xxx_video_s[/b]<BR>MPEG-4 | Size: 396 MiB | Duration: 33mn 29s | 768x432<BR><BR>[b]~> Download video from KEEP2SHARE <~<BR>[url=http://k2s.cc/file/e06d2d07f0f9d/0067_cuckold_sex_xxx_video_s.mp4]0067_cuckold_sex_xxx_video_s.mp4[/url][/b]<BR><BR>More screenshots:<BR>[URL=http://pimpandhost.com/image/54988468-medium.html][IMG]http://ist3-1.filesor.com/pimpandhost.com/1/_/_/_/1/3/I/J/0/3IJ0M/0067_cuckold_sex_xxx_video_s_s_0.jpg[/IMG][/URL]<BR><BR><BR>","1314","2255","3528","1311"
"","[URL=http://pimpandhost.com/image/54988606-original.html][IMG]http://ist3-2.filesor.com/pimpandhost.com/1/_/_/_/1/3/I/J/3/3IJ30/0068_cuckold_sex_xxx_video_s_s.jpg[/IMG][/URL]<BR><BR>[b]Cuckold, Amateur, Sex wife, MILFs, Cheating house-wife, [/b]<BR><BR><BR>[b]0068_cuckold_sex_xxx_video_s[/b]<BR>MPEG-4 | Size: 81.6 MiB | Duration: 6mn 53s | 768x432<BR><BR>[b]~> Download video from KEEP2SHARE <~<BR>[url=http://k2s.cc/file/2b45102c51450/0068_cuckold_sex_xxx_video_s.mp4]0068_cuckold_sex_xxx_video_s.mp4[/url][/b]<BR><BR>More screenshots:<BR>[URL=http://pimpandhost.com/image/54988469-medium.html][IMG]http://ist3-1.filesor.com/pimpandhost.com/1/_/_/_/1/3/I/J/0/3IJ0N/0068_cuckold_sex_xxx_video_s_s_0.jpg[/IMG][/URL]<BR><BR><BR>","1319","2351","3512","1306"
"","[URL=http://pimpandhost.com/image/54988607-original.html][IMG]http://ist3-2.filesor.com/pimpandhost.com/1/_/_/_/1/3/I/J/3/3IJ31/0069_cuckold_sex_xxx_video_1_s.jpg[/IMG][/URL]<BR><BR>[b]Cuckold, Amateur, Sex wife, MILFs, Cheating house-wife, [/b]<BR><BR><BR>[b]0069_cuckold_sex_xxx_video_1[/b]<BR>MPEG-4 | Size: 69.2 MiB | Duration: 6mn 20s | 720x480<BR><BR>[b]~> Download video from KEEP2SHARE <~<BR>[url=http://k2s.cc/file/3d907b422f051/0069_cuckold_sex_xxx_video_1.mp4]0069_cuckold_sex_xxx_video_1.mp4[/url][/b]<BR><BR>More screenshots:<BR>[URL=http://pimpandhost.com/image/54988470-medium.html][IMG]http://ist3-1.filesor.com/pimpandhost.com/1/_/_/_/1/3/I/J/0/3IJ0O/0069_cuckold_sex_xxx_video_1_s_0.jpg[/IMG][/URL]<BR><BR><BR>","1376","1997","3648","1337"
"","[URL=http://pimpandhost.com/image/54988608-original.html][IMG]http://ist3-1.filesor.com/pimpandhost.com/1/_/_/_/1/3/I/J/3/3IJ32/0070_cuckold_sex_xxx_video_s_s.jpg[/IMG][/URL]<BR><BR>[b]Cuckold, Amateur, Sex wife, MILFs, Cheating house-wife, [/b]<BR><BR><BR>[b]0070_cuckold_sex_xxx_video_s[/b]<BR>MPEG-4 | Size: 366 MiB | Duration: 45mn 34s | 576x320<BR><BR>[b]~> Download video from KEEP2SHARE <~<BR>[url=http://k2s.cc/file/d99b7b8e238cb/0070_cuckold_sex_xxx_video_s.mp4]0070_cuckold_sex_xxx_video_s.mp4[/url][/b]<BR><BR>More screenshots:<BR>[URL=http://pimpandhost.com/image/54988471-medium.html][IMG]http://ist3-2.filesor.com/pimpandhost.com/1/_/_/_/1/3/I/J/0/3IJ0P/0070_cuckold_sex_xxx_video_s_s_0.jpg[/IMG][/URL]<BR><BR><BR>","1370","1916","3668","1354"
"","[URL=http://pimpandhost.com/image/54988609-original.html][IMG]http://ist3-2.filesor.com/pimpandhost.com/1/_/_/_/1/3/I/J/3/3IJ33/0071_cuckold_sex_xxx_video_h_s.jpg[/IMG][/URL]<BR><BR>[b]Cuckold, Amateur, Sex wife, MILFs, Cheating house-wife, [/b]<BR><BR><BR>[b]0071_cuckold_sex_xxx_video_h[/b]<BR>MPEG-4 | Size: 319 MiB | Duration: 27mn 0s | 768x432<BR><BR>[b]~> Download video from KEEP2SHARE <~<BR>[url=http://k2s.cc/file/a48fdcbc9cba1/0071_cuckold_sex_xxx_video_h.mp4]0071_cuckold_sex_xxx_video_h.mp4[/url][/b]<BR><BR>More screenshots:<BR>[URL=http://pimpandhost.com/image/54988472-medium.html][IMG]http://ist3-1.filesor.com/pimpandhost.com/1/_/_/_/1/3/I/J/0/3IJ0Q/0071_cuckold_sex_xxx_video_h_s_0.jpg[/IMG][/URL]<BR><BR><BR>","1339","1548","3557","1307"
"","[URL=http://pimpandhost.com/image/54988610-original.html][IMG]http://ist3-2.filesor.com/pimpandhost.com/1/_/_/_/1/3/I/J/3/3IJ34/0072_cuckold_sex_xxx_video_d_s.jpg[/IMG][/URL]<BR><BR>[b]Cuckold, Amateur, Sex wife, MILFs, Cheating house-wife, [/b]<BR><BR><BR>[b]0072_cuckold_sex_xxx_video_d[/b]<BR>MPEG-4 | Size: 171 MiB | Duration: 14mn 55s | 768x432<BR><BR>[b]~> Download video from KEEP2SHARE <~<BR>[url=http://k2s.cc/file/1c3aa3e3a5053/0072_cuckold_sex_xxx_video_d.mp4]0072_cuckold_sex_xxx_video_d.mp4[/url][/b]<BR><BR>More screenshots:<BR>[URL=http://pimpandhost.com/image/54988473-medium.html][IMG]http://ist3-1.filesor.com/pimpandhost.com/1/_/_/_/1/3/I/J/0/3IJ0R/0072_cuckold_sex_xxx_video_d_s_0.jpg[/IMG][/URL]<BR><BR><BR>","1376","2092","3664","1354"
"","[URL=http://pimpandhost.com/image/54988611-original.html][IMG]http://ist3-1.filesor.com/pimpandhost.com/1/_/_/_/1/3/I/J/3/3IJ35/0073_cuckold_sex_xxx_video_e_s.jpg[/IMG][/URL]<BR><BR>[b]Cuckold, Amateur, Sex wife, MILFs, Cheating house-wife, [/b]<BR><BR><BR>[b]0073_cuckold_sex_xxx_video_e[/b]<BR>MPEG-4 | Size: 196 MiB | Duration: 18mn 13s | 720x400<BR><BR>[b]~> Download video from KEEP2SHARE <~<BR>[url=http://k2s.cc/file/de2c3cfaecd66/0073_cuckold_sex_xxx_video_e.mp4]0073_cuckold_sex_xxx_video_e.mp4[/url][/b]<BR><BR>More screenshots:<BR>[URL=http://pimpandhost.com/image/54988474-medium.html][IMG]http://ist3-2.filesor.com/pimpandhost.com/1/_/_/_/1/3/I/J/0/3IJ0S/0073_cuckold_sex_xxx_video_e_s_0.jpg[/IMG][/URL]<BR><BR><BR>","1311","2120","3552","1371"
"","[URL=http://pimpandhost.com/image/54988612-original.html][IMG]http://ist3-1.filesor.com/pimpandhost.com/1/_/_/_/1/3/I/J/3/3IJ36/0074_cuckold_sex_xxx_video_s_s.jpg[/IMG][/URL]<BR><BR>[b]Cuckold, Amateur, Sex wife, MILFs, Cheating house-wife, [/b]<BR><BR><BR>[b]0074_cuckold_sex_xxx_video_s[/b]<BR>MPEG-4 | Size: 251 MiB | Duration: 21mn 11s | 768x432<BR><BR>[b]~> Download video from KEEP2SHARE <~<BR>[url=http://k2s.cc/file/f9fe087a8fe16/0074_cuckold_sex_xxx_video_s.mp4]0074_cuckold_sex_xxx_video_s.mp4[/url][/b]<BR><BR>More screenshots:<BR>[URL=http://pimpandhost.com/image/54988475-medium.html][IMG]http://ist3-2.filesor.com/pimpandhost.com/1/_/_/_/1/3/I/J/0/3IJ0T/0074_cuckold_sex_xxx_video_s_s_0.jpg[/IMG][/URL]<BR><BR><BR>","1345","2080","3517","1359"
"","[URL=http://pimpandhost.com/image/54988613-original.html][IMG]http://ist3-2.filesor.com/pimpandhost.com/1/_/_/_/1/3/I/J/3/3IJ37/0075_cuckold_sex_xxx_video_y_s.jpg[/IMG][/URL]<BR><BR>[b]Cuckold, Amateur, Sex wife, MILFs, Cheating house-wife, [/b]<BR><BR><BR>[b]0075_cuckold_sex_xxx_video_y[/b]<BR>MPEG-4 | Size: 17.4 MiB | Duration: 2mn 19s | 576x320<BR><BR>[b]~> Download video from KEEP2SHARE <~<BR>[url=http://k2s.cc/file/2f10c20714279/0075_cuckold_sex_xxx_video_y.mp4]0075_cuckold_sex_xxx_video_y.mp4[/url][/b]<BR><BR>More screenshots:<BR>[URL=http://pimpandhost.com/image/54988476-medium.html][IMG]http://ist3-2.filesor.com/pimpandhost.com/1/_/_/_/1/3/I/J/0/3IJ0U/0075_cuckold_sex_xxx_video_y_s_0.jpg[/IMG][/URL]<BR><BR><BR>","1348","1708","3641","1368"
"","[URL=http://pimpandhost.com/image/54988614-original.html][IMG]http://ist3-1.filesor.com/pimpandhost.com/1/_/_/_/1/3/I/J/3/3IJ38/0076_cuckold_sex_xxx_video_n_s.jpg[/IMG][/URL]<BR><BR>[b]Cuckold, Amateur, Sex wife, MILFs, Cheating house-wife, [/b]<BR><BR><BR>[b]0076_cuckold_sex_xxx_video_n[/b]<BR>MPEG-PS | Size: 226 MiB | Duration: 20mn 0s | 640x480<BR><BR>[b]~> Download video from KEEP2SHARE <~<BR>[url=http://k2s.cc/file/9d0b412b8186a/0076_cuckold_sex_xxx_video_n.mpg]0076_cuckold_sex_xxx_video_n.mpg[/url][/b]<BR><BR>More screenshots:<BR>[URL=http://pimpandhost.com/image/54988478-medium.html][IMG]http://ist3-2.filesor.com/pimpandhost.com/1/_/_/_/1/3/I/J/0/3IJ0W/0076_cuckold_sex_xxx_video_n_s_0.jpg[/IMG][/URL]<BR><BR><BR>","1317","2192","3649","1394"
"","[URL=http://pimpandhost.com/image/54988615-original.html][IMG]http://ist3-1.filesor.com/pimpandhost.com/1/_/_/_/1/3/I/J/3/3IJ39/0078_cuckold_sex_xxx_video_V_s.jpg[/IMG][/URL]<BR><BR>[b]Cuckold, Amateur, Sex wife, MILFs, Cheating house-wife, [/b]<BR><BR><BR>[b]0078_cuckold_sex_xxx_video_V[/b]<BR>Windows Media | Size: 35.3 MiB | Duration: 3mn 36s | 640x480<BR><BR>[b]~> Download video from KEEP2SHARE <~<BR>[url=http://k2s.cc/file/d34bcf0136c2e/0078_cuckold_sex_xxx_video_V.wmv]0078_cuckold_sex_xxx_video_V.wmv[/url][/b]<BR><BR>More screenshots:<BR>[URL=http://pimpandhost.com/image/54988479-medium.html][IMG]http://ist3-1.filesor.com/pimpandhost.com/1/_/_/_/1/3/I/J/0/3IJ0X/0078_cuckold_sex_xxx_video_V_s_0.jpg[/IMG][/URL]<BR><BR><BR>","1332","1931","3561","1301"
"","[URL=http://pimpandhost.com/image/54988616-original.html][IMG]http://ist3-2.filesor.com/pimpandhost.com/1/_/_/_/1/3/I/J/3/3IJ3a/0079_cuckold_sex_xxx_video_d_s.jpg[/IMG][/URL]<BR><BR>[b]Cuckold, Amateur, Sex wife, MILFs, Cheating house-wife, [/b]<BR><BR><BR>[b]0079_cuckold_sex_xxx_video_d[/b]<BR>AVI | Size: 270 MiB | Duration: 17mn 32s | 576x432<BR><BR>[b]~> Download video from KEEP2SHARE <~<BR>[url=http://k2s.cc/file/90f34973809c0/0079_cuckold_sex_xxx_video_d.avi]0079_cuckold_sex_xxx_video_d.avi[/url][/b]<BR><BR>More screenshots:<BR>[URL=http://pimpandhost.com/image/54988482-medium.html][IMG]http://ist3-1.filesor.com/pimpandhost.com/1/_/_/_/1/3/I/J/1/3IJ10/0079_cuckold_sex_xxx_video_d_s_0.jpg[/IMG][/URL]<BR><BR><BR>","1395","1631","3613","1333"
"","[URL=http://pimpandhost.com/image/54988617-original.html][IMG]http://ist3-1.filesor.com/pimpandhost.com/1/_/_/_/1/3/I/J/3/3IJ3b/0080_cuckold_sex_xxx_video_s_s.jpg[/IMG][/URL]<BR><BR>[b]Cuckold, Amateur, Sex wife, MILFs, Cheating house-wife, [/b]<BR><BR><BR>[b]0080_cuckold_sex_xxx_video_s[/b]<BR>MPEG-4 | Size: 71.0 MiB | Duration: 6mn 20s | 768x432<BR><BR>[b]~> Download video from KEEP2SHARE <~<BR>[url=http://k2s.cc/file/b7ba5fe10298b/0080_cuckold_sex_xxx_video_s.mp4]0080_cuckold_sex_xxx_video_s.mp4[/url][/b]<BR><BR>More screenshots:<BR>[URL=http://pimpandhost.com/image/54988484-medium.html][IMG]http://ist3-2.filesor.com/pimpandhost.com/1/_/_/_/1/3/I/J/1/3IJ12/0080_cuckold_sex_xxx_video_s_s_0.jpg[/IMG][/URL]<BR><BR><BR>","1320","2262","3581","1396"
"","[URL=http://pimpandhost.com/image/54988618-original.html][IMG]http://ist3-2.filesor.com/pimpandhost.com/1/_/_/_/1/3/I/J/3/3IJ3c/0081_cuckold_sex_xxx_video_l_s.jpg[/IMG][/URL]<BR><BR>[b]Cuckold, Amateur, Sex wife, MILFs, Cheating house-wife, [/b]<BR><BR><BR>[b]0081_cuckold_sex_xxx_video_l[/b]<BR>MPEG-4 | Size: 184 MiB | Duration: 22mn 57s | 576x320<BR><BR>[b]~> Download video from KEEP2SHARE <~<BR>[url=http://k2s.cc/file/7f003c2e9287c/0081_cuckold_sex_xxx_video_l.mp4]0081_cuckold_sex_xxx_video_l.mp4[/url][/b]<BR><BR>More screenshots:<BR>[URL=http://pimpandhost.com/image/54988485-medium.html][IMG]http://ist3-1.filesor.com/pimpandhost.com/1/_/_/_/1/3/I/J/1/3IJ13/0081_cuckold_sex_xxx_video_l_s_0.jpg[/IMG][/URL]<BR><BR><BR>","1350","1701","3600","1362"
"","[URL=http://pimpandhost.com/image/54988619-original.html][IMG]http://ist3-1.filesor.com/pimpandhost.com/1/_/_/_/1/3/I/J/3/3IJ3d/0082_cuckold_sex_xxx_video_r_s.jpg[/IMG][/URL]<BR><BR>[b]Cuckold, Amateur, Sex wife, MILFs, Cheating house-wife, [/b]<BR><BR><BR>[b]0082_cuckold_sex_xxx_video_r[/b]<BR>MPEG-4 | Size: 235 MiB | Duration: 20mn 23s | 768x432<BR><BR>[b]~> Download video from KEEP2SHARE <~<BR>[url=http://k2s.cc/file/93e28e65e2842/0082_cuckold_sex_xxx_video_r.mp4]0082_cuckold_sex_xxx_video_r.mp4[/url][/b]<BR><BR>More screenshots:<BR>[URL=http://pimpandhost.com/image/54988486-medium.html][IMG]http://ist3-1.filesor.com/pimpandhost.com/1/_/_/_/1/3/I/J/1/3IJ14/0082_cuckold_sex_xxx_video_r_s_0.jpg[/IMG][/URL]<BR><BR><BR>","1392","2186","3566","1336"
"","[URL=http://pimpandhost.com/image/54988620-original.html][IMG]http://ist3-1.filesor.com/pimpandhost.com/1/_/_/_/1/3/I/J/3/3IJ3e/0083_cuckold_sex_xxx_video_r_s.jpg[/IMG][/URL]<BR><BR>[b]Cuckold, Amateur, Sex wife, MILFs, Cheating house-wife, [/b]<BR><BR><BR>[b]0083_cuckold_sex_xxx_video_r[/b]<BR>MPEG-4 | Size: 211 MiB | Duration: 31mn 31s | 768x432<BR><BR>[b]~> Download video from KEEP2SHARE <~<BR>[url=http://k2s.cc/file/2549bc33e6114/0083_cuckold_sex_xxx_video_r.mp4]0083_cuckold_sex_xxx_video_r.mp4[/url][/b]<BR><BR>More screenshots:<BR>[URL=http://pimpandhost.com/image/54988487-medium.html][IMG]http://ist3-1.filesor.com/pimpandhost.com/1/_/_/_/1/3/I/J/1/3IJ15/0083_cuckold_sex_xxx_video_r_s_0.jpg[/IMG][/URL]<BR><BR><BR>","1341","1875","3691","1389"
"","[URL=http://pimpandhost.com/image/54988621-original.html][IMG]http://ist3-1.filesor.com/pimpandhost.com/1/_/_/_/1/3/I/J/3/3IJ3f/0084_cuckold_sex_xxx_video_c_s.jpg[/IMG][/URL]<BR><BR>[b]Cuckold, Amateur, Sex wife, MILFs, Cheating house-wife, [/b]<BR><BR><BR>[b]0084_cuckold_sex_xxx_video_c[/b]<BR>MPEG-4 | Size: 301 MiB | Duration: 29mn 43s | 720x400<BR><BR>[b]~> Download video from KEEP2SHARE <~<BR>[url=http://k2s.cc/file/ca7d35d68e4c0/0084_cuckold_sex_xxx_video_c.mp4]0084_cuckold_sex_xxx_video_c.mp4[/url][/b]<BR><BR>More screenshots:<BR>[URL=http://pimpandhost.com/image/54988488-medium.html][IMG]http://ist3-1.filesor.com/pimpandhost.com/1/_/_/_/1/3/I/J/1/3IJ16/0084_cuckold_sex_xxx_video_c_s_0.jpg[/IMG][/URL]<BR><BR><BR>","1365","2089","3612","1383"
"","[URL=http://pimpandhost.com/image/54988622-original.html][IMG]http://ist3-2.filesor.com/pimpandhost.com/1/_/_/_/1/3/I/J/3/3IJ3g/0085_cuckold_sex_xxx_video_1_s.jpg[/IMG][/URL]<BR><BR>[b]Cuckold, Amateur, Sex wife, MILFs, Cheating house-wife, [/b]<BR><BR><BR>[b]0085_cuckold_sex_xxx_video_1[/b]<BR>MPEG-4 | Size: 246 MiB | Duration: 26mn 46s | 768x432<BR><BR>[b]~> Download video from KEEP2SHARE <~<BR>[url=http://k2s.cc/file/f8a3fbe34387d/0085_cuckold_sex_xxx_video_1.mp4]0085_cuckold_sex_xxx_video_1.mp4[/url][/b]<BR><BR>More screenshots:<BR>[URL=http://pimpandhost.com/image/54988489-medium.html][IMG]http://ist3-1.filesor.com/pimpandhost.com/1/_/_/_/1/3/I/J/1/3IJ17/0085_cuckold_sex_xxx_video_1_s_0.jpg[/IMG][/URL]<BR><BR><BR>","1342","1774","3652","1375"
"","[URL=http://pimpandhost.com/image/54988623-original.html][IMG]http://ist3-2.filesor.com/pimpandhost.com/1/_/_/_/1/3/I/J/3/3IJ3h/0086_cuckold_sex_xxx_video_s_s.jpg[/IMG][/URL]<BR><BR>[b]Cuckold, Amateur, Sex wife, MILFs, Cheating house-wife, [/b]<BR><BR><BR>[b]0086_cuckold_sex_xxx_video_s[/b]<BR>MPEG-4 | Size: 134 MiB | Duration: 11mn 40s | 768x432<BR><BR>[b]~> Download video from KEEP2SHARE <~<BR>[url=http://k2s.cc/file/ad6e68e082d96/0086_cuckold_sex_xxx_video_s.mp4]0086_cuckold_sex_xxx_video_s.mp4[/url][/b]<BR><BR>More screenshots:<BR>[URL=http://pimpandhost.com/image/54988490-medium.html][IMG]http://ist3-2.filesor.com/pimpandhost.com/1/_/_/_/1/3/I/J/1/3IJ18/0086_cuckold_sex_xxx_video_s_s_0.jpg[/IMG][/URL]<BR><BR><BR>","1379","1558","3653","1373"
"","[URL=http://pimpandhost.com/image/54988624-original.html][IMG]http://ist3-2.filesor.com/pimpandhost.com/1/_/_/_/1/3/I/J/3/3IJ3i/0087_cuckold_sex_xxx_video_s_s.jpg[/IMG][/URL]<BR><BR>[b]Cuckold, Amateur, Sex wife, MILFs, Cheating house-wife, [/b]<BR><BR><BR>[b]0087_cuckold_sex_xxx_video_s[/b]<BR>MPEG-4 | Size: 154 MiB | Duration: 13mn 2s | 768x432<BR><BR>[b]~> Download video from KEEP2SHARE <~<BR>[url=http://k2s.cc/file/29056140c5032/0087_cuckold_sex_xxx_video_s.mp4]0087_cuckold_sex_xxx_video_s.mp4[/url][/b]<BR><BR>More screenshots:<BR>[URL=http://pimpandhost.com/image/54988492-medium.html][IMG]http://ist3-2.filesor.com/pimpandhost.com/1/_/_/_/1/3/I/J/1/3IJ1a/0087_cuckold_sex_xxx_video_s_s_0.jpg[/IMG][/URL]<BR><BR><BR>","1321","1793","3511","1341"
"","[URL=http://pimpandhost.com/image/54988625-original.html][IMG]http://ist3-2.filesor.com/pimpandhost.com/1/_/_/_/1/3/I/J/3/3IJ3j/0088_cuckold_sex_xxx_video_m_s.jpg[/IMG][/URL]<BR><BR>[b]Cuckold, Amateur, Sex wife, MILFs, Cheating house-wife, [/b]<BR><BR><BR>[b]0088_cuckold_sex_xxx_video_m[/b]<BR>MPEG-4 | Size: 24.9 MiB | Duration: 2mn 19s | 720x480<BR><BR>[b]~> Download video from KEEP2SHARE <~<BR>[url=http://k2s.cc/file/0c6588abb9e1a/0088_cuckold_sex_xxx_video_m.mp4]0088_cuckold_sex_xxx_video_m.mp4[/url][/b]<BR><BR>More screenshots:<BR>[URL=http://pimpandhost.com/image/54988494-medium.html][IMG]http://ist3-2.filesor.com/pimpandhost.com/1/_/_/_/1/3/I/J/1/3IJ1c/0088_cuckold_sex_xxx_video_m_s_0.jpg[/IMG][/URL]<BR><BR><BR>","1317","1915","3573","1368"
"","[URL=http://pimpandhost.com/image/54988626-original.html][IMG]http://ist3-2.filesor.com/pimpandhost.com/1/_/_/_/1/3/I/J/3/3IJ3k/0089_cuckold_sex_xxx_video_B_s.jpg[/IMG][/URL]<BR><BR>[b]Cuckold, Amateur, Sex wife, MILFs, Cheating house-wife, [/b]<BR><BR><BR>[b]0089_cuckold_sex_xxx_video_B[/b]<BR>MPEG-4 | Size: 278 MiB | Duration: 23mn 31s | 768x432<BR><BR>[b]~> Download video from KEEP2SHARE <~<BR>[url=http://k2s.cc/file/2ecf549ed9ee0/0089_cuckold_sex_xxx_video_B.mp4]0089_cuckold_sex_xxx_video_B.mp4[/url][/b]<BR><BR>More screenshots:<BR>[URL=http://pimpandhost.com/image/54988495-medium.html][IMG]http://ist3-2.filesor.com/pimpandhost.com/1/_/_/_/1/3/I/J/1/3IJ1d/0089_cuckold_sex_xxx_video_B_s_0.jpg[/IMG][/URL]<BR><BR><BR>","1369","2279","3559","1360"
"","[URL=http://pimpandhost.com/image/54988627-original.html][IMG]http://ist3-2.filesor.com/pimpandhost.com/1/_/_/_/1/3/I/J/3/3IJ3l/0090_cuckold_sex_xxx_video_k_s.jpg[/IMG][/URL]<BR><BR>[b]Cuckold, Amateur, Sex wife, MILFs, Cheating house-wife, [/b]<BR><BR><BR>[b]0090_cuckold_sex_xxx_video_k[/b]<BR>MPEG-4 | Size: 305 MiB | Duration: 25mn 7s | 720x480<BR><BR>[b]~> Download video from KEEP2SHARE <~<BR>[url=http://k2s.cc/file/6d7942bf09cd3/0090_cuckold_sex_xxx_video_k.mp4]0090_cuckold_sex_xxx_video_k.mp4[/url][/b]<BR><BR>More screenshots:<BR>[URL=http://pimpandhost.com/image/54988496-medium.html][IMG]http://ist3-2.filesor.com/pimpandhost.com/1/_/_/_/1/3/I/J/1/3IJ1e/0090_cuckold_sex_xxx_video_k_s_0.jpg[/IMG][/URL]<BR><BR><BR>","1363","2064","3692","1303"
"","[URL=http://pimpandhost.com/image/54988629-original.html][IMG]http://ist3-2.filesor.com/pimpandhost.com/1/_/_/_/1/3/I/J/3/3IJ3n/0091_cuckold_sex_xxx_video_y_s.jpg[/IMG][/URL]<BR><BR>[b]Cuckold, Amateur, Sex wife, MILFs, Cheating house-wife, [/b]<BR><BR><BR>[b]0091_cuckold_sex_xxx_video_y[/b]<BR>AVI | Size: 90.1 MiB | Duration: 13mn 44s | 320x240<BR><BR>[b]~> Download video from KEEP2SHARE <~<BR>[url=http://k2s.cc/file/cca181cafd809/0091_cuckold_sex_xxx_video_y.avi]0091_cuckold_sex_xxx_video_y.avi[/url][/b]<BR><BR>More screenshots:<BR>[URL=http://pimpandhost.com/image/54988497-medium.html][IMG]http://ist3-2.filesor.com/pimpandhost.com/1/_/_/_/1/3/I/J/1/3IJ1f/0091_cuckold_sex_xxx_video_y_s_0.jpg[/IMG][/URL]<BR><BR><BR>","1304","2317","3685","1369"
"","[URL=http://pimpandhost.com/image/54988630-original.html][IMG]http://ist3-1.filesor.com/pimpandhost.com/1/_/_/_/1/3/I/J/3/3IJ3o/0092_cuckold_sex_xxx_video_1_s.jpg[/IMG][/URL]<BR><BR>[b]Cuckold, Amateur, Sex wife, MILFs, Cheating house-wife, [/b]<BR><BR><BR>[b]0092_cuckold_sex_xxx_video_1[/b]<BR>MPEG-4 | Size: 86.0 MiB | Duration: 7mn 21s | 768x432<BR><BR>[b]~> Download video from KEEP2SHARE <~<BR>[url=http://k2s.cc/file/6dcb0d08c9d03/0092_cuckold_sex_xxx_video_1.mp4]0092_cuckold_sex_xxx_video_1.mp4[/url][/b]<BR><BR>More screenshots:<BR>[URL=http://pimpandhost.com/image/54988498-medium.html][IMG]http://ist3-1.filesor.com/pimpandhost.com/1/_/_/_/1/3/I/J/1/3IJ1g/0092_cuckold_sex_xxx_video_1_s_0.jpg[/IMG][/URL]<BR><BR><BR>","1356","1935","3603","1399"
"","[URL=http://pimpandhost.com/image/54988631-original.html][IMG]http://ist3-2.filesor.com/pimpandhost.com/1/_/_/_/1/3/I/J/3/3IJ3p/0093_cuckold_sex_xxx_video_3_s.jpg[/IMG][/URL]<BR><BR>[b]Cuckold, Amateur, Sex wife, MILFs, Cheating house-wife, [/b]<BR><BR><BR>[b]0093_cuckold_sex_xxx_video_3[/b]<BR>MPEG-4 | Size: 106 MiB | Duration: 9mn 0s | 768x432<BR><BR>[b]~> Download video from KEEP2SHARE <~<BR>[url=http://k2s.cc/file/460772a1ada3b/0093_cuckold_sex_xxx_video_3.mp4]0093_cuckold_sex_xxx_video_3.mp4[/url][/b]<BR><BR>More screenshots:<BR>[URL=http://pimpandhost.com/image/54988499-medium.html][IMG]http://ist3-1.filesor.com/pimpandhost.com/1/_/_/_/1/3/I/J/1/3IJ1h/0093_cuckold_sex_xxx_video_3_s_0.jpg[/IMG][/URL]<BR><BR><BR>","1379","1745","3646","1357"
"","[URL=http://pimpandhost.com/image/54988633-original.html][IMG]http://ist3-1.filesor.com/pimpandhost.com/1/_/_/_/1/3/I/J/3/3IJ3r/0095_cuckold_sex_xxx_video_e_s.jpg[/IMG][/URL]<BR><BR>[b]Cuckold, Amateur, Sex wife, MILFs, Cheating house-wife, [/b]<BR><BR><BR>[b]0095_cuckold_sex_xxx_video_e[/b]<BR>MPEG-PS | Size: 27.3 MiB | Duration: 5mn 4s | 320x240<BR><BR>[b]~> Download video from KEEP2SHARE <~<BR>[url=http://k2s.cc/file/bf6bc40ece018/0095_cuckold_sex_xxx_video_e.mpg]0095_cuckold_sex_xxx_video_e.mpg[/url][/b]<BR><BR>More screenshots:<BR>[URL=http://pimpandhost.com/image/54988503-medium.html][IMG]http://ist3-1.filesor.com/pimpandhost.com/1/_/_/_/1/3/I/J/1/3IJ1l/0095_cuckold_sex_xxx_video_e_s_0.jpg[/IMG][/URL]<BR><BR><BR>","1334","1941","3559","1355"
"","[URL=http://pimpandhost.com/image/54988634-original.html][IMG]http://ist3-1.filesor.com/pimpandhost.com/1/_/_/_/1/3/I/J/3/3IJ3s/0096_cuckold_sex_xxx_video_e_s.jpg[/IMG][/URL]<BR><BR>[b]Cuckold, Amateur, Sex wife, MILFs, Cheating house-wife, [/b]<BR><BR><BR>[b]0096_cuckold_sex_xxx_video_e[/b]<BR>MPEG-4 | Size: 97.7 MiB | Duration: 13mn 53s | 480x360<BR><BR>[b]~> Download video from KEEP2SHARE <~<BR>[url=http://k2s.cc/file/dae57397cec22/0096_cuckold_sex_xxx_video_e.mp4]0096_cuckold_sex_xxx_video_e.mp4[/url][/b]<BR><BR>More screenshots:<BR>[URL=http://pimpandhost.com/image/54988504-medium.html][IMG]http://ist3-1.filesor.com/pimpandhost.com/1/_/_/_/1/3/I/J/1/3IJ1m/0096_cuckold_sex_xxx_video_e_s_0.jpg[/IMG][/URL]<BR><BR><BR>","1382","1816","3692","1399"
"","[URL=http://pimpandhost.com/image/54988635-original.html][IMG]http://ist3-2.filesor.com/pimpandhost.com/1/_/_/_/1/3/I/J/3/3IJ3t/0097_cuckold_sex_xxx_video_s_s.jpg[/IMG][/URL]<BR><BR>[b]Cuckold, Amateur, Sex wife, MILFs, Cheating house-wife, [/b]<BR><BR><BR>[b]0097_cuckold_sex_xxx_video_s[/b]<BR>MPEG-4 | Size: 126 MiB | Duration: 11mn 11s | 768x432<BR><BR>[b]~> Download video from KEEP2SHARE <~<BR>[url=http://k2s.cc/file/9beea6e2f7abd/0097_cuckold_sex_xxx_video_s.mp4]0097_cuckold_sex_xxx_video_s.mp4[/url][/b]<BR><BR>More screenshots:<BR>[URL=http://pimpandhost.com/image/54988505-medium.html][IMG]http://ist3-2.filesor.com/pimpandhost.com/1/_/_/_/1/3/I/J/1/3IJ1n/0097_cuckold_sex_xxx_video_s_s_0.jpg[/IMG][/URL]<BR><BR><BR>","1382","1793","3633","1350"
"","[URL=http://pimpandhost.com/image/54988636-original.html][IMG]http://ist3-2.filesor.com/pimpandhost.com/1/_/_/_/1/3/I/J/3/3IJ3u/0098_cuckold_sex_xxx_video_s_s.jpg[/IMG][/URL]<BR><BR>[b]Cuckold, Amateur, Sex wife, MILFs, Cheating house-wife, [/b]<BR><BR><BR>[b]0098_cuckold_sex_xxx_video_s[/b]<BR>MPEG-4 | Size: 140 MiB | Duration: 11mn 52s | 768x432<BR><BR>[b]~> Download video from KEEP2SHARE <~<BR>[url=http://k2s.cc/file/276448390d741/0098_cuckold_sex_xxx_video_s.mp4]0098_cuckold_sex_xxx_video_s.mp4[/url][/b]<BR><BR>More screenshots:<BR>[URL=http://pimpandhost.com/image/54988506-medium.html][IMG]http://ist3-1.filesor.com/pimpandhost.com/1/_/_/_/1/3/I/J/1/3IJ1o/0098_cuckold_sex_xxx_video_s_s_0.jpg[/IMG][/URL]<BR><BR><BR>","1319","2365","3518","1382"
"","[URL=http://pimpandhost.com/image/54988637-original.html][IMG]http://ist3-2.filesor.com/pimpandhost.com/1/_/_/_/1/3/I/J/3/3IJ3v/0099_cuckold_sex_xxx_video_y_s.jpg[/IMG][/URL]<BR><BR>[b]Cuckold, Amateur, Sex wife, MILFs, Cheating house-wife, [/b]<BR><BR><BR>[b]0099_cuckold_sex_xxx_video_y[/b]<BR>MPEG-4 | Size: 401 MiB | Duration: 33mn 53s | 768x432<BR><BR>[b]~> Download video from KEEP2SHARE <~<BR>[url=http://k2s.cc/file/4bcd36be3c293/0099_cuckold_sex_xxx_video_y.mp4]0099_cuckold_sex_xxx_video_y.mp4[/url][/b]<BR><BR>More screenshots:<BR>[URL=http://pimpandhost.com/image/54988507-medium.html][IMG]http://ist3-2.filesor.com/pimpandhost.com/1/_/_/_/1/3/I/J/1/3IJ1p/0099_cuckold_sex_xxx_video_y_s_0.jpg[/IMG][/URL]<BR><BR><BR>","1359","1544","3671","1363"
"","[URL=http://pimpandhost.com/image/54988638-original.html][IMG]http://ist3-2.filesor.com/pimpandhost.com/1/_/_/_/1/3/I/J/3/3IJ3w/0100_cuckold_sex_xxx_video_s_s.jpg[/IMG][/URL]<BR><BR>[b]Cuckold, Amateur, Sex wife, MILFs, Cheating house-wife, [/b]<BR><BR><BR>[b]0100_cuckold_sex_xxx_video_s[/b]<BR>MPEG-4 | Size: 131 MiB | Duration: 11mn 4s | 768x432<BR><BR>[b]~> Download video from KEEP2SHARE <~<BR>[url=http://k2s.cc/file/65c7d0469c3f8/0100_cuckold_sex_xxx_video_s.mp4]0100_cuckold_sex_xxx_video_s.mp4[/url][/b]<BR><BR>More screenshots:<BR>[URL=http://pimpandhost.com/image/54988508-medium.html][IMG]http://ist3-1.filesor.com/pimpandhost.com/1/_/_/_/1/3/I/J/1/3IJ1q/0100_cuckold_sex_xxx_video_s_s_0.jpg[/IMG][/URL]<BR><BR><BR>","1396","2195","3564","1352"
"","[URL=http://pimpandhost.com/image/54988639-original.html][IMG]http://ist3-1.filesor.com/pimpandhost.com/1/_/_/_/1/3/I/J/3/3IJ3x/0101_cuckold_sex_xxx_video_s_s.jpg[/IMG][/URL]<BR><BR>[b]Cuckold, Amateur, Sex wife, MILFs, Cheating house-wife, [/b]<BR><BR><BR>[b]0101_cuckold_sex_xxx_video_s[/b]<BR>MPEG-4 | Size: 359 MiB | Duration: 30mn 20s | 768x432<BR><BR>[b]~> Download video from KEEP2SHARE <~<BR>[url=http://k2s.cc/file/1a34d43624baf/0101_cuckold_sex_xxx_video_s.mp4]0101_cuckold_sex_xxx_video_s.mp4[/url][/b]<BR><BR>More screenshots:<BR>[URL=http://pimpandhost.com/image/54988509-medium.html][IMG]http://ist3-1.filesor.com/pimpandhost.com/1/_/_/_/1/3/I/J/1/3IJ1r/0101_cuckold_sex_xxx_video_s_s_0.jpg[/IMG][/URL]<BR><BR><BR>","1325","2251","3600","1304"
"","[URL=http://pimpandhost.com/image/54988641-original.html][IMG]http://ist3-2.filesor.com/pimpandhost.com/1/_/_/_/1/3/I/J/3/3IJ3z/0102_cuckold_sex_xxx_video_s_s.jpg[/IMG][/URL]<BR><BR>[b]Cuckold, Amateur, Sex wife, MILFs, Cheating house-wife, [/b]<BR><BR><BR>[b]0102_cuckold_sex_xxx_video_s[/b]<BR>MPEG-4 | Size: 192 MiB | Duration: 25mn 0s | 480x360<BR><BR>[b]~> Download video from KEEP2SHARE <~<BR>[url=http://k2s.cc/file/e70561bf21bab/0102_cuckold_sex_xxx_video_s.mp4]0102_cuckold_sex_xxx_video_s.mp4[/url][/b]<BR><BR>More screenshots:<BR>[URL=http://pimpandhost.com/image/54988510-medium.html][IMG]http://ist3-2.filesor.com/pimpandhost.com/1/_/_/_/1/3/I/J/1/3IJ1s/0102_cuckold_sex_xxx_video_s_s_0.jpg[/IMG][/URL]<BR><BR><BR>","1310","1706","3623","1344"
"","[URL=http://pimpandhost.com/image/54988643-original.html][IMG]http://ist3-1.filesor.com/pimpandhost.com/1/_/_/_/1/3/I/J/3/3IJ3B/0103_cuckold_sex_xxx_video_C_s.jpg[/IMG][/URL]<BR><BR>[b]Cuckold, Amateur, Sex wife, MILFs, Cheating house-wife, [/b]<BR><BR><BR>[b]0103_cuckold_sex_xxx_video_C[/b]<BR>Windows Media | Size: 125 MiB | Duration: 12mn 55s | 704x352<BR><BR>[b]~> Download video from KEEP2SHARE <~<BR>[url=http://k2s.cc/file/347445f236fa8/0103_cuckold_sex_xxx_video_C.wmv]0103_cuckold_sex_xxx_video_C.wmv[/url][/b]<BR><BR>More screenshots:<BR>[URL=http://pimpandhost.com/image/54988511-medium.html][IMG]http://ist3-1.filesor.com/pimpandhost.com/1/_/_/_/1/3/I/J/1/3IJ1t/0103_cuckold_sex_xxx_video_C_s_0.jpg[/IMG][/URL]<BR><BR><BR>","1372","2320","3699","1353"
"","[URL=http://pimpandhost.com/image/54988646-original.html][IMG]http://ist3-1.filesor.com/pimpandhost.com/1/_/_/_/1/3/I/J/3/3IJ3E/0104_cuckold_sex_xxx_video_y_s.jpg[/IMG][/URL]<BR><BR>[b]Cuckold, Amateur, Sex wife, MILFs, Cheating house-wife, [/b]<BR><BR><BR>[b]0104_cuckold_sex_xxx_video_y[/b]<BR>AVI | Size: 138 MiB | Duration: 24mn 31s | 320x240<BR><BR>[b]~> Download video from KEEP2SHARE <~<BR>[url=http://k2s.cc/file/0d5c8783ce0cd/0104_cuckold_sex_xxx_video_y.avi]0104_cuckold_sex_xxx_video_y.avi[/url][/b]<BR><BR>More screenshots:<BR>[URL=http://pimpandhost.com/image/54988512-medium.html][IMG]http://ist3-2.filesor.com/pimpandhost.com/1/_/_/_/1/3/I/J/1/3IJ1u/0104_cuckold_sex_xxx_video_y_s_0.jpg[/IMG][/URL]<BR><BR><BR>","1326","2357","3604","1307"
