" 21FootArt Nesty Very Nimble Nesty 3.11.16 1080p 21fa.03.11","[URL=http://pimpandhost.com/image/53243154-original.html][IMG]http://ist3-1.filesor.com/pimpandhost.com/1/_/_/_/1/3/B/o/Y/3BoYy/0001_foot_worship_leggy_fetish_xxx_video_0_s.jpg[/IMG][/URL]<BR><BR>[b]Foot worship, sexy legs, leggy, foot fetish, legs worship, [/b]<BR>0001_ 21FootArt Nesty Very Nimble Nesty 3.11.16 1080p 21fa.03.11.16.nesty 108<BR><BR>[b]0001_foot_worship_leggy_fetish_xxx_video_0[/b]<BR>MPEG-4 | Size: 1.06 GiB | Duration: 21mn 48s | 1920x1080<BR><BR>[b]~> Download video from KEEP2SHARE <~<BR>[url=http://k2s.cc/file/db48aac86ba7d/0001_foot_worship_leggy_fetish_xxx_video_0.mp4.part1.rar]0001_foot_worship_leggy_fetish_xxx_video_0.mp4.part1.rar[/url]<BR>[url=http://k2s.cc/file/35565eedf36be/0001_foot_worship_leggy_fetish_xxx_video_0.mp4.part2.rar]0001_foot_worship_leggy_fetish_xxx_video_0.mp4.part2.rar[/url]<BR>[url=http://k2s.cc/file/7a326cbd67059/0001_foot_worship_leggy_fetish_xxx_video_0.mp4.part3.rar]0001_foot_worship_leggy_fetish_xxx_video_0.mp4.part3.rar[/url][/b]<BR><BR>More screenshots:<BR>[URL=http://pimpandhost.com/image/53243176-medium.html][IMG]http://ist3-2.filesor.com/pimpandhost.com/1/_/_/_/1/3/B/o/Y/3BoYU/0001_foot_worship_leggy_fetish_xxx_video_0_s_0.jpg[/IMG][/URL]<BR><BR><BR>","1368","1722","3688","1362"
" Adrienne Adora Stupid for Pink Fishnet Bodysuit Femdom POV","[URL=http://pimpandhost.com/image/53243156-original.html][IMG]http://ist3-1.filesor.com/pimpandhost.com/1/_/_/_/1/3/B/o/Y/3BoYA/0002_foot_worship_leggy_fetish_xxx_video_t_s.jpg[/IMG][/URL]<BR><BR>[b]Foot worship, sexy legs, leggy, foot fetish, legs worship, [/b]<BR>0002_ Adrienne Adora Stupid for Pink Fishnet Bodysuit Femdom POV Adrienne Adora Stupid for Pink Fishnet Bodysui<BR><BR>[b]0002_foot_worship_leggy_fetish_xxx_video_t[/b]<BR>MPEG-4 | Size: 675 MiB | Duration: 6mn 15s | 1920x1080<BR><BR>[b]~> Download video from KEEP2SHARE <~<BR>[url=http://k2s.cc/file/b69b5e19a4537/0002_foot_worship_leggy_fetish_xxx_video_t.mp4.part1.rar]0002_foot_worship_leggy_fetish_xxx_video_t.mp4.part1.rar[/url]<BR>[url=http://k2s.cc/file/6cdc8152b76bf/0002_foot_worship_leggy_fetish_xxx_video_t.mp4.part2.rar]0002_foot_worship_leggy_fetish_xxx_video_t.mp4.part2.rar[/url][/b]<BR><BR>More screenshots:<BR>[URL=http://pimpandhost.com/image/53243181-medium.html][IMG]http://ist3-2.filesor.com/pimpandhost.com/1/_/_/_/1/3/B/o/Y/3BoYZ/0002_foot_worship_leggy_fetish_xxx_video_t_s_0.jpg[/IMG][/URL]<BR><BR><BR>","1380","2136","3608","1332"
" AmericanMeanGirls Goddess Randi Meeting Lezbo Bimbo Meetin","[URL=http://pimpandhost.com/image/53243158-original.html][IMG]http://ist3-1.filesor.com/pimpandhost.com/1/_/_/_/1/3/B/o/Y/3BoYC/0003_foot_worship_leggy_fetish_xxx_video_P_s.jpg[/IMG][/URL]<BR><BR>[b]Foot worship, sexy legs, leggy, foot fetish, legs worship, [/b]<BR>0003_ AmericanMeanGirls Goddess Randi Meeting Lezbo Bimbo MeetingLezBimbo FULLCLI<BR><BR>[b]0003_foot_worship_leggy_fetish_xxx_video_P[/b]<BR>Windows Media | Size: 433 MiB | Duration: 19mn 20s | 1280x720<BR><BR>[b]~> Download video from KEEP2SHARE <~<BR>[url=http://k2s.cc/file/e57068d226819/0003_foot_worship_leggy_fetish_xxx_video_P.wmv]0003_foot_worship_leggy_fetish_xxx_video_P.wmv[/url][/b]<BR><BR>More screenshots:<BR>[URL=http://pimpandhost.com/image/53243188-medium.html][IMG]http://ist3-1.filesor.com/pimpandhost.com/1/_/_/_/1/3/B/o/Z/3BoZ6/0003_foot_worship_leggy_fetish_xxx_video_P_s_0.jpg[/IMG][/URL]<BR><BR><BR>","1386","1599","3579","1329"
" Cherry Thanks For The Room Sucker Part 2 Cherry Thanks For","[URL=http://pimpandhost.com/image/53243160-original.html][IMG]http://ist3-2.filesor.com/pimpandhost.com/1/_/_/_/1/3/B/o/Y/3BoYE/0005_foot_worship_leggy_fetish_xxx_video_D_s.jpg[/IMG][/URL]<BR><BR>[b]Foot worship, sexy legs, leggy, foot fetish, legs worship, [/b]<BR>0005_ Cherry Thanks For The Room Sucker Part 2 Cherry Thanks For The Room Sucker Part 2 720 H<BR><BR>[b]0005_foot_worship_leggy_fetish_xxx_video_D[/b]<BR>Windows Media | Size: 391 MiB | Duration: 8mn 36s | 1280x720<BR><BR>[b]~> Download video from KEEP2SHARE <~<BR>[url=http://k2s.cc/file/738b45cbc8b69/0005_foot_worship_leggy_fetish_xxx_video_D.wmv]0005_foot_worship_leggy_fetish_xxx_video_D.wmv[/url][/b]<BR><BR>More screenshots:<BR>[URL=http://pimpandhost.com/image/53243196-medium.html][IMG]http://ist3-1.filesor.com/pimpandhost.com/1/_/_/_/1/3/B/o/Z/3BoZe/0005_foot_worship_leggy_fetish_xxx_video_D_s_0.jpg[/IMG][/URL]<BR><BR><BR>","1338","2039","3694","1397"
" Clips4Sale LoveLife Legs and Feet Step Sister Jasmineand 3","[URL=http://pimpandhost.com/image/53243163-original.html][IMG]http://ist3-1.filesor.com/pimpandhost.com/1/_/_/_/1/3/B/o/Y/3BoYH/0006_foot_worship_leggy_fetish_xxx_video_e_s.jpg[/IMG][/URL]<BR><BR>[b]Foot worship, sexy legs, leggy, foot fetish, legs worship, [/b]<BR>0006_ Clips4Sale LoveLife Legs and Feet Step Sister Jasmineand 39s Foot Tease C4S Jasmine StepSister Foot Teas<BR><BR>[b]0006_foot_worship_leggy_fetish_xxx_video_e[/b]<BR>MPEG-4 | Size: 519 MiB | Duration: 10mn 13s | 960x540<BR><BR>[b]~> Download video from KEEP2SHARE <~<BR>[url=http://k2s.cc/file/03841ca63195e/0006_foot_worship_leggy_fetish_xxx_video_e.mp4.part1.rar]0006_foot_worship_leggy_fetish_xxx_video_e.mp4.part1.rar[/url]<BR>[url=http://k2s.cc/file/1e79b9e576d2d/0006_foot_worship_leggy_fetish_xxx_video_e.mp4.part2.rar]0006_foot_worship_leggy_fetish_xxx_video_e.mp4.part2.rar[/url][/b]<BR><BR>More screenshots:<BR>[URL=http://pimpandhost.com/image/53243201-medium.html][IMG]http://ist3-1.filesor.com/pimpandhost.com/1/_/_/_/1/3/B/o/Z/3BoZj/0006_foot_worship_leggy_fetish_xxx_video_e_s_0.jpg[/IMG][/URL]<BR><BR><BR>","1309","1794","3548","1351"
" ClubTug Sasha Foxxx Knee Highs And Handjobs 2016.03.09 720","[URL=http://pimpandhost.com/image/53243166-original.html][IMG]http://ist3-2.filesor.com/pimpandhost.com/1/_/_/_/1/3/B/o/Y/3BoYK/0007_foot_worship_leggy_fetish_xxx_video_s_s.jpg[/IMG][/URL]<BR><BR>[b]Foot worship, sexy legs, leggy, foot fetish, legs worship, [/b]<BR>0007_ ClubTug Sasha Foxxx Knee Highs And Handjobs 2016.03.09 720p Sasha Foxxx ClubTug.KneeHighsAndHandjob<BR><BR>[b]0007_foot_worship_leggy_fetish_xxx_video_s[/b]<BR>MPEG-4 | Size: 251 MiB | Duration: 11mn 0s | 1280x720<BR><BR>[b]~> Download video from KEEP2SHARE <~<BR>[url=http://k2s.cc/file/f485599e6697e/0007_foot_worship_leggy_fetish_xxx_video_s.mp4]0007_foot_worship_leggy_fetish_xxx_video_s.mp4[/url][/b]<BR><BR>More screenshots:<BR>[URL=http://pimpandhost.com/image/53243219-medium.html][IMG]http://ist3-1.filesor.com/pimpandhost.com/1/_/_/_/1/3/B/o/Z/3BoZB/0007_foot_worship_leggy_fetish_xxx_video_s_s_0.jpg[/IMG][/URL]<BR><BR><BR>","1371","1783","3550","1330"
" Daisy Haze Yoda footjob Spizoo Star Wars XXX Parody Daisy ","[URL=http://pimpandhost.com/image/53243167-original.html][IMG]http://ist3-1.filesor.com/pimpandhost.com/1/_/_/_/1/3/B/o/Y/3BoYL/0008_foot_worship_leggy_fetish_xxx_video_b_s.jpg[/IMG][/URL]<BR><BR>[b]Foot worship, sexy legs, leggy, foot fetish, legs worship, [/b]<BR>0008_ Daisy Haze Yoda footjob Spizoo Star Wars XXX Parody Daisy Haze Yoda footjo<BR><BR>[b]0008_foot_worship_leggy_fetish_xxx_video_b[/b]<BR>MPEG-4 | Size: 464 MiB | Duration: 8mn 2s | 1920x1080<BR><BR>[b]~> Download video from KEEP2SHARE <~<BR>[url=http://k2s.cc/file/e757c99c6e189/0008_foot_worship_leggy_fetish_xxx_video_b.mp4]0008_foot_worship_leggy_fetish_xxx_video_b.mp4[/url][/b]<BR><BR>More screenshots:<BR>[URL=http://pimpandhost.com/image/53243249-medium.html][IMG]http://ist3-2.filesor.com/pimpandhost.com/1/_/_/_/1/3/B/p/0/3Bp05/0008_foot_worship_leggy_fetish_xxx_video_b_s_0.jpg[/IMG][/URL]<BR><BR><BR>","1372","2275","3574","1381"
" Daniela Step Son Worships Moms Feet and Shoes Daniela Step","[URL=http://pimpandhost.com/image/53243171-original.html][IMG]http://ist3-1.filesor.com/pimpandhost.com/1/_/_/_/1/3/B/o/Y/3BoYP/0009_foot_worship_leggy_fetish_xxx_video_1_s.jpg[/IMG][/URL]<BR><BR>[b]Foot worship, sexy legs, leggy, foot fetish, legs worship, [/b]<BR>0009_ Daniela Step Son Worships Moms Feet and Shoes Daniela Step Son Worships Moms Feet and Shoes Part <BR><BR>[b]0009_foot_worship_leggy_fetish_xxx_video_1[/b]<BR>Windows Media | Size: 105 MiB | Duration: 9mn 15s | 720x480<BR><BR>[b]~> Download video from KEEP2SHARE <~<BR>[url=http://k2s.cc/file/3d33b8f789ac7/0009_foot_worship_leggy_fetish_xxx_video_1.wmv]0009_foot_worship_leggy_fetish_xxx_video_1.wmv[/url][/b]<BR><BR>More screenshots:<BR>[URL=http://pimpandhost.com/image/53243253-medium.html][IMG]http://ist3-1.filesor.com/pimpandhost.com/1/_/_/_/1/3/B/p/0/3Bp09/0009_foot_worship_leggy_fetish_xxx_video_1_s_0.jpg[/IMG][/URL]<BR><BR><BR>","1370","1537","3589","1338"
" Foot Goddess Leyla Make Love With My Feet Make Love With M","[URL=http://pimpandhost.com/image/53243172-original.html][IMG]http://ist3-2.filesor.com/pimpandhost.com/1/_/_/_/1/3/B/o/Y/3BoYQ/0011_foot_worship_leggy_fetish_xxx_video_t_s.jpg[/IMG][/URL]<BR><BR>[b]Foot worship, sexy legs, leggy, foot fetish, legs worship, [/b]<BR>0011_ Foot Goddess Leyla Make Love With My Feet Make Love With My Fee<BR><BR>[b]0011_foot_worship_leggy_fetish_xxx_video_t[/b]<BR>Windows Media | Size: 247 MiB | Duration: 8mn 14s | 1280x720<BR><BR>[b]~> Download video from KEEP2SHARE <~<BR>[url=http://k2s.cc/file/7cde6200b351b/0011_foot_worship_leggy_fetish_xxx_video_t.wmv]0011_foot_worship_leggy_fetish_xxx_video_t.wmv[/url][/b]<BR><BR>More screenshots:<BR>[URL=http://pimpandhost.com/image/53243255-medium.html][IMG]http://ist3-2.filesor.com/pimpandhost.com/1/_/_/_/1/3/B/p/0/3Bp0b/0011_foot_worship_leggy_fetish_xxx_video_t_s_0.jpg[/IMG][/URL]<BR><BR><BR>","1329","1843","3500","1308"
" Foot Goddess Leyla Slave For the Goddess Slave For the God","[URL=http://pimpandhost.com/image/53243174-original.html][IMG]http://ist3-1.filesor.com/pimpandhost.com/1/_/_/_/1/3/B/o/Y/3BoYS/0012_foot_worship_leggy_fetish_xxx_video_s_s.jpg[/IMG][/URL]<BR><BR>[b]Foot worship, sexy legs, leggy, foot fetish, legs worship, [/b]<BR>0012_ Foot Goddess Leyla Slave For the Goddess Slave For the Goddes<BR><BR>[b]0012_foot_worship_leggy_fetish_xxx_video_s[/b]<BR>MPEG-4 | Size: 219 MiB | Duration: 7mn 12s | 1280x720<BR><BR>[b]~> Download video from KEEP2SHARE <~<BR>[url=http://k2s.cc/file/596463a151632/0012_foot_worship_leggy_fetish_xxx_video_s.mp4]0012_foot_worship_leggy_fetish_xxx_video_s.mp4[/url][/b]<BR><BR>More screenshots:<BR>[URL=http://pimpandhost.com/image/53243257-medium.html][IMG]http://ist3-2.filesor.com/pimpandhost.com/1/_/_/_/1/3/B/p/0/3Bp0d/0012_foot_worship_leggy_fetish_xxx_video_s_s_0.jpg[/IMG][/URL]<BR><BR><BR>","1308","1987","3581","1395"
" FootFetishDaily Elsa Jean Hardcore 2016.03.11 1080p ffd.16","[URL=http://pimpandhost.com/image/53243175-original.html][IMG]http://ist3-1.filesor.com/pimpandhost.com/1/_/_/_/1/3/B/o/Y/3BoYT/0013_foot_worship_leggy_fetish_xxx_video_e_s.jpg[/IMG][/URL]<BR><BR>[b]Foot worship, sexy legs, leggy, foot fetish, legs worship, [/b]<BR>0013_ FootFetishDaily Elsa Jean Hardcore 2016.03.11 1080p ffd.16.03.11.elsa.jean.hardcor<BR><BR>[b]0013_foot_worship_leggy_fetish_xxx_video_e[/b]<BR>MPEG-4 | Size: 1.27 GiB | Duration: 26mn 33s | 1920x1080<BR><BR>[b]~> Download video from KEEP2SHARE <~<BR>[url=http://k2s.cc/file/b4736c8c93a05/0013_foot_worship_leggy_fetish_xxx_video_e.mp4.part1.rar]0013_foot_worship_leggy_fetish_xxx_video_e.mp4.part1.rar[/url]<BR>[url=http://k2s.cc/file/851fb86284045/0013_foot_worship_leggy_fetish_xxx_video_e.mp4.part2.rar]0013_foot_worship_leggy_fetish_xxx_video_e.mp4.part2.rar[/url]<BR>[url=http://k2s.cc/file/50347a1daf7c5/0013_foot_worship_leggy_fetish_xxx_video_e.mp4.part3.rar]0013_foot_worship_leggy_fetish_xxx_video_e.mp4.part3.rar[/url][/b]<BR><BR>More screenshots:<BR>[URL=http://pimpandhost.com/image/53243260-medium.html][IMG]http://ist3-2.filesor.com/pimpandhost.com/1/_/_/_/1/3/B/p/0/3Bp0g/0013_foot_worship_leggy_fetish_xxx_video_e_s_0.jpg[/IMG][/URL]<BR><BR><BR>","1365","2224","3547","1302"
" FootsieBabes Alena Croft Ms Croftand 39s Sexy Executive De","[URL=http://pimpandhost.com/image/53243177-original.html][IMG]http://ist3-1.filesor.com/pimpandhost.com/1/_/_/_/1/3/B/o/Y/3BoYV/0015_foot_worship_leggy_fetish_xxx_video_0_s.jpg[/IMG][/URL]<BR><BR>[b]Foot worship, sexy legs, leggy, foot fetish, legs worship, [/b]<BR>0015_ FootsieBabes Alena Croft Ms Croftand 39s Sexy Executive Decision 3.13.16 1080p 47835 01 108<BR><BR>[b]0014_foot_worship_leggy_fetish_xxx_video_e[/b]<BR> | Size: 5.08 KiB | Duration:  |[b]0015_foot_worship_leggy_fetish_xxx_video_0[/b]<BR>MPEG-4 | Size: 1.58 GiB | Duration: 32mn 30s | 1920x1080<BR><BR>[b]~> Download video from KEEP2SHARE <~<BR>[url=http://k2s.cc/file/efbabc47fdcc1/0015_foot_worship_leggy_fetish_xxx_video_0.mp4.part1.rar]0015_foot_worship_leggy_fetish_xxx_video_0.mp4.part1.rar[/url]<BR>[url=http://k2s.cc/file/a3204eb3e6b3e/0015_foot_worship_leggy_fetish_xxx_video_0.mp4.part2.rar]0015_foot_worship_leggy_fetish_xxx_video_0.mp4.part2.rar[/url]<BR>[url=http://k2s.cc/file/2c917faeb32c3/0015_foot_worship_leggy_fetish_xxx_video_0.mp4.part3.rar]0015_foot_worship_leggy_fetish_xxx_video_0.mp4.part3.rar[/url]<BR>[url=http://k2s.cc/file/d38c8f695d353/0015_foot_worship_leggy_fetish_xxx_video_0.mp4.part4.rar]0015_foot_worship_leggy_fetish_xxx_video_0.mp4.part4.rar[/url][/b]<BR><BR>More screenshots:<BR>[URL=http://pimpandhost.com/image/53243262-medium.html][IMG]http://ist3-2.filesor.com/pimpandhost.com/1/_/_/_/1/3/B/p/0/3Bp0i/0015_foot_worship_leggy_fetish_xxx_video_0_s_0.jpg[/IMG][/URL]<BR><BR><BR>","1340","1683","3700","1350"
" Glenn Kingand 39s POV Cassandra Cruz gkpov cassandracru","[URL=http://pimpandhost.com/image/53243179-original.html][IMG]http://ist3-2.filesor.com/pimpandhost.com/1/_/_/_/1/3/B/o/Y/3BoYX/0016_foot_worship_leggy_fetish_xxx_video_z_s.jpg[/IMG][/URL]<BR><BR>[b]Foot worship, sexy legs, leggy, foot fetish, legs worship, [/b]<BR>0016_ Glenn Kingand 39s POV Cassandra Cruz gkpov cassandracru<BR><BR>[b]0016_foot_worship_leggy_fetish_xxx_video_z[/b]<BR>MPEG-4 | Size: 336 MiB | Duration: 11mn 20s | 1920x1080<BR><BR>[b]~> Download video from KEEP2SHARE <~<BR>[url=http://k2s.cc/file/ed3d360a33ce7/0016_foot_worship_leggy_fetish_xxx_video_z.mp4]0016_foot_worship_leggy_fetish_xxx_video_z.mp4[/url][/b]<BR><BR>More screenshots:<BR>[URL=http://pimpandhost.com/image/53243266-medium.html][IMG]http://ist3-2.filesor.com/pimpandhost.com/1/_/_/_/1/3/B/p/0/3Bp0m/0016_foot_worship_leggy_fetish_xxx_video_z_s_0.jpg[/IMG][/URL]<BR><BR><BR>","1353","1715","3502","1323"
" Glenn Kingand 39s POV Vicki Chase gkpov vickichas","[URL=http://pimpandhost.com/image/53243184-original.html][IMG]http://ist3-2.filesor.com/pimpandhost.com/1/_/_/_/1/3/B/o/Z/3BoZ2/0017_foot_worship_leggy_fetish_xxx_video_e_s.jpg[/IMG][/URL]<BR><BR>[b]Foot worship, sexy legs, leggy, foot fetish, legs worship, [/b]<BR>0017_ Glenn Kingand 39s POV Vicki Chase gkpov vickichas<BR><BR>[b]0017_foot_worship_leggy_fetish_xxx_video_e[/b]<BR>MPEG-4 | Size: 380 MiB | Duration: 12mn 50s | 1920x1080<BR><BR>[b]~> Download video from KEEP2SHARE <~<BR>[url=http://k2s.cc/file/f35d6ee0d0020/0017_foot_worship_leggy_fetish_xxx_video_e.mp4]0017_foot_worship_leggy_fetish_xxx_video_e.mp4[/url][/b]<BR><BR>More screenshots:<BR>[URL=http://pimpandhost.com/image/53243270-medium.html][IMG]http://ist3-2.filesor.com/pimpandhost.com/1/_/_/_/1/3/B/p/0/3Bp0q/0017_foot_worship_leggy_fetish_xxx_video_e_s_0.jpg[/IMG][/URL]<BR><BR><BR>","1356","1738","3608","1327"
" Goddess Alexandra Snow Perfect Feet Goddess Alexandra Snow","[URL=http://pimpandhost.com/image/53243187-original.html][IMG]http://ist3-2.filesor.com/pimpandhost.com/1/_/_/_/1/3/B/o/Z/3BoZ5/0018_foot_worship_leggy_fetish_xxx_video_t_s.jpg[/IMG][/URL]<BR><BR>[b]Foot worship, sexy legs, leggy, foot fetish, legs worship, [/b]<BR>0018_ Goddess Alexandra Snow Perfect Feet Goddess Alexandra Snow Perfect Fee<BR><BR>[b]0018_foot_worship_leggy_fetish_xxx_video_t[/b]<BR>MPEG-4 | Size: 263 MiB | Duration: 8mn 42s | 1280x720<BR><BR>[b]~> Download video from KEEP2SHARE <~<BR>[url=http://k2s.cc/file/fdae751afa82b/0018_foot_worship_leggy_fetish_xxx_video_t.mp4]0018_foot_worship_leggy_fetish_xxx_video_t.mp4[/url][/b]<BR><BR>More screenshots:<BR>[URL=http://pimpandhost.com/image/53243274-medium.html][IMG]http://ist3-2.filesor.com/pimpandhost.com/1/_/_/_/1/3/B/p/0/3Bp0u/0018_foot_worship_leggy_fetish_xxx_video_t_s_0.jpg[/IMG][/URL]<BR><BR><BR>","1312","2319","3515","1383"
" Goddess Foot Domination andndash Foot Girl Takes Care of t","[URL=http://pimpandhost.com/image/53243190-original.html][IMG]http://ist3-1.filesor.com/pimpandhost.com/1/_/_/_/1/3/B/o/Z/3BoZ8/0019_foot_worship_leggy_fetish_xxx_video_d_s.jpg[/IMG][/URL]<BR><BR>[b]Foot worship, sexy legs, leggy, foot fetish, legs worship, [/b]<BR>0019_ Goddess Foot Domination andndash Foot Girl Takes Care of the Bossandrsquos Husband Goddess Kendra, Goddes Lilly Goddess Kendra Pet Lilly Foot Girl Takes Care of the Bosss Husban<BR><BR>[b]0019_foot_worship_leggy_fetish_xxx_video_d[/b]<BR>Windows Media | Size: 620 MiB | Duration: 16mn 12s | 1920x1080<BR><BR>[b]~> Download video from KEEP2SHARE <~<BR>[url=http://k2s.cc/file/f859a3f00729c/0019_foot_worship_leggy_fetish_xxx_video_d.wmv.part1.rar]0019_foot_worship_leggy_fetish_xxx_video_d.wmv.part1.rar[/url]<BR>[url=http://k2s.cc/file/783fc84973646/0019_foot_worship_leggy_fetish_xxx_video_d.wmv.part2.rar]0019_foot_worship_leggy_fetish_xxx_video_d.wmv.part2.rar[/url][/b]<BR><BR>More screenshots:<BR>[URL=http://pimpandhost.com/image/53243278-medium.html][IMG]http://ist3-1.filesor.com/pimpandhost.com/1/_/_/_/1/3/B/p/0/3Bp0y/0019_foot_worship_leggy_fetish_xxx_video_d_s_0.jpg[/IMG][/URL]<BR><BR><BR>","1396","1970","3541","1324"
" Goddess Foot Domination andndash Goddess Bobbi Dylan andnd","[URL=http://pimpandhost.com/image/53243198-original.html][IMG]http://ist3-1.filesor.com/pimpandhost.com/1/_/_/_/1/3/B/o/Z/3BoZg/0020_foot_worship_leggy_fetish_xxx_video_r_s.jpg[/IMG][/URL]<BR><BR>[b]Foot worship, sexy legs, leggy, foot fetish, legs worship, [/b]<BR>0020_ Goddess Foot Domination andndash Goddess Bobbi Dylan andndash Managing the Tutor Goddess Bobbi Dylan Managing the Tuto<BR><BR>[b]0020_foot_worship_leggy_fetish_xxx_video_r[/b]<BR>Windows Media | Size: 223 MiB | Duration: 5mn 49s | 1920x1080<BR><BR>[b]~> Download video from KEEP2SHARE <~<BR>[url=http://k2s.cc/file/6679d2540fae5/0020_foot_worship_leggy_fetish_xxx_video_r.wmv]0020_foot_worship_leggy_fetish_xxx_video_r.wmv[/url][/b]<BR><BR>More screenshots:<BR>[URL=http://pimpandhost.com/image/53243283-medium.html][IMG]http://ist3-2.filesor.com/pimpandhost.com/1/_/_/_/1/3/B/p/0/3Bp0D/0020_foot_worship_leggy_fetish_xxx_video_r_s_0.jpg[/IMG][/URL]<BR><BR><BR>","1391","1685","3565","1400"
" Goddess Foot Domination andndash Goddess Bobbi andndash Bo","[URL=http://pimpandhost.com/image/53243210-original.html][IMG]http://ist3-1.filesor.com/pimpandhost.com/1/_/_/_/1/3/B/o/Z/3BoZs/0021_foot_worship_leggy_fetish_xxx_video_d_s.jpg[/IMG][/URL]<BR><BR>[b]Foot worship, sexy legs, leggy, foot fetish, legs worship, [/b]<BR>0021_ Goddess Foot Domination andndash Goddess Bobbi andndash Bobbiandrsquos No Longer Grounded Goddess Bobbi Dylan Bobbis No Longer Grounde<BR><BR>[b]0021_foot_worship_leggy_fetish_xxx_video_d[/b]<BR>Windows Media | Size: 530 MiB | Duration: 14mn 7s | 1920x1080<BR><BR>[b]~> Download video from KEEP2SHARE <~<BR>[url=http://k2s.cc/file/7f622eed52231/0021_foot_worship_leggy_fetish_xxx_video_d.wmv.part1.rar]0021_foot_worship_leggy_fetish_xxx_video_d.wmv.part1.rar[/url]<BR>[url=http://k2s.cc/file/65df1ba41d39d/0021_foot_worship_leggy_fetish_xxx_video_d.wmv.part2.rar]0021_foot_worship_leggy_fetish_xxx_video_d.wmv.part2.rar[/url][/b]<BR><BR>More screenshots:<BR>[URL=http://pimpandhost.com/image/53243286-medium.html][IMG]http://ist3-2.filesor.com/pimpandhost.com/1/_/_/_/1/3/B/p/0/3Bp0G/0021_foot_worship_leggy_fetish_xxx_video_d_s_0.jpg[/IMG][/URL]<BR><BR><BR>","1375","2159","3688","1340"
" Goddess Foot Domination andndash Goddess Skyla Novea andnd","[URL=http://pimpandhost.com/image/53243217-original.html][IMG]http://ist3-2.filesor.com/pimpandhost.com/1/_/_/_/1/3/B/o/Z/3BoZz/0022_foot_worship_leggy_fetish_xxx_video_y_s.jpg[/IMG][/URL]<BR><BR>[b]Foot worship, sexy legs, leggy, foot fetish, legs worship, [/b]<BR>0022_ Goddess Foot Domination andndash Goddess Skyla Novea andndash New Shoes in Exchange for the Key Goddess Skyla Novea New Shoes in Exchange for the Ke<BR><BR>[b]0022_foot_worship_leggy_fetish_xxx_video_y[/b]<BR>Windows Media | Size: 425 MiB | Duration: 11mn 13s | 1920x1080<BR><BR>[b]~> Download video from KEEP2SHARE <~<BR>[url=http://k2s.cc/file/2ef3d43e86998/0022_foot_worship_leggy_fetish_xxx_video_y.wmv]0022_foot_worship_leggy_fetish_xxx_video_y.wmv[/url][/b]<BR><BR>More screenshots:<BR>[URL=http://pimpandhost.com/image/53243298-medium.html][IMG]http://ist3-1.filesor.com/pimpandhost.com/1/_/_/_/1/3/B/p/0/3Bp0S/0022_foot_worship_leggy_fetish_xxx_video_y_s_0.jpg[/IMG][/URL]<BR><BR><BR>","1354","1659","3585","1394"
" Goddess Foot Domination andndash Husbandandrsquos Awaited ","[URL=http://pimpandhost.com/image/53243244-original.html][IMG]http://ist3-2.filesor.com/pimpandhost.com/1/_/_/_/1/3/B/p/0/3Bp00/0023_foot_worship_leggy_fetish_xxx_video_e_s.jpg[/IMG][/URL]<BR><BR>[b]Foot worship, sexy legs, leggy, foot fetish, legs worship, [/b]<BR>0023_ Goddess Foot Domination andndash Husbandandrsquos Awaited Release Goddess Alexis Fawx Goddess Alexis Fawx Husbands Awaited Releas<BR><BR>[b]0023_foot_worship_leggy_fetish_xxx_video_e[/b]<BR>Windows Media | Size: 505 MiB | Duration: 13mn 26s | 1920x1080<BR><BR>[b]~> Download video from KEEP2SHARE <~<BR>[url=http://k2s.cc/file/1d914237a7e5e/0023_foot_worship_leggy_fetish_xxx_video_e.wmv.part1.rar]0023_foot_worship_leggy_fetish_xxx_video_e.wmv.part1.rar[/url]<BR>[url=http://k2s.cc/file/d1e755a8d01cd/0023_foot_worship_leggy_fetish_xxx_video_e.wmv.part2.rar]0023_foot_worship_leggy_fetish_xxx_video_e.wmv.part2.rar[/url][/b]<BR><BR>More screenshots:<BR>[URL=http://pimpandhost.com/image/53243305-medium.html][IMG]http://ist3-1.filesor.com/pimpandhost.com/1/_/_/_/1/3/B/p/0/3Bp0Z/0023_foot_worship_leggy_fetish_xxx_video_e_s_0.jpg[/IMG][/URL]<BR><BR><BR>","1338","1881","3588","1392"
" Goddess Foot Domination andndash Motivate Job Search Godde","[URL=http://pimpandhost.com/image/53243250-original.html][IMG]http://ist3-2.filesor.com/pimpandhost.com/1/_/_/_/1/3/B/p/0/3Bp06/0024_foot_worship_leggy_fetish_xxx_video_h_s.jpg[/IMG][/URL]<BR><BR>[b]Foot worship, sexy legs, leggy, foot fetish, legs worship, [/b]<BR>0024_ Goddess Foot Domination andndash Motivate Job Search Goddess Alexis Goddess Alexis Fawx Motivate Job Searc<BR><BR>[b]0024_foot_worship_leggy_fetish_xxx_video_h[/b]<BR>MPEG-4 | Size: 162 MiB | Duration: 17mn 23s | 960x540<BR><BR>[b]~> Download video from KEEP2SHARE <~<BR>[url=http://k2s.cc/file/d0c7d4ae31946/0024_foot_worship_leggy_fetish_xxx_video_h.mp4]0024_foot_worship_leggy_fetish_xxx_video_h.mp4[/url][/b]<BR><BR>More screenshots:<BR>[URL=http://pimpandhost.com/image/53243308-medium.html][IMG]http://ist3-2.filesor.com/pimpandhost.com/1/_/_/_/1/3/B/p/1/3Bp12/0024_foot_worship_leggy_fetish_xxx_video_h_s_0.jpg[/IMG][/URL]<BR><BR><BR>","1366","1906","3529","1321"
" Goddess Foot Domination andndash Secret Lover POV Goddess ","[URL=http://pimpandhost.com/image/53243254-original.html][IMG]http://ist3-1.filesor.com/pimpandhost.com/1/_/_/_/1/3/B/p/0/3Bp0a/0025_foot_worship_leggy_fetish_xxx_video_V_s.jpg[/IMG][/URL]<BR><BR>[b]Foot worship, sexy legs, leggy, foot fetish, legs worship, [/b]<BR>0025_ Goddess Foot Domination andndash Secret Lover POV Goddess Alexis Fawx Goddess Alexis Fawx Secret Lover PO<BR><BR>[b]0025_foot_worship_leggy_fetish_xxx_video_V[/b]<BR>Windows Media | Size: 232 MiB | Duration: 6mn 17s | 1920x1080<BR><BR>[b]~> Download video from KEEP2SHARE <~<BR>[url=http://k2s.cc/file/a379f2fb53654/0025_foot_worship_leggy_fetish_xxx_video_V.wmv]0025_foot_worship_leggy_fetish_xxx_video_V.wmv[/url][/b]<BR><BR>More screenshots:<BR>[URL=http://pimpandhost.com/image/53243311-medium.html][IMG]http://ist3-1.filesor.com/pimpandhost.com/1/_/_/_/1/3/B/p/1/3Bp15/0025_foot_worship_leggy_fetish_xxx_video_V_s_0.jpg[/IMG][/URL]<BR><BR><BR>","1372","2119","3597","1385"
" HotLegsAndFeet Ally Breelsen, Nekane Naughty Therapist Les","[URL=http://pimpandhost.com/image/53243256-original.html][IMG]http://ist3-1.filesor.com/pimpandhost.com/1/_/_/_/1/3/B/p/0/3Bp0c/0026_foot_worship_leggy_fetish_xxx_video_0_s.jpg[/IMG][/URL]<BR><BR>[b]Foot worship, sexy legs, leggy, foot fetish, legs worship, [/b]<BR>0026_ HotLegsAndFeet Ally Breelsen, Nekane Naughty Therapist Lesbian Foot Fucking At A Glance 3.4.16 1080p hlaf.03.04.16.ally.breelsen.and.nekane 108<BR><BR>[b]0026_foot_worship_leggy_fetish_xxx_video_0[/b]<BR>MPEG-4 | Size: 1.69 GiB | Duration: 29mn 30s | 1920x1080<BR><BR>[b]~> Download video from KEEP2SHARE <~<BR>[url=http://k2s.cc/file/d819fc4a46768/0026_foot_worship_leggy_fetish_xxx_video_0.mp4.part1.rar]0026_foot_worship_leggy_fetish_xxx_video_0.mp4.part1.rar[/url]<BR>[url=http://k2s.cc/file/5e878d737c937/0026_foot_worship_leggy_fetish_xxx_video_0.mp4.part2.rar]0026_foot_worship_leggy_fetish_xxx_video_0.mp4.part2.rar[/url]<BR>[url=http://k2s.cc/file/60d514260c9dc/0026_foot_worship_leggy_fetish_xxx_video_0.mp4.part3.rar]0026_foot_worship_leggy_fetish_xxx_video_0.mp4.part3.rar[/url]<BR>[url=http://k2s.cc/file/4b2edfaa6c68f/0026_foot_worship_leggy_fetish_xxx_video_0.mp4.part4.rar]0026_foot_worship_leggy_fetish_xxx_video_0.mp4.part4.rar[/url][/b]<BR><BR>More screenshots:<BR>[URL=http://pimpandhost.com/image/53243315-medium.html][IMG]http://ist3-1.filesor.com/pimpandhost.com/1/_/_/_/1/3/B/p/1/3Bp19/0026_foot_worship_leggy_fetish_xxx_video_0_s_0.jpg[/IMG][/URL]<BR><BR><BR>","1360","2007","3634","1355"
" HotLegsAndFeet DDFProd Roxi Keogh Spice Up Your Life Hot L","[URL=http://pimpandhost.com/image/53243258-original.html][IMG]http://ist3-2.filesor.com/pimpandhost.com/1/_/_/_/1/3/B/p/0/3Bp0e/0027_foot_worship_leggy_fetish_xxx_video_h_s.jpg[/IMG][/URL]<BR><BR>[b]Foot worship, sexy legs, leggy, foot fetish, legs worship, [/b]<BR>0027_ HotLegsAndFeet DDFProd Roxi Keogh Spice Up Your Life Hot Legs, Shiny Feet, And A Dream Body hlaf.16.03.10.roxi.keog<BR><BR>[b]0027_foot_worship_leggy_fetish_xxx_video_h[/b]<BR>MPEG-4 | Size: 1.86 GiB | Duration: 32mn 33s | 1920x1080<BR><BR>[b]~> Download video from KEEP2SHARE <~<BR>[url=http://k2s.cc/file/18d1091fc3e2c/0027_foot_worship_leggy_fetish_xxx_video_h.mp4.part1.rar]0027_foot_worship_leggy_fetish_xxx_video_h.mp4.part1.rar[/url]<BR>[url=http://k2s.cc/file/48139e3583e49/0027_foot_worship_leggy_fetish_xxx_video_h.mp4.part2.rar]0027_foot_worship_leggy_fetish_xxx_video_h.mp4.part2.rar[/url]<BR>[url=http://k2s.cc/file/08f85d4995d25/0027_foot_worship_leggy_fetish_xxx_video_h.mp4.part3.rar]0027_foot_worship_leggy_fetish_xxx_video_h.mp4.part3.rar[/url]<BR>[url=http://k2s.cc/file/9355832ba6091/0027_foot_worship_leggy_fetish_xxx_video_h.mp4.part4.rar]0027_foot_worship_leggy_fetish_xxx_video_h.mp4.part4.rar[/url]<BR>[url=http://k2s.cc/file/b1f566eacb1e2/0027_foot_worship_leggy_fetish_xxx_video_h.mp4.part5.rar]0027_foot_worship_leggy_fetish_xxx_video_h.mp4.part5.rar[/url][/b]<BR><BR>More screenshots:<BR>[URL=http://pimpandhost.com/image/53243318-medium.html][IMG]http://ist3-1.filesor.com/pimpandhost.com/1/_/_/_/1/3/B/p/1/3Bp1c/0027_foot_worship_leggy_fetish_xxx_video_h_s_0.jpg[/IMG][/URL]<BR><BR><BR>","1308","2285","3657","1399"
" HotLegsAndFeet Lucy Heart Club Bangers Hardcore Foot Lover","[URL=http://pimpandhost.com/image/53243259-original.html][IMG]http://ist3-2.filesor.com/pimpandhost.com/1/_/_/_/1/3/B/p/0/3Bp0f/0028_foot_worship_leggy_fetish_xxx_video_0_s.jpg[/IMG][/URL]<BR><BR>[b]Foot worship, sexy legs, leggy, foot fetish, legs worship, [/b]<BR>0028_ HotLegsAndFeet Lucy Heart Club Bangers Hardcore Foot Loverand 39s Threesome 3.7.16 540p hlaf.03.07.16.lucy.heart 54<BR><BR>[b]0028_foot_worship_leggy_fetish_xxx_video_0[/b]<BR>MPEG-4 | Size: 774 MiB | Duration: 23mn 3s | 950x540<BR><BR>[b]~> Download video from KEEP2SHARE <~<BR>[url=http://k2s.cc/file/b800467eb92f7/0028_foot_worship_leggy_fetish_xxx_video_0.mp4.part1.rar]0028_foot_worship_leggy_fetish_xxx_video_0.mp4.part1.rar[/url]<BR>[url=http://k2s.cc/file/5c82e693432b2/0028_foot_worship_leggy_fetish_xxx_video_0.mp4.part2.rar]0028_foot_worship_leggy_fetish_xxx_video_0.mp4.part2.rar[/url][/b]<BR><BR>More screenshots:<BR>[URL=http://pimpandhost.com/image/53243326-medium.html][IMG]http://ist3-1.filesor.com/pimpandhost.com/1/_/_/_/1/3/B/p/1/3Bp1k/0028_foot_worship_leggy_fetish_xxx_video_0_s_0.jpg[/IMG][/URL]<BR><BR><BR>","1307","1600","3696","1383"
" HumiliationPOV Princess Ellie Princess Ellieand 39s Foot P","[URL=http://pimpandhost.com/image/53243261-original.html][IMG]http://ist3-2.filesor.com/pimpandhost.com/1/_/_/_/1/3/B/p/0/3Bp0h/0029_foot_worship_leggy_fetish_xxx_video_d_s.jpg[/IMG][/URL]<BR><BR>[b]Foot worship, sexy legs, leggy, foot fetish, legs worship, [/b]<BR>0029_ HumiliationPOV Princess Ellie Princess Ellieand 39s Foot Piggy elliefootpig wmvh<BR><BR>[b]0029_foot_worship_leggy_fetish_xxx_video_d[/b]<BR>Windows Media | Size: 252 MiB | Duration: 7mn 19s | 960x540<BR><BR>[b]~> Download video from KEEP2SHARE <~<BR>[url=http://k2s.cc/file/37b6de0948f2d/0029_foot_worship_leggy_fetish_xxx_video_d.wmv]0029_foot_worship_leggy_fetish_xxx_video_d.wmv[/url][/b]<BR><BR>More screenshots:<BR>[URL=http://pimpandhost.com/image/53243332-medium.html][IMG]http://ist3-2.filesor.com/pimpandhost.com/1/_/_/_/1/3/B/p/1/3Bp1q/0029_foot_worship_leggy_fetish_xxx_video_d_s_0.jpg[/IMG][/URL]<BR><BR><BR>","1385","2329","3544","1338"
" Humiliatrix andndash Tiffani Destroys Your Date by Making ","[URL=http://pimpandhost.com/image/53243264-original.html][IMG]http://ist3-2.filesor.com/pimpandhost.com/1/_/_/_/1/3/B/p/0/3Bp0k/0030_foot_worship_leggy_fetish_xxx_video_0_s.jpg[/IMG][/URL]<BR><BR>[b]Foot worship, sexy legs, leggy, foot fetish, legs worship, [/b]<BR>0030_ Humiliatrix andndash Tiffani Destroys Your Date by Making You Blow it in Your Pants tifDES 108<BR><BR>[b]0030_foot_worship_leggy_fetish_xxx_video_0[/b]<BR>MPEG-4 | Size: 137 MiB | Duration: 6mn 16s | 1920x1080<BR><BR>[b]~> Download video from KEEP2SHARE <~<BR>[url=http://k2s.cc/file/dbafb256885e9/0030_foot_worship_leggy_fetish_xxx_video_0.mp4]0030_foot_worship_leggy_fetish_xxx_video_0.mp4[/url][/b]<BR><BR>More screenshots:<BR>[URL=http://pimpandhost.com/image/53243348-medium.html][IMG]http://ist3-1.filesor.com/pimpandhost.com/1/_/_/_/1/3/B/p/1/3Bp1G/0030_foot_worship_leggy_fetish_xxx_video_0_s_0.jpg[/IMG][/URL]<BR><BR><BR>","1309","2085","3564","1348"
" Jenna J Ross and Bree Daniels Ballerinas Lesbian Foot Feti","[URL=http://pimpandhost.com/image/53243267-original.html][IMG]http://ist3-2.filesor.com/pimpandhost.com/1/_/_/_/1/3/B/p/0/3Bp0n/0031_foot_worship_leggy_fetish_xxx_video_a_s.jpg[/IMG][/URL]<BR><BR>[b]Foot worship, sexy legs, leggy, foot fetish, legs worship, [/b]<BR>0031_ Jenna J Ross and Bree Daniels Ballerinas Lesbian Foot Fetish Scene bree.jenn<BR><BR>[b]0031_foot_worship_leggy_fetish_xxx_video_a[/b]<BR>MPEG-4 | Size: 1.37 GiB | Duration: 24mn 0s | 1920x1080<BR><BR>[b]~> Download video from KEEP2SHARE <~<BR>[url=http://k2s.cc/file/43c9617abbcc3/0031_foot_worship_leggy_fetish_xxx_video_a.mp4.part1.rar]0031_foot_worship_leggy_fetish_xxx_video_a.mp4.part1.rar[/url]<BR>[url=http://k2s.cc/file/bc5c3f1e10357/0031_foot_worship_leggy_fetish_xxx_video_a.mp4.part2.rar]0031_foot_worship_leggy_fetish_xxx_video_a.mp4.part2.rar[/url]<BR>[url=http://k2s.cc/file/5f37d56037a5f/0031_foot_worship_leggy_fetish_xxx_video_a.mp4.part3.rar]0031_foot_worship_leggy_fetish_xxx_video_a.mp4.part3.rar[/url][/b]<BR><BR>More screenshots:<BR>[URL=http://pimpandhost.com/image/53243358-medium.html][IMG]http://ist3-1.filesor.com/pimpandhost.com/1/_/_/_/1/3/B/p/1/3Bp1Q/0031_foot_worship_leggy_fetish_xxx_video_a_s_0.jpg[/IMG][/URL]<BR><BR><BR>","1307","2183","3578","1374"
" Lady Iveta Foot Worship Lady Iveta Foot Worshi","[URL=http://pimpandhost.com/image/53243271-original.html][IMG]http://ist3-1.filesor.com/pimpandhost.com/1/_/_/_/1/3/B/p/0/3Bp0r/0032_foot_worship_leggy_fetish_xxx_video_p_s.jpg[/IMG][/URL]<BR><BR>[b]Foot worship, sexy legs, leggy, foot fetish, legs worship, [/b]<BR>0032_ Lady Iveta Foot Worship Lady Iveta Foot Worshi<BR><BR>[b]0032_foot_worship_leggy_fetish_xxx_video_p[/b]<BR>MPEG-4 | Size: 323 MiB | Duration: 9mn 46s | 1280x720<BR><BR>[b]~> Download video from KEEP2SHARE <~<BR>[url=http://k2s.cc/file/e2672fe978b72/0032_foot_worship_leggy_fetish_xxx_video_p.mp4]0032_foot_worship_leggy_fetish_xxx_video_p.mp4[/url][/b]<BR><BR>More screenshots:<BR>[URL=http://pimpandhost.com/image/53243371-medium.html][IMG]http://ist3-1.filesor.com/pimpandhost.com/1/_/_/_/1/3/B/p/2/3Bp23/0032_foot_worship_leggy_fetish_xxx_video_p_s_0.jpg[/IMG][/URL]<BR><BR><BR>","1321","1981","3691","1393"
" Lady Nina Leigh BOW TO MY ARSE Femdom POV Lady Nina Leigh ","[URL=http://pimpandhost.com/image/53243273-original.html][IMG]http://ist3-2.filesor.com/pimpandhost.com/1/_/_/_/1/3/B/p/0/3Bp0t/0033_foot_worship_leggy_fetish_xxx_video_E_s.jpg[/IMG][/URL]<BR><BR>[b]Foot worship, sexy legs, leggy, foot fetish, legs worship, [/b]<BR>0033_ Lady Nina Leigh BOW TO MY ARSE Femdom POV Lady Nina Leigh BOW TO MY ARS<BR><BR>[b]0033_foot_worship_leggy_fetish_xxx_video_E[/b]<BR>MPEG-4 | Size: 333 MiB | Duration: 5mn 25s | 1920x1080<BR><BR>[b]~> Download video from KEEP2SHARE <~<BR>[url=http://k2s.cc/file/a6e5b93db993c/0033_foot_worship_leggy_fetish_xxx_video_E.mp4]0033_foot_worship_leggy_fetish_xxx_video_E.mp4[/url][/b]<BR><BR>More screenshots:<BR>[URL=http://pimpandhost.com/image/53243384-medium.html][IMG]http://ist3-2.filesor.com/pimpandhost.com/1/_/_/_/1/3/B/p/2/3Bp2g/0033_foot_worship_leggy_fetish_xxx_video_E_s_0.jpg[/IMG][/URL]<BR><BR><BR>","1322","1895","3654","1382"
" Lady Nina Leigh REAL MAN SYNDROME Femdom POV Lady Nina Lei","[URL=http://pimpandhost.com/image/53243276-original.html][IMG]http://ist3-2.filesor.com/pimpandhost.com/1/_/_/_/1/3/B/p/0/3Bp0w/0034_foot_worship_leggy_fetish_xxx_video_E_s.jpg[/IMG][/URL]<BR><BR>[b]Foot worship, sexy legs, leggy, foot fetish, legs worship, [/b]<BR>0034_ Lady Nina Leigh REAL MAN SYNDROME Femdom POV Lady Nina Leigh REAL MAN SYNDROM<BR><BR>[b]0034_foot_worship_leggy_fetish_xxx_video_E[/b]<BR>MPEG-4 | Size: 257 MiB | Duration: 7mn 22s | 1280x720<BR><BR>[b]~> Download video from KEEP2SHARE <~<BR>[url=http://k2s.cc/file/6e5004d4e1834/0034_foot_worship_leggy_fetish_xxx_video_E.mp4]0034_foot_worship_leggy_fetish_xxx_video_E.mp4[/url][/b]<BR><BR>More screenshots:<BR>[URL=http://pimpandhost.com/image/53243403-medium.html][IMG]http://ist3-2.filesor.com/pimpandhost.com/1/_/_/_/1/3/B/p/2/3Bp2z/0034_foot_worship_leggy_fetish_xxx_video_E_s_0.jpg[/IMG][/URL]<BR><BR><BR>","1300","1893","3573","1308"
" Lady Nina Leigh SELLING YOUR $ELF Femdom POV Lady Nina Lei","[URL=http://pimpandhost.com/image/53243279-original.html][IMG]http://ist3-1.filesor.com/pimpandhost.com/1/_/_/_/1/3/B/p/0/3Bp0z/0035_foot_worship_leggy_fetish_xxx_video_F_s.jpg[/IMG][/URL]<BR><BR>[b]Foot worship, sexy legs, leggy, foot fetish, legs worship, [/b]<BR>0035_ Lady Nina Leigh SELLING YOUR $ELF Femdom POV Lady Nina Leigh SELLING YOUR $EL<BR><BR>[b]0035_foot_worship_leggy_fetish_xxx_video_F[/b]<BR>MPEG-4 | Size: 346 MiB | Duration: 6mn 15s | 1920x1080<BR><BR>[b]~> Download video from KEEP2SHARE <~<BR>[url=http://k2s.cc/file/4cf98f6a0251b/0035_foot_worship_leggy_fetish_xxx_video_F.mp4]0035_foot_worship_leggy_fetish_xxx_video_F.mp4[/url][/b]<BR><BR>More screenshots:<BR>[URL=http://pimpandhost.com/image/53243415-medium.html][IMG]http://ist3-1.filesor.com/pimpandhost.com/1/_/_/_/1/3/B/p/2/3Bp2L/0035_foot_worship_leggy_fetish_xxx_video_F_s_0.jpg[/IMG][/URL]<BR><BR><BR>","1331","1637","3514","1338"
" Lady Nina Leigh STOCKINGS SUBMISSIVE Femdom POV Lady Nina ","[URL=http://pimpandhost.com/image/53243282-original.html][IMG]http://ist3-1.filesor.com/pimpandhost.com/1/_/_/_/1/3/B/p/0/3Bp0C/0036_foot_worship_leggy_fetish_xxx_video_E_s.jpg[/IMG][/URL]<BR><BR>[b]Foot worship, sexy legs, leggy, foot fetish, legs worship, [/b]<BR>0036_ Lady Nina Leigh STOCKINGS SUBMISSIVE Femdom POV Lady Nina Leigh STOCKINGS SUBMISSIV<BR><BR>[b]0036_foot_worship_leggy_fetish_xxx_video_E[/b]<BR>MPEG-4 | Size: 361 MiB | Duration: 6mn 58s | 1920x1080<BR><BR>[b]~> Download video from KEEP2SHARE <~<BR>[url=http://k2s.cc/file/53ed44bff1783/0036_foot_worship_leggy_fetish_xxx_video_E.mp4]0036_foot_worship_leggy_fetish_xxx_video_E.mp4[/url][/b]<BR><BR>More screenshots:<BR>[URL=http://pimpandhost.com/image/53243426-medium.html][IMG]http://ist3-2.filesor.com/pimpandhost.com/1/_/_/_/1/3/B/p/2/3Bp2W/0036_foot_worship_leggy_fetish_xxx_video_E_s_0.jpg[/IMG][/URL]<BR><BR><BR>","1326","1549","3542","1310"
" LegsJapan Aki Tojo Leg Rub 1080p and PicSet LegsJapan Aki ","[URL=http://pimpandhost.com/image/53243284-original.html][IMG]http://ist3-2.filesor.com/pimpandhost.com/1/_/_/_/1/3/B/p/0/3Bp0E/0037_foot_worship_leggy_fetish_xxx_video_p_s.jpg[/IMG][/URL]<BR><BR>[b]Foot worship, sexy legs, leggy, foot fetish, legs worship, [/b]<BR>0037_ LegsJapan Aki Tojo Leg Rub 1080p and PicSet LegsJapan Aki Tojo Leg Rub 1080<BR><BR>[b]0037_foot_worship_leggy_fetish_xxx_video_p[/b]<BR>MPEG-4 | Size: 518 MiB | Duration: 11mn 37s | 1920x1080<BR><BR>[b]~> Download video from KEEP2SHARE <~<BR>[url=http://k2s.cc/file/fd5c758642520/0037_foot_worship_leggy_fetish_xxx_video_p.mp4.part1.rar]0037_foot_worship_leggy_fetish_xxx_video_p.mp4.part1.rar[/url]<BR>[url=http://k2s.cc/file/27ca3aba26a85/0037_foot_worship_leggy_fetish_xxx_video_p.mp4.part2.rar]0037_foot_worship_leggy_fetish_xxx_video_p.mp4.part2.rar[/url][/b]<BR><BR>More screenshots:<BR>[URL=http://pimpandhost.com/image/53243439-medium.html][IMG]http://ist3-1.filesor.com/pimpandhost.com/1/_/_/_/1/3/B/p/3/3Bp39/0037_foot_worship_leggy_fetish_xxx_video_p_s_0.jpg[/IMG][/URL]<BR><BR><BR>","1398","1889","3598","1307"
" LegsJapan Aki Tojo Tickle andamp Finger Bang 1080p + PicSe","[URL=http://pimpandhost.com/image/53243293-original.html][IMG]http://ist3-1.filesor.com/pimpandhost.com/1/_/_/_/1/3/B/p/0/3Bp0N/0038_foot_worship_leggy_fetish_xxx_video_p_s.jpg[/IMG][/URL]<BR><BR>[b]Foot worship, sexy legs, leggy, foot fetish, legs worship, [/b]<BR>0038_ LegsJapan Aki Tojo Tickle andamp Finger Bang 1080p + PicSet Uncensored LegsJapan Aki Tojo Tickle and Finger Bang 1080<BR><BR>[b]0038_foot_worship_leggy_fetish_xxx_video_p[/b]<BR>MPEG-4 | Size: 657 MiB | Duration: 14mn 47s | 1920x1080<BR><BR>[b]~> Download video from KEEP2SHARE <~<BR>[url=http://k2s.cc/file/b00bd87bf0334/0038_foot_worship_leggy_fetish_xxx_video_p.mp4.part1.rar]0038_foot_worship_leggy_fetish_xxx_video_p.mp4.part1.rar[/url]<BR>[url=http://k2s.cc/file/205a908a176d3/0038_foot_worship_leggy_fetish_xxx_video_p.mp4.part2.rar]0038_foot_worship_leggy_fetish_xxx_video_p.mp4.part2.rar[/url][/b]<BR><BR>More screenshots:<BR>[URL=http://pimpandhost.com/image/53243447-medium.html][IMG]http://ist3-1.filesor.com/pimpandhost.com/1/_/_/_/1/3/B/p/3/3Bp3h/0038_foot_worship_leggy_fetish_xxx_video_p_s_0.jpg[/IMG][/URL]<BR><BR><BR>","1308","2227","3610","1315"
" LegsJapan Rio Kamimoto Stockings Footjob 1080p + PicSet Un","[URL=http://pimpandhost.com/image/53243296-original.html][IMG]http://ist3-1.filesor.com/pimpandhost.com/1/_/_/_/1/3/B/p/0/3Bp0Q/0039_foot_worship_leggy_fetish_xxx_video_p_s.jpg[/IMG][/URL]<BR><BR>[b]Foot worship, sexy legs, leggy, foot fetish, legs worship, [/b]<BR>0039_ LegsJapan Rio Kamimoto Stockings Footjob 1080p + PicSet Uncensored LegsJapan Rio Kamimoto Stockings Footjob 1080<BR><BR>[b]0039_foot_worship_leggy_fetish_xxx_video_p[/b]<BR>MPEG-4 | Size: 569 MiB | Duration: 12mn 47s | 1920x1080<BR><BR>[b]~> Download video from KEEP2SHARE <~<BR>[url=http://k2s.cc/file/b31f74c9e482b/0039_foot_worship_leggy_fetish_xxx_video_p.mp4.part1.rar]0039_foot_worship_leggy_fetish_xxx_video_p.mp4.part1.rar[/url]<BR>[url=http://k2s.cc/file/43ed8b5494c2f/0039_foot_worship_leggy_fetish_xxx_video_p.mp4.part2.rar]0039_foot_worship_leggy_fetish_xxx_video_p.mp4.part2.rar[/url][/b]<BR><BR>More screenshots:<BR>[URL=http://pimpandhost.com/image/53243457-medium.html][IMG]http://ist3-1.filesor.com/pimpandhost.com/1/_/_/_/1/3/B/p/3/3Bp3r/0039_foot_worship_leggy_fetish_xxx_video_p_s_0.jpg[/IMG][/URL]<BR><BR><BR>","1357","2344","3679","1378"
" LegsJapan Shino Aoi 10 Stockings Footjob 1080p + PicSet Le","[URL=http://pimpandhost.com/image/53243299-original.html][IMG]http://ist3-1.filesor.com/pimpandhost.com/1/_/_/_/1/3/B/p/0/3Bp0T/0040_foot_worship_leggy_fetish_xxx_video_p_s.jpg[/IMG][/URL]<BR><BR>[b]Foot worship, sexy legs, leggy, foot fetish, legs worship, [/b]<BR>0040_ LegsJapan Shino Aoi 10 Stockings Footjob 1080p + PicSet LegsJapan Shino Aoi Stockings Footjob 1080<BR><BR>[b]0040_foot_worship_leggy_fetish_xxx_video_p[/b]<BR>MPEG-4 | Size: 482 MiB | Duration: 10mn 51s | 1920x1080<BR><BR>[b]~> Download video from KEEP2SHARE <~<BR>[url=http://k2s.cc/file/fb2a9a9dcf492/0040_foot_worship_leggy_fetish_xxx_video_p.mp4.part1.rar]0040_foot_worship_leggy_fetish_xxx_video_p.mp4.part1.rar[/url]<BR>[url=http://k2s.cc/file/87eb9ad080390/0040_foot_worship_leggy_fetish_xxx_video_p.mp4.part2.rar]0040_foot_worship_leggy_fetish_xxx_video_p.mp4.part2.rar[/url][/b]<BR><BR>More screenshots:<BR>[URL=http://pimpandhost.com/image/53243469-medium.html][IMG]http://ist3-2.filesor.com/pimpandhost.com/1/_/_/_/1/3/B/p/3/3Bp3D/0040_foot_worship_leggy_fetish_xxx_video_p_s_0.jpg[/IMG][/URL]<BR><BR><BR>","1347","2259","3641","1370"
" LegsJapan Yui Kasugano andamp Mai Miori Teacher andamp Stu","[URL=http://pimpandhost.com/image/53243304-original.html][IMG]http://ist3-1.filesor.com/pimpandhost.com/1/_/_/_/1/3/B/p/0/3Bp0Y/0041_foot_worship_leggy_fetish_xxx_video_p_s.jpg[/IMG][/URL]<BR><BR>[b]Foot worship, sexy legs, leggy, foot fetish, legs worship, [/b]<BR>0041_ LegsJapan Yui Kasugano andamp Mai Miori Teacher andamp Student Footjob 1080p + PicSet Uncensored LegsJapan Yui Kasugano and Mai Miori Teacher and Student Footjob 1080<BR><BR>[b]0041_foot_worship_leggy_fetish_xxx_video_p[/b]<BR>MPEG-4 | Size: 474 MiB | Duration: 10mn 46s | 1920x1080<BR><BR>[b]~> Download video from KEEP2SHARE <~<BR>[url=http://k2s.cc/file/32a2cf766bc03/0041_foot_worship_leggy_fetish_xxx_video_p.mp4]0041_foot_worship_leggy_fetish_xxx_video_p.mp4[/url][/b]<BR><BR>More screenshots:<BR>[URL=http://pimpandhost.com/image/53243506-medium.html][IMG]http://ist3-1.filesor.com/pimpandhost.com/1/_/_/_/1/3/B/p/4/3Bp4e/0041_foot_worship_leggy_fetish_xxx_video_p_s_0.jpg[/IMG][/URL]<BR><BR><BR>","1328","1924","3603","1328"
" LilyCade Hardcore Foot Fuck 04 08 15 LilyMonaFee","[URL=http://pimpandhost.com/image/53243307-original.html][IMG]http://ist3-1.filesor.com/pimpandhost.com/1/_/_/_/1/3/B/p/1/3Bp11/0042_foot_worship_leggy_fetish_xxx_video_t_s.jpg[/IMG][/URL]<BR><BR>[b]Foot worship, sexy legs, leggy, foot fetish, legs worship, [/b]<BR>0042_ LilyCade Hardcore Foot Fuck 04 08 15 LilyMonaFee<BR><BR>[b]0042_foot_worship_leggy_fetish_xxx_video_t[/b]<BR>MPEG-4 | Size: 252 MiB | Duration: 16mn 13s | 1280x720<BR><BR>[b]~> Download video from KEEP2SHARE <~<BR>[url=http://k2s.cc/file/732d2aaa7d5a2/0042_foot_worship_leggy_fetish_xxx_video_t.mp4]0042_foot_worship_leggy_fetish_xxx_video_t.mp4[/url][/b]<BR><BR>More screenshots:<BR>[URL=http://pimpandhost.com/image/53243528-medium.html][IMG]http://ist3-2.filesor.com/pimpandhost.com/1/_/_/_/1/3/B/p/4/3Bp4A/0042_foot_worship_leggy_fetish_xxx_video_t_s_0.jpg[/IMG][/URL]<BR><BR><BR>","1391","2291","3574","1321"
" Meanbitches Ana Foxxx 2 DeviantDavid including ImageSet an","[URL=http://pimpandhost.com/image/53243310-original.html][IMG]http://ist3-2.filesor.com/pimpandhost.com/1/_/_/_/1/3/B/p/1/3Bp14/0043_foot_worship_leggy_fetish_xxx_video_2_s.jpg[/IMG][/URL]<BR><BR>[b]Foot worship, sexy legs, leggy, foot fetish, legs worship, [/b]<BR>0043_ Meanbitches Ana Foxxx 2 DeviantDavid including ImageSet annafoxxxandavid<BR><BR>[b]0043_foot_worship_leggy_fetish_xxx_video_2[/b]<BR>MPEG-4 | Size: 1.25 GiB | Duration: 43mn 20s | 1920x1080<BR><BR>[b]~> Download video from KEEP2SHARE <~<BR>[url=http://k2s.cc/file/c2a811b3b616f/0043_foot_worship_leggy_fetish_xxx_video_2.mp4.part1.rar]0043_foot_worship_leggy_fetish_xxx_video_2.mp4.part1.rar[/url]<BR>[url=http://k2s.cc/file/412908bae5f8c/0043_foot_worship_leggy_fetish_xxx_video_2.mp4.part2.rar]0043_foot_worship_leggy_fetish_xxx_video_2.mp4.part2.rar[/url]<BR>[url=http://k2s.cc/file/e641709aa3e48/0043_foot_worship_leggy_fetish_xxx_video_2.mp4.part3.rar]0043_foot_worship_leggy_fetish_xxx_video_2.mp4.part3.rar[/url][/b]<BR><BR>More screenshots:<BR>[URL=http://pimpandhost.com/image/53243548-medium.html][IMG]http://ist3-2.filesor.com/pimpandhost.com/1/_/_/_/1/3/B/p/4/3Bp4U/0043_foot_worship_leggy_fetish_xxx_video_2_s_0.jpg[/IMG][/URL]<BR><BR><BR>","1303","1900","3620","1329"
" Milfs Like it Big Destiny Dixon Destiny Queen of Footjobs ","[URL=http://pimpandhost.com/image/53243313-original.html][IMG]http://ist3-2.filesor.com/pimpandhost.com/1/_/_/_/1/3/B/p/1/3Bp17/0044_foot_worship_leggy_fetish_xxx_video_0_s.jpg[/IMG][/URL]<BR><BR>[b]Foot worship, sexy legs, leggy, foot fetish, legs worship, [/b]<BR>0044_ Milfs Like it Big Destiny Dixon Destiny Queen of Footjobs March 13, 2016 1080p mlib destiny dixon lc011316 1080p 1200<BR><BR>[b]0044_foot_worship_leggy_fetish_xxx_video_0[/b]<BR>MPEG-4 | Size: 2.90 GiB | Duration: 33mn 2s | 1920x1080<BR><BR>[b]~> Download video from KEEP2SHARE <~<BR>[url=http://k2s.cc/file/e603424dddcd7/0044_foot_worship_leggy_fetish_xxx_video_0.mp4.part1.rar]0044_foot_worship_leggy_fetish_xxx_video_0.mp4.part1.rar[/url]<BR>[url=http://k2s.cc/file/fd86b238bdb23/0044_foot_worship_leggy_fetish_xxx_video_0.mp4.part2.rar]0044_foot_worship_leggy_fetish_xxx_video_0.mp4.part2.rar[/url]<BR>[url=http://k2s.cc/file/6d26abd5b70bc/0044_foot_worship_leggy_fetish_xxx_video_0.mp4.part3.rar]0044_foot_worship_leggy_fetish_xxx_video_0.mp4.part3.rar[/url]<BR>[url=http://k2s.cc/file/d6fdb5bfe1d68/0044_foot_worship_leggy_fetish_xxx_video_0.mp4.part4.rar]0044_foot_worship_leggy_fetish_xxx_video_0.mp4.part4.rar[/url]<BR>[url=http://k2s.cc/file/9d80d668a8caf/0044_foot_worship_leggy_fetish_xxx_video_0.mp4.part5.rar]0044_foot_worship_leggy_fetish_xxx_video_0.mp4.part5.rar[/url]<BR>[url=http://k2s.cc/file/8c3b166800f29/0044_foot_worship_leggy_fetish_xxx_video_0.mp4.part6.rar]0044_foot_worship_leggy_fetish_xxx_video_0.mp4.part6.rar[/url]<BR>[url=http://k2s.cc/file/7188f8bdb33fe/0044_foot_worship_leggy_fetish_xxx_video_0.mp4.part7.rar]0044_foot_worship_leggy_fetish_xxx_video_0.mp4.part7.rar[/url][/b]<BR><BR>More screenshots:<BR>[URL=http://pimpandhost.com/image/53243560-medium.html][IMG]http://ist3-2.filesor.com/pimpandhost.com/1/_/_/_/1/3/B/p/5/3Bp56/0044_foot_worship_leggy_fetish_xxx_video_0_s_0.jpg[/IMG][/URL]<BR><BR><BR>","1350","2230","3580","1347"
" Mistress Alexandra Feet Slave fdu fs v alexandraliewo","[URL=http://pimpandhost.com/image/53243317-original.html][IMG]http://ist3-2.filesor.com/pimpandhost.com/1/_/_/_/1/3/B/p/1/3Bp1b/0045_foot_worship_leggy_fetish_xxx_video_r_s.jpg[/IMG][/URL]<BR><BR>[b]Foot worship, sexy legs, leggy, foot fetish, legs worship, [/b]<BR>0045_ Mistress Alexandra Feet Slave fdu fs v alexandraliewo<BR><BR>[b]0045_foot_worship_leggy_fetish_xxx_video_r[/b]<BR>Windows Media | Size: 153 MiB | Duration: 5mn 4s | 1280x720<BR><BR>[b]~> Download video from KEEP2SHARE <~<BR>[url=http://k2s.cc/file/b67ca3a054616/0045_foot_worship_leggy_fetish_xxx_video_r.wmv]0045_foot_worship_leggy_fetish_xxx_video_r.wmv[/url][/b]<BR><BR>More screenshots:<BR>[URL=http://pimpandhost.com/image/53243575-medium.html][IMG]http://ist3-1.filesor.com/pimpandhost.com/1/_/_/_/1/3/B/p/5/3Bp5l/0045_foot_worship_leggy_fetish_xxx_video_r_s_0.jpg[/IMG][/URL]<BR><BR><BR>","1324","2302","3609","1332"
" Mistress Ashley Feet Slave fdu fs v ashleyfbaredo","[URL=http://pimpandhost.com/image/53243324-original.html][IMG]http://ist3-2.filesor.com/pimpandhost.com/1/_/_/_/1/3/B/p/1/3Bp1i/0046_foot_worship_leggy_fetish_xxx_video_m_s.jpg[/IMG][/URL]<BR><BR>[b]Foot worship, sexy legs, leggy, foot fetish, legs worship, [/b]<BR>0046_ Mistress Ashley Feet Slave fdu fs v ashleyfbaredo<BR><BR>[b]0046_foot_worship_leggy_fetish_xxx_video_m[/b]<BR>Windows Media | Size: 94.9 MiB | Duration: 5mn 1s | 1280x720<BR><BR>[b]~> Download video from KEEP2SHARE <~<BR>[url=http://k2s.cc/file/e3cec8f791002/0046_foot_worship_leggy_fetish_xxx_video_m.wmv]0046_foot_worship_leggy_fetish_xxx_video_m.wmv[/url][/b]<BR><BR>More screenshots:<BR>[URL=http://pimpandhost.com/image/53243587-medium.html][IMG]http://ist3-2.filesor.com/pimpandhost.com/1/_/_/_/1/3/B/p/5/3Bp5x/0046_foot_worship_leggy_fetish_xxx_video_m_s_0.jpg[/IMG][/URL]<BR><BR><BR>","1370","1584","3596","1326"
" Mistress Jade Stocking Slave fdu ss v jadecushunde","[URL=http://pimpandhost.com/image/53243327-original.html][IMG]http://ist3-2.filesor.com/pimpandhost.com/1/_/_/_/1/3/B/p/1/3Bp1l/0047_foot_worship_leggy_fetish_xxx_video_r_s.jpg[/IMG][/URL]<BR><BR>[b]Foot worship, sexy legs, leggy, foot fetish, legs worship, [/b]<BR>0047_ Mistress Jade Stocking Slave fdu ss v jadecushunde<BR><BR>[b]0047_foot_worship_leggy_fetish_xxx_video_r[/b]<BR>Windows Media | Size: 146 MiB | Duration: 5mn 28s | 1920x1080<BR><BR>[b]~> Download video from KEEP2SHARE <~<BR>[url=http://k2s.cc/file/9a49751971033/0047_foot_worship_leggy_fetish_xxx_video_r.wmv]0047_foot_worship_leggy_fetish_xxx_video_r.wmv[/url][/b]<BR><BR>More screenshots:<BR>[URL=http://pimpandhost.com/image/53243604-medium.html][IMG]http://ist3-1.filesor.com/pimpandhost.com/1/_/_/_/1/3/B/p/5/3Bp5O/0047_foot_worship_leggy_fetish_xxx_video_r_s_0.jpg[/IMG][/URL]<BR><BR><BR>","1303","1835","3507","1350"
" Mistress Perez Feet Slave fdu fs v perezbootbar","[URL=http://pimpandhost.com/image/53243336-original.html][IMG]http://ist3-2.filesor.com/pimpandhost.com/1/_/_/_/1/3/B/p/1/3Bp1u/0048_foot_worship_leggy_fetish_xxx_video_e_s.jpg[/IMG][/URL]<BR><BR>[b]Foot worship, sexy legs, leggy, foot fetish, legs worship, [/b]<BR>0048_ Mistress Perez Feet Slave fdu fs v perezbootbar<BR><BR>[b]0048_foot_worship_leggy_fetish_xxx_video_e[/b]<BR>Windows Media | Size: 127 MiB | Duration: 5mn 35s | 1920x1080<BR><BR>[b]~> Download video from KEEP2SHARE <~<BR>[url=http://k2s.cc/file/e3d53af01577a/0048_foot_worship_leggy_fetish_xxx_video_e.wmv]0048_foot_worship_leggy_fetish_xxx_video_e.wmv[/url][/b]<BR><BR>More screenshots:<BR>[URL=http://pimpandhost.com/image/53243617-medium.html][IMG]http://ist3-1.filesor.com/pimpandhost.com/1/_/_/_/1/3/B/p/6/3Bp61/0048_foot_worship_leggy_fetish_xxx_video_e_s_0.jpg[/IMG][/URL]<BR><BR><BR>","1321","2168","3539","1350"
" Mistress Starri Boot Slave fdu bs v starristoolboo","[URL=http://pimpandhost.com/image/53243350-original.html][IMG]http://ist3-1.filesor.com/pimpandhost.com/1/_/_/_/1/3/B/p/1/3Bp1I/0049_foot_worship_leggy_fetish_xxx_video_t_s.jpg[/IMG][/URL]<BR><BR>[b]Foot worship, sexy legs, leggy, foot fetish, legs worship, [/b]<BR>0049_ Mistress Starri Boot Slave fdu bs v starristoolboo<BR><BR>[b]0049_foot_worship_leggy_fetish_xxx_video_t[/b]<BR>Windows Media | Size: 127 MiB | Duration: 5mn 36s | 1920x1080<BR><BR>[b]~> Download video from KEEP2SHARE <~<BR>[url=http://k2s.cc/file/49116a993ee84/0049_foot_worship_leggy_fetish_xxx_video_t.wmv]0049_foot_worship_leggy_fetish_xxx_video_t.wmv[/url][/b]<BR><BR>More screenshots:<BR>[URL=http://pimpandhost.com/image/53243633-medium.html][IMG]http://ist3-2.filesor.com/pimpandhost.com/1/_/_/_/1/3/B/p/6/3Bp6h/0049_foot_worship_leggy_fetish_xxx_video_t_s_0.jpg[/IMG][/URL]<BR><BR><BR>","1321","2139","3657","1312"
" Mistress Tangent Dangle Domination dangledominatio","[URL=http://pimpandhost.com/image/53243363-original.html][IMG]http://ist3-2.filesor.com/pimpandhost.com/1/_/_/_/1/3/B/p/1/3Bp1V/0050_foot_worship_leggy_fetish_xxx_video_n_s.jpg[/IMG][/URL]<BR><BR>[b]Foot worship, sexy legs, leggy, foot fetish, legs worship, [/b]<BR>0050_ Mistress Tangent Dangle Domination dangledominatio<BR><BR>[b]0050_foot_worship_leggy_fetish_xxx_video_n[/b]<BR>MPEG-4 | Size: 322 MiB | Duration: 10mn 12s | 1280x720<BR><BR>[b]~> Download video from KEEP2SHARE <~<BR>[url=http://k2s.cc/file/77eeded8e5c4f/0050_foot_worship_leggy_fetish_xxx_video_n.mp4]0050_foot_worship_leggy_fetish_xxx_video_n.mp4[/url][/b]<BR><BR>More screenshots:<BR>[URL=http://pimpandhost.com/image/53243639-medium.html][IMG]http://ist3-2.filesor.com/pimpandhost.com/1/_/_/_/1/3/B/p/6/3Bp6n/0050_foot_worship_leggy_fetish_xxx_video_n_s_0.jpg[/IMG][/URL]<BR><BR><BR>","1359","1635","3567","1362"
" My Wife Is My Pornstar 2016 03 10 Allie Haze 1080p mwmp.16","[URL=http://pimpandhost.com/image/53243368-original.html][IMG]http://ist3-1.filesor.com/pimpandhost.com/1/_/_/_/1/3/B/p/2/3Bp20/0051_foot_worship_leggy_fetish_xxx_video_e_s.jpg[/IMG][/URL]<BR><BR>[b]Foot worship, sexy legs, leggy, foot fetish, legs worship, [/b]<BR>0051_ My Wife Is My Pornstar 2016 03 10 Allie Haze 1080p mwmp.16.03.10.allie.haz<BR><BR>[b]0051_foot_worship_leggy_fetish_xxx_video_e[/b]<BR>MPEG-4 | Size: 2.56 GiB | Duration: 29mn 30s | 1920x1080<BR><BR>[b]~> Download video from KEEP2SHARE <~<BR>[url=http://k2s.cc/file/8a247793c2241/0051_foot_worship_leggy_fetish_xxx_video_e.mp4.part1.rar]0051_foot_worship_leggy_fetish_xxx_video_e.mp4.part1.rar[/url]<BR>[url=http://k2s.cc/file/ae7b50b14534f/0051_foot_worship_leggy_fetish_xxx_video_e.mp4.part2.rar]0051_foot_worship_leggy_fetish_xxx_video_e.mp4.part2.rar[/url]<BR>[url=http://k2s.cc/file/ef1afb7615d4c/0051_foot_worship_leggy_fetish_xxx_video_e.mp4.part3.rar]0051_foot_worship_leggy_fetish_xxx_video_e.mp4.part3.rar[/url]<BR>[url=http://k2s.cc/file/b79012e6bd89e/0051_foot_worship_leggy_fetish_xxx_video_e.mp4.part4.rar]0051_foot_worship_leggy_fetish_xxx_video_e.mp4.part4.rar[/url]<BR>[url=http://k2s.cc/file/c0570273397d7/0051_foot_worship_leggy_fetish_xxx_video_e.mp4.part5.rar]0051_foot_worship_leggy_fetish_xxx_video_e.mp4.part5.rar[/url]<BR>[url=http://k2s.cc/file/d8bd5f7ea45d2/0051_foot_worship_leggy_fetish_xxx_video_e.mp4.part6.rar]0051_foot_worship_leggy_fetish_xxx_video_e.mp4.part6.rar[/url][/b]<BR><BR>More screenshots:<BR>[URL=http://pimpandhost.com/image/53243642-medium.html][IMG]http://ist3-2.filesor.com/pimpandhost.com/1/_/_/_/1/3/B/p/6/3Bp6q/0051_foot_worship_leggy_fetish_xxx_video_e_s_0.jpg[/IMG][/URL]<BR><BR><BR>","1360","2344","3683","1309"
" My Wife is My Pornstar Allie Haze March 10, 2016 480p mwmp","[URL=http://pimpandhost.com/image/53243383-original.html][IMG]http://ist3-2.filesor.com/pimpandhost.com/1/_/_/_/1/3/B/p/2/3Bp2f/0052_foot_worship_leggy_fetish_xxx_video_t_s.jpg[/IMG][/URL]<BR><BR>[b]Foot worship, sexy legs, leggy, foot fetish, legs worship, [/b]<BR>0052_ My Wife is My Pornstar Allie Haze March 10, 2016 480p mwmpalliehazeryan q<BR><BR>[b]0052_foot_worship_leggy_fetish_xxx_video_t[/b]<BR>MPEG-4 | Size: 573 MiB | Duration: 29mn 30s | 854x480<BR><BR>[b]~> Download video from KEEP2SHARE <~<BR>[url=http://k2s.cc/file/9403866e683d5/0052_foot_worship_leggy_fetish_xxx_video_t.mp4.part1.rar]0052_foot_worship_leggy_fetish_xxx_video_t.mp4.part1.rar[/url]<BR>[url=http://k2s.cc/file/e25fa8266d2df/0052_foot_worship_leggy_fetish_xxx_video_t.mp4.part2.rar]0052_foot_worship_leggy_fetish_xxx_video_t.mp4.part2.rar[/url][/b]<BR><BR>More screenshots:<BR>[URL=http://pimpandhost.com/image/53243645-medium.html][IMG]http://ist3-1.filesor.com/pimpandhost.com/1/_/_/_/1/3/B/p/6/3Bp6t/0052_foot_worship_leggy_fetish_xxx_video_t_s_0.jpg[/IMG][/URL]<BR><BR><BR>","1375","1786","3613","1400"
" Naughty Rich Girls Alexis Monroe March 08, 2016 1080p nrga","[URL=http://pimpandhost.com/image/53243385-original.html][IMG]http://ist3-2.filesor.com/pimpandhost.com/1/_/_/_/1/3/B/p/2/3Bp2h/0053_foot_worship_leggy_fetish_xxx_video_0_s.jpg[/IMG][/URL]<BR><BR>[b]Foot worship, sexy legs, leggy, foot fetish, legs worship, [/b]<BR>0053_ Naughty Rich Girls Alexis Monroe March 08, 2016 1080p nrgalexiscastle 108<BR><BR>[b]0053_foot_worship_leggy_fetish_xxx_video_0[/b]<BR>MPEG-4 | Size: 2.49 GiB | Duration: 28mn 47s | 1920x1080<BR><BR>[b]~> Download video from KEEP2SHARE <~<BR>[url=http://k2s.cc/file/fe2c71d4ce0c3/0053_foot_worship_leggy_fetish_xxx_video_0.mp4.part1.rar]0053_foot_worship_leggy_fetish_xxx_video_0.mp4.part1.rar[/url]<BR>[url=http://k2s.cc/file/f7cbf7fc0476a/0053_foot_worship_leggy_fetish_xxx_video_0.mp4.part2.rar]0053_foot_worship_leggy_fetish_xxx_video_0.mp4.part2.rar[/url]<BR>[url=http://k2s.cc/file/271455be0e86f/0053_foot_worship_leggy_fetish_xxx_video_0.mp4.part3.rar]0053_foot_worship_leggy_fetish_xxx_video_0.mp4.part3.rar[/url]<BR>[url=http://k2s.cc/file/4aeeaab4560dc/0053_foot_worship_leggy_fetish_xxx_video_0.mp4.part4.rar]0053_foot_worship_leggy_fetish_xxx_video_0.mp4.part4.rar[/url]<BR>[url=http://k2s.cc/file/e8bea176a71f8/0053_foot_worship_leggy_fetish_xxx_video_0.mp4.part5.rar]0053_foot_worship_leggy_fetish_xxx_video_0.mp4.part5.rar[/url]<BR>[url=http://k2s.cc/file/4789ea25e4f7f/0053_foot_worship_leggy_fetish_xxx_video_0.mp4.part6.rar]0053_foot_worship_leggy_fetish_xxx_video_0.mp4.part6.rar[/url][/b]<BR><BR>More screenshots:<BR>[URL=http://pimpandhost.com/image/53243647-medium.html][IMG]http://ist3-2.filesor.com/pimpandhost.com/1/_/_/_/1/3/B/p/6/3Bp6v/0053_foot_worship_leggy_fetish_xxx_video_0_s_0.jpg[/IMG][/URL]<BR><BR><BR>","1321","1600","3563","1391"
" Princess Cindi Sock Jerker 20 minute JOI vid Americanmeang","[URL=http://pimpandhost.com/image/53243389-original.html][IMG]http://ist3-1.filesor.com/pimpandhost.com/1/_/_/_/1/3/B/p/2/3Bp2l/0054_foot_worship_leggy_fetish_xxx_video_r_s.jpg[/IMG][/URL]<BR><BR>[b]Foot worship, sexy legs, leggy, foot fetish, legs worship, [/b]<BR>0054_ Princess Cindi Sock Jerker 20 minute JOI vid Americanmeangirls SockJerke<BR><BR>[b]0054_foot_worship_leggy_fetish_xxx_video_r[/b]<BR>MPEG-4 | Size: 1.73 GiB | Duration: 20mn 19s | 1920x1080<BR><BR>[b]~> Download video from KEEP2SHARE <~<BR>[url=http://k2s.cc/file/75b000fd7f792/0054_foot_worship_leggy_fetish_xxx_video_r.mp4.part1.rar]0054_foot_worship_leggy_fetish_xxx_video_r.mp4.part1.rar[/url]<BR>[url=http://k2s.cc/file/05f0431e39ebb/0054_foot_worship_leggy_fetish_xxx_video_r.mp4.part2.rar]0054_foot_worship_leggy_fetish_xxx_video_r.mp4.part2.rar[/url]<BR>[url=http://k2s.cc/file/850e66a326b6c/0054_foot_worship_leggy_fetish_xxx_video_r.mp4.part3.rar]0054_foot_worship_leggy_fetish_xxx_video_r.mp4.part3.rar[/url]<BR>[url=http://k2s.cc/file/59041f1457a56/0054_foot_worship_leggy_fetish_xxx_video_r.mp4.part4.rar]0054_foot_worship_leggy_fetish_xxx_video_r.mp4.part4.rar[/url][/b]<BR><BR>More screenshots:<BR>[URL=http://pimpandhost.com/image/53243648-medium.html][IMG]http://ist3-1.filesor.com/pimpandhost.com/1/_/_/_/1/3/B/p/6/3Bp6w/0054_foot_worship_leggy_fetish_xxx_video_r_s_0.jpg[/IMG][/URL]<BR><BR><BR>","1320","2219","3534","1323"
" Raylene POV Slave Orders includin ImageSet raylene pov","[URL=http://pimpandhost.com/image/53243406-original.html][IMG]http://ist3-1.filesor.com/pimpandhost.com/1/_/_/_/1/3/B/p/2/3Bp2C/0055_foot_worship_leggy_fetish_xxx_video_1_s.jpg[/IMG][/URL]<BR><BR>[b]Foot worship, sexy legs, leggy, foot fetish, legs worship, [/b]<BR>0055_ Raylene POV Slave Orders includin ImageSet raylene pov<BR><BR>[b]0055_foot_worship_leggy_fetish_xxx_video_1[/b]<BR>MPEG-4 | Size: 370 MiB | Duration: 10mn 5s | 1280x720<BR><BR>[b]~> Download video from KEEP2SHARE <~<BR>[url=http://k2s.cc/file/149c5059936ce/0055_foot_worship_leggy_fetish_xxx_video_1.mp4]0055_foot_worship_leggy_fetish_xxx_video_1.mp4[/url][/b]<BR><BR>More screenshots:<BR>[URL=http://pimpandhost.com/image/53243660-medium.html][IMG]http://ist3-2.filesor.com/pimpandhost.com/1/_/_/_/1/3/B/p/6/3Bp6I/0055_foot_worship_leggy_fetish_xxx_video_1_s_0.jpg[/IMG][/URL]<BR><BR><BR>","1317","1689","3648","1339"
" Roselip Fetish 0408 Ribon Satsuki Smelling Ribonand 39s Kn","[URL=http://pimpandhost.com/image/53243423-original.html][IMG]http://ist3-1.filesor.com/pimpandhost.com/1/_/_/_/1/3/B/p/2/3Bp2T/0056_foot_worship_leggy_fetish_xxx_video_b_s.jpg[/IMG][/URL]<BR><BR>[b]Foot worship, sexy legs, leggy, foot fetish, legs worship, [/b]<BR>0056_ Roselip Fetish 0408 Ribon Satsuki Smelling Ribonand 39s Knee High Socks And Getting A Footjob JAVUncensored Roselip Fetish 0408 Ribon Satsuki Smelling Ribons Knee High Socks And Getting A Footjo<BR><BR>[b]0056_foot_worship_leggy_fetish_xxx_video_b[/b]<BR>Windows Media | Size: 313 MiB | Duration: 25mn 54s | 640x480<BR><BR>[b]~> Download video from KEEP2SHARE <~<BR>[url=http://k2s.cc/file/622711141217b/0056_foot_worship_leggy_fetish_xxx_video_b.wmv]0056_foot_worship_leggy_fetish_xxx_video_b.wmv[/url][/b]<BR><BR>More screenshots:<BR>[URL=http://pimpandhost.com/image/53243662-medium.html][IMG]http://ist3-1.filesor.com/pimpandhost.com/1/_/_/_/1/3/B/p/6/3Bp6K/0056_foot_worship_leggy_fetish_xxx_video_b_s_0.jpg[/IMG][/URL]<BR><BR><BR>","1396","2344","3677","1316"
" Sasha Grey, Trina Michaels andndash 10 Little Piggies go o","[URL=http://pimpandhost.com/image/53243435-original.html][IMG]http://ist3-2.filesor.com/pimpandhost.com/1/_/_/_/1/3/B/p/3/3Bp35/0057_foot_worship_leggy_fetish_xxx_video_e_s.jpg[/IMG][/URL]<BR><BR>[b]Foot worship, sexy legs, leggy, foot fetish, legs worship, [/b]<BR>0057_ Sasha Grey, Trina Michaels andndash 10 Little Piggies go on an Oral Adventure Sasha Trina 10 Little Piggies go on an Oral Adventur<BR><BR>[b]0057_foot_worship_leggy_fetish_xxx_video_e[/b]<BR>Windows Media | Size: 365 MiB | Duration: 50mn 31s | 960x540<BR><BR>[b]~> Download video from KEEP2SHARE <~<BR>[url=http://k2s.cc/file/407ae4fc57d1c/0057_foot_worship_leggy_fetish_xxx_video_e.asf]0057_foot_worship_leggy_fetish_xxx_video_e.asf[/url][/b]<BR><BR>More screenshots:<BR>[URL=http://pimpandhost.com/image/53243671-medium.html][IMG]http://ist3-1.filesor.com/pimpandhost.com/1/_/_/_/1/3/B/p/6/3Bp6T/0057_foot_worship_leggy_fetish_xxx_video_e_s_0.jpg[/IMG][/URL]<BR><BR><BR>","1365","2100","3557","1323"
" Sophia Lucille andamp Roxxy Renay Foot BitchDoublemint Dom","[URL=http://pimpandhost.com/image/53243441-original.html][IMG]http://ist3-1.filesor.com/pimpandhost.com/1/_/_/_/1/3/B/p/3/3Bp3b/0058_foot_worship_leggy_fetish_xxx_video_h_s.jpg[/IMG][/URL]<BR><BR>[b]Foot worship, sexy legs, leggy, foot fetish, legs worship, [/b]<BR>0058_ Sophia Lucille andamp Roxxy Renay Foot BitchDoublemint Doms Part Pt 5 s8575 6sophialucilleroxxyrenayfootbitc<BR><BR>[b]0058_foot_worship_leggy_fetish_xxx_video_h[/b]<BR>Windows Media | Size: 392 MiB | Duration: 6mn 44s | 1280x720<BR><BR>[b]~> Download video from KEEP2SHARE <~<BR>[url=http://k2s.cc/file/9c23791b7a9c4/0058_foot_worship_leggy_fetish_xxx_video_h.wmv]0058_foot_worship_leggy_fetish_xxx_video_h.wmv[/url][/b]<BR><BR>More screenshots:<BR>[URL=http://pimpandhost.com/image/53243676-medium.html][IMG]http://ist3-1.filesor.com/pimpandhost.com/1/_/_/_/1/3/B/p/6/3Bp6Y/0058_foot_worship_leggy_fetish_xxx_video_h_s_0.jpg[/IMG][/URL]<BR><BR><BR>","1382","2061","3671","1341"
