" Clips4Sale FOOTBEAR HD Protein Soles clips4sale ProteinSol","[URL=http://pimpandhost.com/image/53952387-original.html][IMG]http://ist3-1.filesor.com/pimpandhost.com/1/_/_/_/1/3/E/n/t/3EntN/0001_foot_worship_leggy_fetish_xxx_video_s_s.jpg[/IMG][/URL]<BR><BR>[b]Foot worship, sexy legs, leggy, foot fetish, legs worship, [/b]<BR>0001_ Clips4Sale FOOTBEAR HD Protein Soles clips4sale ProteinSole<BR><BR>[b]0001_foot_worship_leggy_fetish_xxx_video_s[/b]<BR>MPEG-4 | Size: 540 MiB | Duration: 5mn 59s | 1920x1080<BR><BR>[b]~> Download video from KEEP2SHARE <~<BR>[url=http://k2s.cc/file/d9ac5382479c9/0001_foot_worship_leggy_fetish_xxx_video_s.mp4.part1.rar]0001_foot_worship_leggy_fetish_xxx_video_s.mp4.part1.rar[/url]<BR>[url=http://k2s.cc/file/4cb49d622752a/0001_foot_worship_leggy_fetish_xxx_video_s.mp4.part2.rar]0001_foot_worship_leggy_fetish_xxx_video_s.mp4.part2.rar[/url][/b]<BR><BR>More screenshots:<BR>[URL=http://pimpandhost.com/image/53951878-medium.html][IMG]http://ist3-1.filesor.com/pimpandhost.com/1/_/_/_/1/3/E/n/l/3EnlA/0001_foot_worship_leggy_fetish_xxx_video_s_s_0.jpg[/IMG][/URL]<BR><BR><BR>","1330","1883","3565","1400"
" Goddess Foot Domination andndash Goddess Skyla Novea andnd","[URL=http://pimpandhost.com/image/53952388-original.html][IMG]http://ist3-1.filesor.com/pimpandhost.com/1/_/_/_/1/3/E/n/t/3EntO/0002_foot_worship_leggy_fetish_xxx_video_y_s.jpg[/IMG][/URL]<BR><BR>[b]Foot worship, sexy legs, leggy, foot fetish, legs worship, [/b]<BR>0002_ Goddess Foot Domination andndash Goddess Skyla Novea andndash Getting Lucky Goddess Skyla Novea Getting Luck<BR><BR>[b]0002_foot_worship_leggy_fetish_xxx_video_y[/b]<BR>Windows Media | Size: 640 MiB | Duration: 16mn 44s | 1920x1080<BR><BR>[b]~> Download video from KEEP2SHARE <~<BR>[url=http://k2s.cc/file/f7d9b3afa7865/0002_foot_worship_leggy_fetish_xxx_video_y.wmv.part1.rar]0002_foot_worship_leggy_fetish_xxx_video_y.wmv.part1.rar[/url]<BR>[url=http://k2s.cc/file/4bce731bda03f/0002_foot_worship_leggy_fetish_xxx_video_y.wmv.part2.rar]0002_foot_worship_leggy_fetish_xxx_video_y.wmv.part2.rar[/url][/b]<BR><BR>More screenshots:<BR>[URL=http://pimpandhost.com/image/53951880-medium.html][IMG]http://ist3-2.filesor.com/pimpandhost.com/1/_/_/_/1/3/E/n/l/3EnlC/0002_foot_worship_leggy_fetish_xxx_video_y_s_0.jpg[/IMG][/URL]<BR><BR><BR>","1326","2151","3562","1353"
" LadyB LEGSWORLD videos pack 59 vids 2009 1045","[URL=http://pimpandhost.com/image/53952389-original.html][IMG]http://ist3-2.filesor.com/pimpandhost.com/1/_/_/_/1/3/E/n/t/3EntP/0003_foot_worship_leggy_fetish_xxx_video_9_s.jpg[/IMG][/URL]<BR><BR>[b]Foot worship, sexy legs, leggy, foot fetish, legs worship, [/b]<BR>0003_ LadyB LEGSWORLD videos pack 59 vids 2009 1045<BR><BR>[b]0003_foot_worship_leggy_fetish_xxx_video_9[/b]<BR>Windows Media | Size: 4.08 MiB | Duration: 27s 166ms | 1280x720<BR><BR>[b]~> Download video from KEEP2SHARE <~<BR>[url=http://k2s.cc/file/226ab49085d71/0003_foot_worship_leggy_fetish_xxx_video_9.wmv]0003_foot_worship_leggy_fetish_xxx_video_9.wmv[/url][/b]<BR><BR>More screenshots:<BR><BR><BR><BR>","1324","1534","3619","1389"
" LadyB LEGSWORLD videos pack 59 vids 2009 1046","[URL=http://pimpandhost.com/image/53952390-original.html][IMG]http://ist3-2.filesor.com/pimpandhost.com/1/_/_/_/1/3/E/n/t/3EntQ/0004_foot_worship_leggy_fetish_xxx_video_1_s.jpg[/IMG][/URL]<BR><BR>[b]Foot worship, sexy legs, leggy, foot fetish, legs worship, [/b]<BR>0004_ LadyB LEGSWORLD videos pack 59 vids 2009 1046<BR><BR>[b]0004_foot_worship_leggy_fetish_xxx_video_1[/b]<BR>Windows Media | Size: 5.03 MiB | Duration: 34s 39ms | 1280x720<BR><BR>[b]~> Download video from KEEP2SHARE <~<BR>[url=http://k2s.cc/file/a953174ab046e/0004_foot_worship_leggy_fetish_xxx_video_1.wmv]0004_foot_worship_leggy_fetish_xxx_video_1.wmv[/url][/b]<BR><BR>More screenshots:<BR><BR><BR><BR>","1304","2150","3605","1389"
" LadyB LEGSWORLD videos pack 59 vids 2009 1046","[URL=http://pimpandhost.com/image/53952391-original.html][IMG]http://ist3-2.filesor.com/pimpandhost.com/1/_/_/_/1/3/E/n/t/3EntR/0005_foot_worship_leggy_fetish_xxx_video_3_s.jpg[/IMG][/URL]<BR><BR>[b]Foot worship, sexy legs, leggy, foot fetish, legs worship, [/b]<BR>0005_ LadyB LEGSWORLD videos pack 59 vids 2009 1046<BR><BR>[b]0005_foot_worship_leggy_fetish_xxx_video_3[/b]<BR>Windows Media | Size: 4.65 MiB | Duration: 31s 532ms | 1280x720<BR><BR>[b]~> Download video from KEEP2SHARE <~<BR>[url=http://k2s.cc/file/e96305d1a80b5/0005_foot_worship_leggy_fetish_xxx_video_3.wmv]0005_foot_worship_leggy_fetish_xxx_video_3.wmv[/url][/b]<BR><BR>More screenshots:<BR><BR><BR><BR>","1363","2206","3562","1400"
" LadyB LEGSWORLD videos pack 59 vids 2009 1046","[URL=http://pimpandhost.com/image/53952392-original.html][IMG]http://ist3-2.filesor.com/pimpandhost.com/1/_/_/_/1/3/E/n/t/3EntS/0006_foot_worship_leggy_fetish_xxx_video_5_s.jpg[/IMG][/URL]<BR><BR>[b]Foot worship, sexy legs, leggy, foot fetish, legs worship, [/b]<BR>0006_ LadyB LEGSWORLD videos pack 59 vids 2009 1046<BR><BR>[b]0006_foot_worship_leggy_fetish_xxx_video_5[/b]<BR>Windows Media | Size: 2.37 MiB | Duration: 14s 535ms | 1280x720<BR><BR>[b]~> Download video from KEEP2SHARE <~<BR>[url=http://k2s.cc/file/28976a424287b/0006_foot_worship_leggy_fetish_xxx_video_5.wmv]0006_foot_worship_leggy_fetish_xxx_video_5.wmv[/url][/b]<BR><BR>More screenshots:<BR><BR><BR><BR>","1390","2385","3686","1350"
" LadyB LEGSWORLD videos pack 59 vids 2009 3199","[URL=http://pimpandhost.com/image/53952393-original.html][IMG]http://ist3-1.filesor.com/pimpandhost.com/1/_/_/_/1/3/E/n/t/3EntT/0007_foot_worship_leggy_fetish_xxx_video_7_s.jpg[/IMG][/URL]<BR><BR>[b]Foot worship, sexy legs, leggy, foot fetish, legs worship, [/b]<BR>0007_ LadyB LEGSWORLD videos pack 59 vids 2009 3199<BR><BR>[b]0007_foot_worship_leggy_fetish_xxx_video_7[/b]<BR>Windows Media | Size: 2.56 MiB | Duration: 1mn 7s | 480x360<BR><BR>[b]~> Download video from KEEP2SHARE <~<BR>[url=http://k2s.cc/file/da65caa550bfc/0007_foot_worship_leggy_fetish_xxx_video_7.wmv]0007_foot_worship_leggy_fetish_xxx_video_7.wmv[/url][/b]<BR><BR>More screenshots:<BR><BR><BR><BR>","1356","1631","3630","1301"
" LadyB LEGSWORLD videos pack 59 vids 2009 3199","[URL=http://pimpandhost.com/image/53952394-original.html][IMG]http://ist3-1.filesor.com/pimpandhost.com/1/_/_/_/1/3/E/n/t/3EntU/0008_foot_worship_leggy_fetish_xxx_video_8_s.jpg[/IMG][/URL]<BR><BR>[b]Foot worship, sexy legs, leggy, foot fetish, legs worship, [/b]<BR>0008_ LadyB LEGSWORLD videos pack 59 vids 2009 3199<BR><BR>[b]0008_foot_worship_leggy_fetish_xxx_video_8[/b]<BR>Windows Media | Size: 2.97 MiB | Duration: 1mn 1s | 480x360<BR><BR>[b]~> Download video from KEEP2SHARE <~<BR>[url=http://k2s.cc/file/31d6d65bed965/0008_foot_worship_leggy_fetish_xxx_video_8.wmv]0008_foot_worship_leggy_fetish_xxx_video_8.wmv[/url][/b]<BR><BR>More screenshots:<BR><BR><BR><BR>","1353","2321","3662","1383"
" LadyB LEGSWORLD videos pack 59 vids 2009 3200","[URL=http://pimpandhost.com/image/53952395-original.html][IMG]http://ist3-1.filesor.com/pimpandhost.com/1/_/_/_/1/3/E/n/t/3EntV/0009_foot_worship_leggy_fetish_xxx_video_0_s.jpg[/IMG][/URL]<BR><BR>[b]Foot worship, sexy legs, leggy, foot fetish, legs worship, [/b]<BR>0009_ LadyB LEGSWORLD videos pack 59 vids 2009 3200<BR><BR>[b]0009_foot_worship_leggy_fetish_xxx_video_0[/b]<BR>Windows Media | Size: 3.82 MiB | Duration: 48s 616ms | 480x360<BR><BR>[b]~> Download video from KEEP2SHARE <~<BR>[url=http://k2s.cc/file/068932ac68c59/0009_foot_worship_leggy_fetish_xxx_video_0.wmv]0009_foot_worship_leggy_fetish_xxx_video_0.wmv[/url][/b]<BR><BR>More screenshots:<BR><BR><BR><BR>","1334","1619","3665","1360"
" LadyB LEGSWORLD videos pack 59 vids 2009 3200","[URL=http://pimpandhost.com/image/53952396-original.html][IMG]http://ist3-1.filesor.com/pimpandhost.com/1/_/_/_/1/3/E/n/t/3EntW/0010_foot_worship_leggy_fetish_xxx_video_1_s.jpg[/IMG][/URL]<BR><BR>[b]Foot worship, sexy legs, leggy, foot fetish, legs worship, [/b]<BR>0010_ LadyB LEGSWORLD videos pack 59 vids 2009 3200<BR><BR>[b]0010_foot_worship_leggy_fetish_xxx_video_1[/b]<BR>Windows Media | Size: 3.30 MiB | Duration: 58s 879ms | 480x360<BR><BR>[b]~> Download video from KEEP2SHARE <~<BR>[url=http://k2s.cc/file/086d84011a3f2/0010_foot_worship_leggy_fetish_xxx_video_1.wmv]0010_foot_worship_leggy_fetish_xxx_video_1.wmv[/url][/b]<BR><BR>More screenshots:<BR><BR><BR><BR>","1386","1619","3526","1310"
" LadyB LEGSWORLD videos pack 59 vids 2009 3200","[URL=http://pimpandhost.com/image/53952397-original.html][IMG]http://ist3-1.filesor.com/pimpandhost.com/1/_/_/_/1/3/E/n/t/3EntX/0011_foot_worship_leggy_fetish_xxx_video_4_s.jpg[/IMG][/URL]<BR><BR>[b]Foot worship, sexy legs, leggy, foot fetish, legs worship, [/b]<BR>0011_ LadyB LEGSWORLD videos pack 59 vids 2009 3200<BR><BR>[b]0011_foot_worship_leggy_fetish_xxx_video_4[/b]<BR>Windows Media | Size: 4.22 MiB | Duration: 1mn 41s | 480x360<BR><BR>[b]~> Download video from KEEP2SHARE <~<BR>[url=http://k2s.cc/file/3aac8ff4f5da9/0011_foot_worship_leggy_fetish_xxx_video_4.wmv]0011_foot_worship_leggy_fetish_xxx_video_4.wmv[/url][/b]<BR><BR>More screenshots:<BR>[URL=http://pimpandhost.com/image/53951881-medium.html][IMG]http://ist3-2.filesor.com/pimpandhost.com/1/_/_/_/1/3/E/n/l/3EnlD/0011_foot_worship_leggy_fetish_xxx_video_4_s_0.jpg[/IMG][/URL]<BR><BR><BR>","1317","2153","3699","1322"
" LadyB LEGSWORLD videos pack 59 vids 2009 3200","[URL=http://pimpandhost.com/image/53952398-original.html][IMG]http://ist3-2.filesor.com/pimpandhost.com/1/_/_/_/1/3/E/n/t/3EntY/0012_foot_worship_leggy_fetish_xxx_video_5_s.jpg[/IMG][/URL]<BR><BR>[b]Foot worship, sexy legs, leggy, foot fetish, legs worship, [/b]<BR>0012_ LadyB LEGSWORLD videos pack 59 vids 2009 3200<BR><BR>[b]0012_foot_worship_leggy_fetish_xxx_video_5[/b]<BR>Windows Media | Size: 2.77 MiB | Duration: 1mn 3s | 480x360<BR><BR>[b]~> Download video from KEEP2SHARE <~<BR>[url=http://k2s.cc/file/21712a805776e/0012_foot_worship_leggy_fetish_xxx_video_5.wmv]0012_foot_worship_leggy_fetish_xxx_video_5.wmv[/url][/b]<BR><BR>More screenshots:<BR><BR><BR><BR>","1345","1964","3521","1307"
" LadyB LEGSWORLD videos pack 59 vids 2009 3200","[URL=http://pimpandhost.com/image/53952400-original.html][IMG]http://ist3-1.filesor.com/pimpandhost.com/1/_/_/_/1/3/E/n/u/3Enu0/0013_foot_worship_leggy_fetish_xxx_video_7_s.jpg[/IMG][/URL]<BR><BR>[b]Foot worship, sexy legs, leggy, foot fetish, legs worship, [/b]<BR>0013_ LadyB LEGSWORLD videos pack 59 vids 2009 3200<BR><BR>[b]0013_foot_worship_leggy_fetish_xxx_video_7[/b]<BR>Windows Media | Size: 7.12 MiB | Duration: 1mn 8s | 480x360<BR><BR>[b]~> Download video from KEEP2SHARE <~<BR>[url=http://k2s.cc/file/334af7a35d817/0013_foot_worship_leggy_fetish_xxx_video_7.wmv]0013_foot_worship_leggy_fetish_xxx_video_7.wmv[/url][/b]<BR><BR>More screenshots:<BR>[URL=http://pimpandhost.com/image/53951886-medium.html][IMG]http://ist3-1.filesor.com/pimpandhost.com/1/_/_/_/1/3/E/n/l/3EnlI/0013_foot_worship_leggy_fetish_xxx_video_7_s_0.jpg[/IMG][/URL]<BR><BR><BR>","1330","1877","3513","1319"
" LadyB LEGSWORLD videos pack 59 vids 2009 3200","[URL=http://pimpandhost.com/image/53952403-original.html][IMG]http://ist3-2.filesor.com/pimpandhost.com/1/_/_/_/1/3/E/n/u/3Enu3/0014_foot_worship_leggy_fetish_xxx_video_9_s.jpg[/IMG][/URL]<BR><BR>[b]Foot worship, sexy legs, leggy, foot fetish, legs worship, [/b]<BR>0014_ LadyB LEGSWORLD videos pack 59 vids 2009 3200<BR><BR>[b]0014_foot_worship_leggy_fetish_xxx_video_9[/b]<BR>Windows Media | Size: 7.02 MiB | Duration: 1mn 14s | 480x360<BR><BR>[b]~> Download video from KEEP2SHARE <~<BR>[url=http://k2s.cc/file/90f310af6764e/0014_foot_worship_leggy_fetish_xxx_video_9.wmv]0014_foot_worship_leggy_fetish_xxx_video_9.wmv[/url][/b]<BR><BR>More screenshots:<BR>[URL=http://pimpandhost.com/image/53951887-medium.html][IMG]http://ist3-2.filesor.com/pimpandhost.com/1/_/_/_/1/3/E/n/l/3EnlJ/0014_foot_worship_leggy_fetish_xxx_video_9_s_0.jpg[/IMG][/URL]<BR><BR><BR>","1340","2400","3640","1397"
" LadyB LEGSWORLD videos pack 59 vids 2009 3201","[URL=http://pimpandhost.com/image/53952408-original.html][IMG]http://ist3-1.filesor.com/pimpandhost.com/1/_/_/_/1/3/E/n/u/3Enu8/0015_foot_worship_leggy_fetish_xxx_video_1_s.jpg[/IMG][/URL]<BR><BR>[b]Foot worship, sexy legs, leggy, foot fetish, legs worship, [/b]<BR>0015_ LadyB LEGSWORLD videos pack 59 vids 2009 3201<BR><BR>[b]0015_foot_worship_leggy_fetish_xxx_video_1[/b]<BR>Windows Media | Size: 6.35 MiB | Duration: 1mn 6s | 480x360<BR><BR>[b]~> Download video from KEEP2SHARE <~<BR>[url=http://k2s.cc/file/3710e11225868/0015_foot_worship_leggy_fetish_xxx_video_1.wmv]0015_foot_worship_leggy_fetish_xxx_video_1.wmv[/url][/b]<BR><BR>More screenshots:<BR><BR><BR><BR>","1314","1817","3696","1368"
" LadyB LEGSWORLD videos pack 59 vids 2009 3201","[URL=http://pimpandhost.com/image/53952409-original.html][IMG]http://ist3-1.filesor.com/pimpandhost.com/1/_/_/_/1/3/E/n/u/3Enu9/0016_foot_worship_leggy_fetish_xxx_video_5_s.jpg[/IMG][/URL]<BR><BR>[b]Foot worship, sexy legs, leggy, foot fetish, legs worship, [/b]<BR>0016_ LadyB LEGSWORLD videos pack 59 vids 2009 3201<BR><BR>[b]0016_foot_worship_leggy_fetish_xxx_video_5[/b]<BR>Windows Media | Size: 17.3 MiB | Duration: 2mn 27s | 480x360<BR><BR>[b]~> Download video from KEEP2SHARE <~<BR>[url=http://k2s.cc/file/da1311bd5ca04/0016_foot_worship_leggy_fetish_xxx_video_5.wmv]0016_foot_worship_leggy_fetish_xxx_video_5.wmv[/url][/b]<BR><BR>More screenshots:<BR>[URL=http://pimpandhost.com/image/53951889-medium.html][IMG]http://ist3-1.filesor.com/pimpandhost.com/1/_/_/_/1/3/E/n/l/3EnlL/0016_foot_worship_leggy_fetish_xxx_video_5_s_0.jpg[/IMG][/URL]<BR><BR><BR>","1326","2207","3602","1360"
" LadyB LEGSWORLD videos pack 59 vids 2009 3201","[URL=http://pimpandhost.com/image/53952413-original.html][IMG]http://ist3-2.filesor.com/pimpandhost.com/1/_/_/_/1/3/E/n/u/3Enud/0017_foot_worship_leggy_fetish_xxx_video_7_s.jpg[/IMG][/URL]<BR><BR>[b]Foot worship, sexy legs, leggy, foot fetish, legs worship, [/b]<BR>0017_ LadyB LEGSWORLD videos pack 59 vids 2009 3201<BR><BR>[b]0017_foot_worship_leggy_fetish_xxx_video_7[/b]<BR>Windows Media | Size: 3.53 MiB | Duration: 1mn 13s | 480x360<BR><BR>[b]~> Download video from KEEP2SHARE <~<BR>[url=http://k2s.cc/file/48181c66b0f3e/0017_foot_worship_leggy_fetish_xxx_video_7.wmv]0017_foot_worship_leggy_fetish_xxx_video_7.wmv[/url][/b]<BR><BR>More screenshots:<BR>[URL=http://pimpandhost.com/image/53951892-medium.html][IMG]http://ist3-1.filesor.com/pimpandhost.com/1/_/_/_/1/3/E/n/l/3EnlO/0017_foot_worship_leggy_fetish_xxx_video_7_s_0.jpg[/IMG][/URL]<BR><BR><BR>","1392","1798","3540","1378"
" LadyB LEGSWORLD videos pack 59 vids LB titworkou","[URL=http://pimpandhost.com/image/53952419-original.html][IMG]http://ist3-1.filesor.com/pimpandhost.com/1/_/_/_/1/3/E/n/u/3Enuj/0018_foot_worship_leggy_fetish_xxx_video_t_s.jpg[/IMG][/URL]<BR><BR>[b]Foot worship, sexy legs, leggy, foot fetish, legs worship, [/b]<BR>0018_ LadyB LEGSWORLD videos pack 59 vids LB titworkou<BR><BR>[b]0018_foot_worship_leggy_fetish_xxx_video_t[/b]<BR>Windows Media | Size: 132 MiB | Duration: 21mn 25s | 480x360<BR><BR>[b]~> Download video from KEEP2SHARE <~<BR>[url=http://k2s.cc/file/d5aab03cd0fa6/0018_foot_worship_leggy_fetish_xxx_video_t.wmv]0018_foot_worship_leggy_fetish_xxx_video_t.wmv[/url][/b]<BR><BR>More screenshots:<BR>[URL=http://pimpandhost.com/image/53951893-medium.html][IMG]http://ist3-1.filesor.com/pimpandhost.com/1/_/_/_/1/3/E/n/l/3EnlP/0018_foot_worship_leggy_fetish_xxx_video_t_s_0.jpg[/IMG][/URL]<BR><BR><BR>","1346","1800","3676","1364"
" LadyB LEGSWORLD videos pack 59 vids LBfncl90","[URL=http://pimpandhost.com/image/53952423-original.html][IMG]http://ist3-2.filesor.com/pimpandhost.com/1/_/_/_/1/3/E/n/u/3Enun/0019_foot_worship_leggy_fetish_xxx_video_s_s.jpg[/IMG][/URL]<BR><BR>[b]Foot worship, sexy legs, leggy, foot fetish, legs worship, [/b]<BR>0019_ LadyB LEGSWORLD videos pack 59 vids LBfncl90<BR><BR>[b]0019_foot_worship_leggy_fetish_xxx_video_s[/b]<BR>Windows Media | Size: 11.7 MiB | Duration: 1mn 47s | 320x240<BR><BR>[b]~> Download video from KEEP2SHARE <~<BR>[url=http://k2s.cc/file/dfd17b7226e2c/0019_foot_worship_leggy_fetish_xxx_video_s.wmv]0019_foot_worship_leggy_fetish_xxx_video_s.wmv[/url][/b]<BR><BR>More screenshots:<BR>[URL=http://pimpandhost.com/image/53951894-medium.html][IMG]http://ist3-2.filesor.com/pimpandhost.com/1/_/_/_/1/3/E/n/l/3EnlQ/0019_foot_worship_leggy_fetish_xxx_video_s_s_0.jpg[/IMG][/URL]<BR><BR><BR>","1305","2281","3671","1351"
" LadyB LEGSWORLD videos pack 59 vids Lady.B.March.298","[URL=http://pimpandhost.com/image/53952426-original.html][IMG]http://ist3-1.filesor.com/pimpandhost.com/1/_/_/_/1/3/E/n/u/3Enuq/0020_foot_worship_leggy_fetish_xxx_video_1_s.jpg[/IMG][/URL]<BR><BR>[b]Foot worship, sexy legs, leggy, foot fetish, legs worship, [/b]<BR>0020_ LadyB LEGSWORLD videos pack 59 vids Lady.B.March.298<BR><BR>[b]0020_foot_worship_leggy_fetish_xxx_video_1[/b]<BR>AVI | Size: 298 MiB | Duration: 6mn 33s | 1280x720<BR><BR>[b]~> Download video from KEEP2SHARE <~<BR>[url=http://k2s.cc/file/5433e6143d9d4/0020_foot_worship_leggy_fetish_xxx_video_1.avi]0020_foot_worship_leggy_fetish_xxx_video_1.avi[/url][/b]<BR><BR>More screenshots:<BR>[URL=http://pimpandhost.com/image/53951896-medium.html][IMG]http://ist3-2.filesor.com/pimpandhost.com/1/_/_/_/1/3/E/n/l/3EnlS/0020_foot_worship_leggy_fetish_xxx_video_1_s_0.jpg[/IMG][/URL]<BR><BR><BR>","1338","2363","3616","1368"
" LadyB LEGSWORLD videos pack 59 vids Lady.B.wal","[URL=http://pimpandhost.com/image/53952427-original.html][IMG]http://ist3-1.filesor.com/pimpandhost.com/1/_/_/_/1/3/E/n/u/3Enur/0021_foot_worship_leggy_fetish_xxx_video_k_s.jpg[/IMG][/URL]<BR><BR>[b]Foot worship, sexy legs, leggy, foot fetish, legs worship, [/b]<BR>0021_ LadyB LEGSWORLD videos pack 59 vids Lady.B.wal<BR><BR>[b]0021_foot_worship_leggy_fetish_xxx_video_k[/b]<BR>Windows Media | Size: 16.2 MiB | Duration: 48s 981ms | 640x480<BR><BR>[b]~> Download video from KEEP2SHARE <~<BR>[url=http://k2s.cc/file/db646823b131c/0021_foot_worship_leggy_fetish_xxx_video_k.wmv]0021_foot_worship_leggy_fetish_xxx_video_k.wmv[/url][/b]<BR><BR>More screenshots:<BR><BR><BR><BR>","1338","2086","3676","1378"
" LadyB LEGSWORLD videos pack 59 vids Lady.Barbara.FootBull.","[URL=http://pimpandhost.com/image/53952428-original.html][IMG]http://ist3-2.filesor.com/pimpandhost.com/1/_/_/_/1/3/E/n/u/3Enus/0022_foot_worship_leggy_fetish_xxx_video_9_s.jpg[/IMG][/URL]<BR><BR>[b]Foot worship, sexy legs, leggy, foot fetish, legs worship, [/b]<BR>0022_ LadyB LEGSWORLD videos pack 59 vids Lady.Barbara.FootBull.Orkan.301<BR><BR>[b]0022_foot_worship_leggy_fetish_xxx_video_9[/b]<BR>Windows Media | Size: 127 MiB | Duration: 3mn 31s | 1280x720<BR><BR>[b]~> Download video from KEEP2SHARE <~<BR>[url=http://k2s.cc/file/93727ce81fc73/0022_foot_worship_leggy_fetish_xxx_video_9.wmv]0022_foot_worship_leggy_fetish_xxx_video_9.wmv[/url][/b]<BR><BR>More screenshots:<BR>[URL=http://pimpandhost.com/image/53951897-medium.html][IMG]http://ist3-2.filesor.com/pimpandhost.com/1/_/_/_/1/3/E/n/l/3EnlT/0022_foot_worship_leggy_fetish_xxx_video_9_s_0.jpg[/IMG][/URL]<BR><BR><BR>","1365","2021","3649","1380"
" LadyB LEGSWORLD videos pack 59 vids Lady.E.In.Sheer.Pantyh","[URL=http://pimpandhost.com/image/53952429-original.html][IMG]http://ist3-1.filesor.com/pimpandhost.com/1/_/_/_/1/3/E/n/u/3Enut/0023_foot_worship_leggy_fetish_xxx_video_7_s.jpg[/IMG][/URL]<BR><BR>[b]Foot worship, sexy legs, leggy, foot fetish, legs worship, [/b]<BR>0023_ LadyB LEGSWORLD videos pack 59 vids Lady.E.In.Sheer.Pantyhose.on.the.Old.Swing.301<BR><BR>[b]0023_foot_worship_leggy_fetish_xxx_video_7[/b]<BR>Windows Media | Size: 109 MiB | Duration: 3mn 0s | 1280x720<BR><BR>[b]~> Download video from KEEP2SHARE <~<BR>[url=http://k2s.cc/file/ead052a11947e/0023_foot_worship_leggy_fetish_xxx_video_7.wmv]0023_foot_worship_leggy_fetish_xxx_video_7.wmv[/url][/b]<BR><BR>More screenshots:<BR>[URL=http://pimpandhost.com/image/53951898-medium.html][IMG]http://ist3-2.filesor.com/pimpandhost.com/1/_/_/_/1/3/E/n/l/3EnlU/0023_foot_worship_leggy_fetish_xxx_video_7_s_0.jpg[/IMG][/URL]<BR><BR><BR>","1394","2148","3594","1319"
" LadyB LEGSWORLD videos pack 59 vids Lady.E.Penis.Crushing.","[URL=http://pimpandhost.com/image/53952430-original.html][IMG]http://ist3-1.filesor.com/pimpandhost.com/1/_/_/_/1/3/E/n/u/3Enuu/0024_foot_worship_leggy_fetish_xxx_video_8_s.jpg[/IMG][/URL]<BR><BR>[b]Foot worship, sexy legs, leggy, foot fetish, legs worship, [/b]<BR>0024_ LadyB LEGSWORLD videos pack 59 vids Lady.E.Penis.Crushing.299<BR><BR>[b]0024_foot_worship_leggy_fetish_xxx_video_8[/b]<BR>Windows Media | Size: 106 MiB | Duration: 2mn 57s | 1280x720<BR><BR>[b]~> Download video from KEEP2SHARE <~<BR>[url=http://k2s.cc/file/83415af50fb01/0024_foot_worship_leggy_fetish_xxx_video_8.wmv]0024_foot_worship_leggy_fetish_xxx_video_8.wmv[/url][/b]<BR><BR>More screenshots:<BR>[URL=http://pimpandhost.com/image/53951899-medium.html][IMG]http://ist3-2.filesor.com/pimpandhost.com/1/_/_/_/1/3/E/n/l/3EnlV/0024_foot_worship_leggy_fetish_xxx_video_8_s_0.jpg[/IMG][/URL]<BR><BR><BR>","1350","2383","3660","1342"
" LadyB LEGSWORLD videos pack 59 vids Lady.E.The.Foot.Fucker","[URL=http://pimpandhost.com/image/53952431-original.html][IMG]http://ist3-2.filesor.com/pimpandhost.com/1/_/_/_/1/3/E/n/u/3Enuv/0025_foot_worship_leggy_fetish_xxx_video_6_s.jpg[/IMG][/URL]<BR><BR>[b]Foot worship, sexy legs, leggy, foot fetish, legs worship, [/b]<BR>0025_ LadyB LEGSWORLD videos pack 59 vids Lady.E.The.Foot.Fucker.299<BR><BR>[b]0025_foot_worship_leggy_fetish_xxx_video_6[/b]<BR>Windows Media | Size: 87.9 MiB | Duration: 2mn 26s | 1280x720<BR><BR>[b]~> Download video from KEEP2SHARE <~<BR>[url=http://k2s.cc/file/f3cc5897304bb/0025_foot_worship_leggy_fetish_xxx_video_6.wmv]0025_foot_worship_leggy_fetish_xxx_video_6.wmv[/url][/b]<BR><BR>More screenshots:<BR>[URL=http://pimpandhost.com/image/53951900-medium.html][IMG]http://ist3-2.filesor.com/pimpandhost.com/1/_/_/_/1/3/E/n/l/3EnlW/0025_foot_worship_leggy_fetish_xxx_video_6_s_0.jpg[/IMG][/URL]<BR><BR><BR>","1331","1500","3539","1378"
" LadyB LEGSWORLD videos pack 59 vids Lady.E.Weights.and.7.I","[URL=http://pimpandhost.com/image/53952432-original.html][IMG]http://ist3-1.filesor.com/pimpandhost.com/1/_/_/_/1/3/E/n/u/3Enuw/0026_foot_worship_leggy_fetish_xxx_video_7_s.jpg[/IMG][/URL]<BR><BR>[b]Foot worship, sexy legs, leggy, foot fetish, legs worship, [/b]<BR>0026_ LadyB LEGSWORLD videos pack 59 vids Lady.E.Weights.and.7.Inch.Pumps.294<BR><BR>[b]0026_foot_worship_leggy_fetish_xxx_video_7[/b]<BR>Windows Media | Size: 97.7 MiB | Duration: 2mn 43s | 1280x720<BR><BR>[b]~> Download video from KEEP2SHARE <~<BR>[url=http://k2s.cc/file/98bb7dabe82ea/0026_foot_worship_leggy_fetish_xxx_video_7.wmv]0026_foot_worship_leggy_fetish_xxx_video_7.wmv[/url][/b]<BR><BR>More screenshots:<BR>[URL=http://pimpandhost.com/image/53951901-medium.html][IMG]http://ist3-1.filesor.com/pimpandhost.com/1/_/_/_/1/3/E/n/l/3EnlX/0026_foot_worship_leggy_fetish_xxx_video_7_s_0.jpg[/IMG][/URL]<BR><BR><BR>","1333","1567","3582","1339"
" LadyB LEGSWORLD videos pack 59 vids LadyB DrMeie","[URL=http://pimpandhost.com/image/53952433-original.html][IMG]http://ist3-1.filesor.com/pimpandhost.com/1/_/_/_/1/3/E/n/u/3Enux/0027_foot_worship_leggy_fetish_xxx_video_r_s.jpg[/IMG][/URL]<BR><BR>[b]Foot worship, sexy legs, leggy, foot fetish, legs worship, [/b]<BR>0027_ LadyB LEGSWORLD videos pack 59 vids LadyB DrMeie<BR><BR>[b]0027_foot_worship_leggy_fetish_xxx_video_r[/b]<BR>Windows Media | Size: 55.6 MiB | Duration: 8mn 56s | 1024x768<BR><BR>[b]~> Download video from KEEP2SHARE <~<BR>[url=http://k2s.cc/file/fe56eec976686/0027_foot_worship_leggy_fetish_xxx_video_r.wmv]0027_foot_worship_leggy_fetish_xxx_video_r.wmv[/url][/b]<BR><BR>More screenshots:<BR>[URL=http://pimpandhost.com/image/53951902-medium.html][IMG]http://ist3-2.filesor.com/pimpandhost.com/1/_/_/_/1/3/E/n/l/3EnlY/0027_foot_worship_leggy_fetish_xxx_video_r_s_0.jpg[/IMG][/URL]<BR><BR><BR>","1395","1737","3680","1332"
" LadyB LEGSWORLD videos pack 59 vids LadyB beac","[URL=http://pimpandhost.com/image/53952434-original.html][IMG]http://ist3-1.filesor.com/pimpandhost.com/1/_/_/_/1/3/E/n/u/3Enuy/0028_foot_worship_leggy_fetish_xxx_video_h_s.jpg[/IMG][/URL]<BR><BR>[b]Foot worship, sexy legs, leggy, foot fetish, legs worship, [/b]<BR>0028_ LadyB LEGSWORLD videos pack 59 vids LadyB beac<BR><BR>[b]0028_foot_worship_leggy_fetish_xxx_video_h[/b]<BR>Windows Media | Size: 80.3 MiB | Duration: 8mn 59s | 1280x720<BR><BR>[b]~> Download video from KEEP2SHARE <~<BR>[url=http://k2s.cc/file/a8fa789fe1fba/0028_foot_worship_leggy_fetish_xxx_video_h.wmv]0028_foot_worship_leggy_fetish_xxx_video_h.wmv[/url][/b]<BR><BR>More screenshots:<BR>[URL=http://pimpandhost.com/image/53951903-medium.html][IMG]http://ist3-1.filesor.com/pimpandhost.com/1/_/_/_/1/3/E/n/l/3EnlZ/0028_foot_worship_leggy_fetish_xxx_video_h_s_0.jpg[/IMG][/URL]<BR><BR><BR>","1322","1932","3501","1360"
" LadyB LEGSWORLD videos pack 59 vids LadyB blindd","[URL=http://pimpandhost.com/image/53952435-original.html][IMG]http://ist3-1.filesor.com/pimpandhost.com/1/_/_/_/1/3/E/n/u/3Enuz/0029_foot_worship_leggy_fetish_xxx_video_2_s.jpg[/IMG][/URL]<BR><BR>[b]Foot worship, sexy legs, leggy, foot fetish, legs worship, [/b]<BR>0029_ LadyB LEGSWORLD videos pack 59 vids LadyB blindd<BR><BR>[b]0029_foot_worship_leggy_fetish_xxx_video_2[/b]<BR>Windows Media | Size: 29.3 MiB | Duration: 3mn 14s | 1280x720<BR><BR>[b]~> Download video from KEEP2SHARE <~<BR>[url=http://k2s.cc/file/f84d49f717e94/0029_foot_worship_leggy_fetish_xxx_video_2.wmv]0029_foot_worship_leggy_fetish_xxx_video_2.wmv[/url][/b]<BR><BR>More screenshots:<BR>[URL=http://pimpandhost.com/image/53951904-medium.html][IMG]http://ist3-2.filesor.com/pimpandhost.com/1/_/_/_/1/3/E/n/m/3Enm0/0029_foot_worship_leggy_fetish_xxx_video_2_s_0.jpg[/IMG][/URL]<BR><BR><BR>","1313","2298","3576","1378"
" LadyB LEGSWORLD videos pack 59 vids LadyB footslave","[URL=http://pimpandhost.com/image/53952438-original.html][IMG]http://ist3-1.filesor.com/pimpandhost.com/1/_/_/_/1/3/E/n/u/3EnuC/0030_foot_worship_leggy_fetish_xxx_video_1_s.jpg[/IMG][/URL]<BR><BR>[b]Foot worship, sexy legs, leggy, foot fetish, legs worship, [/b]<BR>0030_ LadyB LEGSWORLD videos pack 59 vids LadyB footslave<BR><BR>[b]0030_foot_worship_leggy_fetish_xxx_video_1[/b]<BR>Windows Media | Size: 13.2 MiB | Duration: 2mn 1s | 720x536<BR><BR>[b]~> Download video from KEEP2SHARE <~<BR>[url=http://k2s.cc/file/0385961092f86/0030_foot_worship_leggy_fetish_xxx_video_1.wmv]0030_foot_worship_leggy_fetish_xxx_video_1.wmv[/url][/b]<BR><BR>More screenshots:<BR>[URL=http://pimpandhost.com/image/53951905-medium.html][IMG]http://ist3-1.filesor.com/pimpandhost.com/1/_/_/_/1/3/E/n/m/3Enm1/0030_foot_worship_leggy_fetish_xxx_video_1_s_0.jpg[/IMG][/URL]<BR><BR><BR>","1347","1610","3615","1340"
" LadyB LEGSWORLD videos pack 59 vids LadyB gloryslu","[URL=http://pimpandhost.com/image/53952441-original.html][IMG]http://ist3-1.filesor.com/pimpandhost.com/1/_/_/_/1/3/E/n/u/3EnuF/0031_foot_worship_leggy_fetish_xxx_video_t_s.jpg[/IMG][/URL]<BR><BR>[b]Foot worship, sexy legs, leggy, foot fetish, legs worship, [/b]<BR>0031_ LadyB LEGSWORLD videos pack 59 vids LadyB gloryslu<BR><BR>[b]0031_foot_worship_leggy_fetish_xxx_video_t[/b]<BR>Windows Media | Size: 19.2 MiB | Duration: 2mn 4s | 1280x720<BR><BR>[b]~> Download video from KEEP2SHARE <~<BR>[url=http://k2s.cc/file/70ba7f63064b4/0031_foot_worship_leggy_fetish_xxx_video_t.wmv]0031_foot_worship_leggy_fetish_xxx_video_t.wmv[/url][/b]<BR><BR>More screenshots:<BR>[URL=http://pimpandhost.com/image/53951906-medium.html][IMG]http://ist3-1.filesor.com/pimpandhost.com/1/_/_/_/1/3/E/n/m/3Enm2/0031_foot_worship_leggy_fetish_xxx_video_t_s_0.jpg[/IMG][/URL]<BR><BR><BR>","1385","1543","3619","1334"
" LadyB LEGSWORLD videos pack 59 vids LadyB slave","[URL=http://pimpandhost.com/image/53952442-original.html][IMG]http://ist3-2.filesor.com/pimpandhost.com/1/_/_/_/1/3/E/n/u/3EnuG/0032_foot_worship_leggy_fetish_xxx_video_1_s.jpg[/IMG][/URL]<BR><BR>[b]Foot worship, sexy legs, leggy, foot fetish, legs worship, [/b]<BR>0032_ LadyB LEGSWORLD videos pack 59 vids LadyB slave<BR><BR>[b]0032_foot_worship_leggy_fetish_xxx_video_1[/b]<BR>Windows Media | Size: 33.6 MiB | Duration: 3mn 50s | 1280x720<BR><BR>[b]~> Download video from KEEP2SHARE <~<BR>[url=http://k2s.cc/file/2a9acf97078cd/0032_foot_worship_leggy_fetish_xxx_video_1.wmv]0032_foot_worship_leggy_fetish_xxx_video_1.wmv[/url][/b]<BR><BR>More screenshots:<BR>[URL=http://pimpandhost.com/image/53951907-medium.html][IMG]http://ist3-1.filesor.com/pimpandhost.com/1/_/_/_/1/3/E/n/m/3Enm3/0032_foot_worship_leggy_fetish_xxx_video_1_s_0.jpg[/IMG][/URL]<BR><BR><BR>","1302","1850","3654","1334"
" LadyB LEGSWORLD videos pack 59 vids LadyB slave","[URL=http://pimpandhost.com/image/53952443-original.html][IMG]http://ist3-2.filesor.com/pimpandhost.com/1/_/_/_/1/3/E/n/u/3EnuH/0033_foot_worship_leggy_fetish_xxx_video_2_s.jpg[/IMG][/URL]<BR><BR>[b]Foot worship, sexy legs, leggy, foot fetish, legs worship, [/b]<BR>0033_ LadyB LEGSWORLD videos pack 59 vids LadyB slave<BR><BR>[b]0033_foot_worship_leggy_fetish_xxx_video_2[/b]<BR>Windows Media | Size: 59.0 MiB | Duration: 6mn 39s | 1280x720<BR><BR>[b]~> Download video from KEEP2SHARE <~<BR>[url=http://k2s.cc/file/4c994619a49fb/0033_foot_worship_leggy_fetish_xxx_video_2.wmv]0033_foot_worship_leggy_fetish_xxx_video_2.wmv[/url][/b]<BR><BR>More screenshots:<BR>[URL=http://pimpandhost.com/image/53951908-medium.html][IMG]http://ist3-2.filesor.com/pimpandhost.com/1/_/_/_/1/3/E/n/m/3Enm4/0033_foot_worship_leggy_fetish_xxx_video_2_s_0.jpg[/IMG][/URL]<BR><BR><BR>","1339","2371","3523","1373"
" LadyB LEGSWORLD videos pack 59 vids LadyB whi","[URL=http://pimpandhost.com/image/53952444-original.html][IMG]http://ist3-1.filesor.com/pimpandhost.com/1/_/_/_/1/3/E/n/u/3EnuI/0034_foot_worship_leggy_fetish_xxx_video_p_s.jpg[/IMG][/URL]<BR><BR>[b]Foot worship, sexy legs, leggy, foot fetish, legs worship, [/b]<BR>0034_ LadyB LEGSWORLD videos pack 59 vids LadyB whi<BR><BR>[b]0034_foot_worship_leggy_fetish_xxx_video_p[/b]<BR>Windows Media | Size: 99.5 MiB | Duration: 11mn 20s | 1280x720<BR><BR>[b]~> Download video from KEEP2SHARE <~<BR>[url=http://k2s.cc/file/b7a48d75c172c/0034_foot_worship_leggy_fetish_xxx_video_p.wmv]0034_foot_worship_leggy_fetish_xxx_video_p.wmv[/url][/b]<BR><BR>More screenshots:<BR>[URL=http://pimpandhost.com/image/53951909-medium.html][IMG]http://ist3-2.filesor.com/pimpandhost.com/1/_/_/_/1/3/E/n/m/3Enm5/0034_foot_worship_leggy_fetish_xxx_video_p_s_0.jpg[/IMG][/URL]<BR><BR><BR>","1304","1974","3523","1399"
" LadyB LEGSWORLD videos pack 59 vids LadyB","[URL=http://pimpandhost.com/image/53952445-original.html][IMG]http://ist3-1.filesor.com/pimpandhost.com/1/_/_/_/1/3/E/n/u/3EnuJ/0035_foot_worship_leggy_fetish_xxx_video_1_s.jpg[/IMG][/URL]<BR><BR>[b]Foot worship, sexy legs, leggy, foot fetish, legs worship, [/b]<BR>0035_ LadyB LEGSWORLD videos pack 59 vids LadyB<BR><BR>[b]0035_foot_worship_leggy_fetish_xxx_video_1[/b]<BR>Windows Media | Size: 23.0 MiB | Duration: 2mn 42s | 1024x768<BR><BR>[b]~> Download video from KEEP2SHARE <~<BR>[url=http://k2s.cc/file/97dc6572354b2/0035_foot_worship_leggy_fetish_xxx_video_1.wmv]0035_foot_worship_leggy_fetish_xxx_video_1.wmv[/url][/b]<BR><BR>More screenshots:<BR>[URL=http://pimpandhost.com/image/53951910-medium.html][IMG]http://ist3-2.filesor.com/pimpandhost.com/1/_/_/_/1/3/E/n/m/3Enm6/0035_foot_worship_leggy_fetish_xxx_video_1_s_0.jpg[/IMG][/URL]<BR><BR><BR>","1379","1513","3562","1301"
" LadyB LEGSWORLD videos pack 59 vids LadyB","[URL=http://pimpandhost.com/image/53952446-original.html][IMG]http://ist3-1.filesor.com/pimpandhost.com/1/_/_/_/1/3/E/n/u/3EnuK/0036_foot_worship_leggy_fetish_xxx_video_2_s.jpg[/IMG][/URL]<BR><BR>[b]Foot worship, sexy legs, leggy, foot fetish, legs worship, [/b]<BR>0036_ LadyB LEGSWORLD videos pack 59 vids LadyB<BR><BR>[b]0036_foot_worship_leggy_fetish_xxx_video_2[/b]<BR>Windows Media | Size: 14.4 MiB | Duration: 1mn 29s | 1280x720<BR><BR>[b]~> Download video from KEEP2SHARE <~<BR>[url=http://k2s.cc/file/a8210c1257498/0036_foot_worship_leggy_fetish_xxx_video_2.wmv]0036_foot_worship_leggy_fetish_xxx_video_2.wmv[/url][/b]<BR><BR>More screenshots:<BR>[URL=http://pimpandhost.com/image/53951911-medium.html][IMG]http://ist3-2.filesor.com/pimpandhost.com/1/_/_/_/1/3/E/n/m/3Enm7/0036_foot_worship_leggy_fetish_xxx_video_2_s_0.jpg[/IMG][/URL]<BR><BR><BR>","1349","1787","3623","1363"
" LadyB LEGSWORLD videos pack 59 vids LadyB","[URL=http://pimpandhost.com/image/53952447-original.html][IMG]http://ist3-2.filesor.com/pimpandhost.com/1/_/_/_/1/3/E/n/u/3EnuL/0037_foot_worship_leggy_fetish_xxx_video_3_s.jpg[/IMG][/URL]<BR><BR>[b]Foot worship, sexy legs, leggy, foot fetish, legs worship, [/b]<BR>0037_ LadyB LEGSWORLD videos pack 59 vids LadyB<BR><BR>[b]0037_foot_worship_leggy_fetish_xxx_video_3[/b]<BR>Windows Media | Size: 53.5 MiB | Duration: 6mn 0s | 1280x720<BR><BR>[b]~> Download video from KEEP2SHARE <~<BR>[url=http://k2s.cc/file/2a610ce88c356/0037_foot_worship_leggy_fetish_xxx_video_3.wmv]0037_foot_worship_leggy_fetish_xxx_video_3.wmv[/url][/b]<BR><BR>More screenshots:<BR>[URL=http://pimpandhost.com/image/53951912-medium.html][IMG]http://ist3-1.filesor.com/pimpandhost.com/1/_/_/_/1/3/E/n/m/3Enm8/0037_foot_worship_leggy_fetish_xxx_video_3_s_0.jpg[/IMG][/URL]<BR><BR><BR>","1320","2394","3581","1367"
" LadyB LEGSWORLD videos pack 59 vids LadyB","[URL=http://pimpandhost.com/image/53952448-original.html][IMG]http://ist3-2.filesor.com/pimpandhost.com/1/_/_/_/1/3/E/n/u/3EnuM/0038_foot_worship_leggy_fetish_xxx_video_4_s.jpg[/IMG][/URL]<BR><BR>[b]Foot worship, sexy legs, leggy, foot fetish, legs worship, [/b]<BR>0038_ LadyB LEGSWORLD videos pack 59 vids LadyB<BR><BR>[b]0038_foot_worship_leggy_fetish_xxx_video_4[/b]<BR>Windows Media | Size: 67.1 MiB | Duration: 7mn 18s | 1280x720<BR><BR>[b]~> Download video from KEEP2SHARE <~<BR>[url=http://k2s.cc/file/80b2d4cd664fa/0038_foot_worship_leggy_fetish_xxx_video_4.wmv]0038_foot_worship_leggy_fetish_xxx_video_4.wmv[/url][/b]<BR><BR>More screenshots:<BR>[URL=http://pimpandhost.com/image/53951913-medium.html][IMG]http://ist3-2.filesor.com/pimpandhost.com/1/_/_/_/1/3/E/n/m/3Enm9/0038_foot_worship_leggy_fetish_xxx_video_4_s_0.jpg[/IMG][/URL]<BR><BR><BR>","1311","2385","3513","1396"
" LadyB LEGSWORLD videos pack 59 vids LadyBfacesi","[URL=http://pimpandhost.com/image/53952449-original.html][IMG]http://ist3-1.filesor.com/pimpandhost.com/1/_/_/_/1/3/E/n/u/3EnuN/0039_foot_worship_leggy_fetish_xxx_video_t_s.jpg[/IMG][/URL]<BR><BR>[b]Foot worship, sexy legs, leggy, foot fetish, legs worship, [/b]<BR>0039_ LadyB LEGSWORLD videos pack 59 vids LadyBfacesi<BR><BR>[b]0039_foot_worship_leggy_fetish_xxx_video_t[/b]<BR>Windows Media | Size: 30.7 MiB | Duration: 3mn 31s | 1024x768<BR><BR>[b]~> Download video from KEEP2SHARE <~<BR>[url=http://k2s.cc/file/1f55d437bdd14/0039_foot_worship_leggy_fetish_xxx_video_t.wmv]0039_foot_worship_leggy_fetish_xxx_video_t.wmv[/url][/b]<BR><BR>More screenshots:<BR>[URL=http://pimpandhost.com/image/53951914-medium.html][IMG]http://ist3-2.filesor.com/pimpandhost.com/1/_/_/_/1/3/E/n/m/3Enma/0039_foot_worship_leggy_fetish_xxx_video_t_s_0.jpg[/IMG][/URL]<BR><BR><BR>","1303","2095","3560","1306"
" LadyB LEGSWORLD videos pack 59 vids LadyBfmul","[URL=http://pimpandhost.com/image/53952450-original.html][IMG]http://ist3-1.filesor.com/pimpandhost.com/1/_/_/_/1/3/E/n/u/3EnuO/0040_foot_worship_leggy_fetish_xxx_video_e_s.jpg[/IMG][/URL]<BR><BR>[b]Foot worship, sexy legs, leggy, foot fetish, legs worship, [/b]<BR>0040_ LadyB LEGSWORLD videos pack 59 vids LadyBfmul<BR><BR>[b]0040_foot_worship_leggy_fetish_xxx_video_e[/b]<BR>Windows Media | Size: 42.6 MiB | Duration: 4mn 56s | 1024x768<BR><BR>[b]~> Download video from KEEP2SHARE <~<BR>[url=http://k2s.cc/file/3a57d6c95a246/0040_foot_worship_leggy_fetish_xxx_video_e.wmv]0040_foot_worship_leggy_fetish_xxx_video_e.wmv[/url][/b]<BR><BR>More screenshots:<BR>[URL=http://pimpandhost.com/image/53951915-medium.html][IMG]http://ist3-2.filesor.com/pimpandhost.com/1/_/_/_/1/3/E/n/m/3Enmb/0040_foot_worship_leggy_fetish_xxx_video_e_s_0.jpg[/IMG][/URL]<BR><BR><BR>","1305","1565","3580","1344"
" LadyB LEGSWORLD videos pack 59 vids LadyBfoota","[URL=http://pimpandhost.com/image/53952451-original.html][IMG]http://ist3-1.filesor.com/pimpandhost.com/1/_/_/_/1/3/E/n/u/3EnuP/0041_foot_worship_leggy_fetish_xxx_video_w_s.jpg[/IMG][/URL]<BR><BR>[b]Foot worship, sexy legs, leggy, foot fetish, legs worship, [/b]<BR>0041_ LadyB LEGSWORLD videos pack 59 vids LadyBfoota<BR><BR>[b]0041_foot_worship_leggy_fetish_xxx_video_w[/b]<BR>Windows Media | Size: 39.9 MiB | Duration: 4mn 36s | 1024x768<BR><BR>[b]~> Download video from KEEP2SHARE <~<BR>[url=http://k2s.cc/file/c9ea2bb757b7e/0041_foot_worship_leggy_fetish_xxx_video_w.wmv]0041_foot_worship_leggy_fetish_xxx_video_w.wmv[/url][/b]<BR><BR>More screenshots:<BR>[URL=http://pimpandhost.com/image/53951916-medium.html][IMG]http://ist3-2.filesor.com/pimpandhost.com/1/_/_/_/1/3/E/n/m/3Enmc/0041_foot_worship_leggy_fetish_xxx_video_w_s_0.jpg[/IMG][/URL]<BR><BR><BR>","1304","1964","3532","1308"
" LadyB LEGSWORLD videos pack 59 vids LadyBfootjo","[URL=http://pimpandhost.com/image/53952452-original.html][IMG]http://ist3-2.filesor.com/pimpandhost.com/1/_/_/_/1/3/E/n/u/3EnuQ/0042_foot_worship_leggy_fetish_xxx_video_b_s.jpg[/IMG][/URL]<BR><BR>[b]Foot worship, sexy legs, leggy, foot fetish, legs worship, [/b]<BR>0042_ LadyB LEGSWORLD videos pack 59 vids LadyBfootjo<BR><BR>[b]0042_foot_worship_leggy_fetish_xxx_video_b[/b]<BR>Windows Media | Size: 5.25 MiB | Duration: 1mn 24s | 320x240<BR><BR>[b]~> Download video from KEEP2SHARE <~<BR>[url=http://k2s.cc/file/c18c464fa0f82/0042_foot_worship_leggy_fetish_xxx_video_b.wmv]0042_foot_worship_leggy_fetish_xxx_video_b.wmv[/url][/b]<BR><BR>More screenshots:<BR>[URL=http://pimpandhost.com/image/53951917-medium.html][IMG]http://ist3-2.filesor.com/pimpandhost.com/1/_/_/_/1/3/E/n/m/3Enmd/0042_foot_worship_leggy_fetish_xxx_video_b_s_0.jpg[/IMG][/URL]<BR><BR><BR>","1304","1752","3513","1384"
" LadyB LEGSWORLD videos pack 59 vids LadyBgsbathtub","[URL=http://pimpandhost.com/image/53952457-original.html][IMG]http://ist3-2.filesor.com/pimpandhost.com/1/_/_/_/1/3/E/n/u/3EnuV/0044_foot_worship_leggy_fetish_xxx_video_e_s.jpg[/IMG][/URL]<BR><BR>[b]Foot worship, sexy legs, leggy, foot fetish, legs worship, [/b]<BR>0044_ LadyB LEGSWORLD videos pack 59 vids LadyBgsbathtub<BR><BR>[b]0044_foot_worship_leggy_fetish_xxx_video_e[/b]<BR>Windows Media | Size: 61.4 MiB | Duration: 6mn 57s | 1280x720<BR><BR>[b]~> Download video from KEEP2SHARE <~<BR>[url=http://k2s.cc/file/491a3347cd1d6/0044_foot_worship_leggy_fetish_xxx_video_e.wmv]0044_foot_worship_leggy_fetish_xxx_video_e.wmv[/url][/b]<BR><BR>More screenshots:<BR>[URL=http://pimpandhost.com/image/53951919-medium.html][IMG]http://ist3-2.filesor.com/pimpandhost.com/1/_/_/_/1/3/E/n/m/3Enmf/0044_foot_worship_leggy_fetish_xxx_video_e_s_0.jpg[/IMG][/URL]<BR><BR><BR>","1329","1841","3669","1379"
" LadyB LEGSWORLD videos pack 59 vids LadyBpoo","[URL=http://pimpandhost.com/image/53952459-original.html][IMG]http://ist3-2.filesor.com/pimpandhost.com/1/_/_/_/1/3/E/n/u/3EnuX/0045_foot_worship_leggy_fetish_xxx_video_l_s.jpg[/IMG][/URL]<BR><BR>[b]Foot worship, sexy legs, leggy, foot fetish, legs worship, [/b]<BR>0045_ LadyB LEGSWORLD videos pack 59 vids LadyBpoo<BR><BR>[b]0045_foot_worship_leggy_fetish_xxx_video_l[/b]<BR>Windows Media | Size: 12.5 MiB | Duration: 1mn 27s | 1024x768<BR><BR>[b]~> Download video from KEEP2SHARE <~<BR>[url=http://k2s.cc/file/51c4fda02cae4/0045_foot_worship_leggy_fetish_xxx_video_l.wmv]0045_foot_worship_leggy_fetish_xxx_video_l.wmv[/url][/b]<BR><BR>More screenshots:<BR>[URL=http://pimpandhost.com/image/53951920-medium.html][IMG]http://ist3-2.filesor.com/pimpandhost.com/1/_/_/_/1/3/E/n/m/3Enmg/0045_foot_worship_leggy_fetish_xxx_video_l_s_0.jpg[/IMG][/URL]<BR><BR><BR>","1370","1912","3583","1391"
" LadyB LEGSWORLD videos pack 59 vids LadyBworkin","[URL=http://pimpandhost.com/image/53952461-original.html][IMG]http://ist3-1.filesor.com/pimpandhost.com/1/_/_/_/1/3/E/n/u/3EnuZ/0046_foot_worship_leggy_fetish_xxx_video_g_s.jpg[/IMG][/URL]<BR><BR>[b]Foot worship, sexy legs, leggy, foot fetish, legs worship, [/b]<BR>0046_ LadyB LEGSWORLD videos pack 59 vids LadyBworkin<BR><BR>[b]0046_foot_worship_leggy_fetish_xxx_video_g[/b]<BR>Windows Media | Size: 107 MiB | Duration: 12mn 12s | 1024x768<BR><BR>[b]~> Download video from KEEP2SHARE <~<BR>[url=http://k2s.cc/file/ba8b5a7eafa84/0046_foot_worship_leggy_fetish_xxx_video_g.wmv]0046_foot_worship_leggy_fetish_xxx_video_g.wmv[/url][/b]<BR><BR>More screenshots:<BR>[URL=http://pimpandhost.com/image/53951922-medium.html][IMG]http://ist3-2.filesor.com/pimpandhost.com/1/_/_/_/1/3/E/n/m/3Enmi/0046_foot_worship_leggy_fetish_xxx_video_g_s_0.jpg[/IMG][/URL]<BR><BR><BR>","1345","2241","3616","1357"
" LadyB LEGSWORLD videos pack 59 vids MILF Acts Like A Handy","[URL=http://pimpandhost.com/image/53952467-original.html][IMG]http://ist3-1.filesor.com/pimpandhost.com/1/_/_/_/1/3/E/n/v/3Env5/0047_foot_worship_leggy_fetish_xxx_video_n_s.jpg[/IMG][/URL]<BR><BR>[b]Foot worship, sexy legs, leggy, foot fetish, legs worship, [/b]<BR>0047_ LadyB LEGSWORLD videos pack 59 vids MILF Acts Like A Handy Ma<BR><BR>[b]0047_foot_worship_leggy_fetish_xxx_video_n[/b]<BR>Flash Video | Size: 41.0 MiB | Duration: 12mn 48s | 528x400<BR><BR>[b]~> Download video from KEEP2SHARE <~<BR>[url=http://k2s.cc/file/1aa8c5f705932/0047_foot_worship_leggy_fetish_xxx_video_n.flv]0047_foot_worship_leggy_fetish_xxx_video_n.flv[/url][/b]<BR><BR>More screenshots:<BR>[URL=http://pimpandhost.com/image/53951923-medium.html][IMG]http://ist3-2.filesor.com/pimpandhost.com/1/_/_/_/1/3/E/n/m/3Enmj/0047_foot_worship_leggy_fetish_xxx_video_n_s_0.jpg[/IMG][/URL]<BR><BR><BR>","1381","2082","3604","1384"
" LadyB LEGSWORLD videos pack 59 vids asslic","[URL=http://pimpandhost.com/image/53952468-original.html][IMG]http://ist3-1.filesor.com/pimpandhost.com/1/_/_/_/1/3/E/n/v/3Env6/0048_foot_worship_leggy_fetish_xxx_video_k_s.jpg[/IMG][/URL]<BR><BR>[b]Foot worship, sexy legs, leggy, foot fetish, legs worship, [/b]<BR>0048_ LadyB LEGSWORLD videos pack 59 vids asslic<BR><BR>[b]0048_foot_worship_leggy_fetish_xxx_video_k[/b]<BR>Windows Media | Size: 48.9 MiB | Duration: 5mn 37s | 1280x720<BR><BR>[b]~> Download video from KEEP2SHARE <~<BR>[url=http://k2s.cc/file/4aab769cef3e5/0048_foot_worship_leggy_fetish_xxx_video_k.wmv]0048_foot_worship_leggy_fetish_xxx_video_k.wmv[/url][/b]<BR><BR>More screenshots:<BR>[URL=http://pimpandhost.com/image/53951924-medium.html][IMG]http://ist3-1.filesor.com/pimpandhost.com/1/_/_/_/1/3/E/n/m/3Enmk/0048_foot_worship_leggy_fetish_xxx_video_k_s_0.jpg[/IMG][/URL]<BR><BR><BR>","1331","2242","3679","1336"
" LadyB LEGSWORLD videos pack 59 vids film 000","[URL=http://pimpandhost.com/image/53952469-original.html][IMG]http://ist3-2.filesor.com/pimpandhost.com/1/_/_/_/1/3/E/n/v/3Env7/0049_foot_worship_leggy_fetish_xxx_video_9_s.jpg[/IMG][/URL]<BR><BR>[b]Foot worship, sexy legs, leggy, foot fetish, legs worship, [/b]<BR>0049_ LadyB LEGSWORLD videos pack 59 vids film 000<BR><BR>[b]0049_foot_worship_leggy_fetish_xxx_video_9[/b]<BR>Windows Media | Size: 20.2 MiB | Duration: 34s 319ms | 1440x1080<BR><BR>[b]~> Download video from KEEP2SHARE <~<BR>[url=http://k2s.cc/file/6cd33f1ebe437/0049_foot_worship_leggy_fetish_xxx_video_9.wmv]0049_foot_worship_leggy_fetish_xxx_video_9.wmv[/url][/b]<BR><BR>More screenshots:<BR><BR><BR><BR>","1390","1766","3660","1394"
" LadyB LEGSWORLD videos pack 59 vids gloverhandjo","[URL=http://pimpandhost.com/image/53952470-original.html][IMG]http://ist3-2.filesor.com/pimpandhost.com/1/_/_/_/1/3/E/n/v/3Env8/0050_foot_worship_leggy_fetish_xxx_video_b_s.jpg[/IMG][/URL]<BR><BR>[b]Foot worship, sexy legs, leggy, foot fetish, legs worship, [/b]<BR>0050_ LadyB LEGSWORLD videos pack 59 vids gloverhandjo<BR><BR>[b]0050_foot_worship_leggy_fetish_xxx_video_b[/b]<BR>Windows Media | Size: 57.9 MiB | Duration: 6mn 38s | 1024x768<BR><BR>[b]~> Download video from KEEP2SHARE <~<BR>[url=http://k2s.cc/file/697f2beb516f7/0050_foot_worship_leggy_fetish_xxx_video_b.wmv]0050_foot_worship_leggy_fetish_xxx_video_b.wmv[/url][/b]<BR><BR>More screenshots:<BR>[URL=http://pimpandhost.com/image/53951925-medium.html][IMG]http://ist3-2.filesor.com/pimpandhost.com/1/_/_/_/1/3/E/n/m/3Enml/0050_foot_worship_leggy_fetish_xxx_video_b_s_0.jpg[/IMG][/URL]<BR><BR><BR>","1381","2366","3503","1386"
" LadyB LEGSWORLD videos pack 59 vids ladyBarbar","[URL=http://pimpandhost.com/image/53952471-original.html][IMG]http://ist3-2.filesor.com/pimpandhost.com/1/_/_/_/1/3/E/n/v/3Env9/0051_foot_worship_leggy_fetish_xxx_video_a_s.jpg[/IMG][/URL]<BR><BR>[b]Foot worship, sexy legs, leggy, foot fetish, legs worship, [/b]<BR>0051_ LadyB LEGSWORLD videos pack 59 vids ladyBarbar<BR><BR>[b]0051_foot_worship_leggy_fetish_xxx_video_a[/b]<BR>Windows Media | Size: 185 MiB | Duration: 23mn 27s | 720x540<BR><BR>[b]~> Download video from KEEP2SHARE <~<BR>[url=http://k2s.cc/file/84b7eb289d4ce/0051_foot_worship_leggy_fetish_xxx_video_a.WMV]0051_foot_worship_leggy_fetish_xxx_video_a.WMV[/url][/b]<BR><BR>More screenshots:<BR>[URL=http://pimpandhost.com/image/53951926-medium.html][IMG]http://ist3-1.filesor.com/pimpandhost.com/1/_/_/_/1/3/E/n/m/3Enmm/0051_foot_worship_leggy_fetish_xxx_video_a_s_0.jpg[/IMG][/URL]<BR><BR><BR>","1324","1577","3637","1354"
" LadyB LEGSWORLD videos pack 59 vids ladybb","[URL=http://pimpandhost.com/image/53952473-original.html][IMG]http://ist3-1.filesor.com/pimpandhost.com/1/_/_/_/1/3/E/n/v/3Envb/0052_foot_worship_leggy_fetish_xxx_video_b_s.jpg[/IMG][/URL]<BR><BR>[b]Foot worship, sexy legs, leggy, foot fetish, legs worship, [/b]<BR>0052_ LadyB LEGSWORLD videos pack 59 vids ladybb<BR><BR>[b]0052_foot_worship_leggy_fetish_xxx_video_b[/b]<BR>Windows Media | Size: 60.2 MiB | Duration: 8mn 50s | 640x480<BR><BR>[b]~> Download video from KEEP2SHARE <~<BR>[url=http://k2s.cc/file/e6c141dc9ee65/0052_foot_worship_leggy_fetish_xxx_video_b.wmv]0052_foot_worship_leggy_fetish_xxx_video_b.wmv[/url][/b]<BR><BR>More screenshots:<BR>[URL=http://pimpandhost.com/image/53951927-medium.html][IMG]http://ist3-1.filesor.com/pimpandhost.com/1/_/_/_/1/3/E/n/m/3Enmn/0052_foot_worship_leggy_fetish_xxx_video_b_s_0.jpg[/IMG][/URL]<BR><BR><BR>","1347","1978","3565","1316"
" LadyB LEGSWORLD videos pack 59 vids lbfjata","[URL=http://pimpandhost.com/image/53952474-original.html][IMG]http://ist3-1.filesor.com/pimpandhost.com/1/_/_/_/1/3/E/n/v/3Envc/0053_foot_worship_leggy_fetish_xxx_video_s_s.jpg[/IMG][/URL]<BR><BR>[b]Foot worship, sexy legs, leggy, foot fetish, legs worship, [/b]<BR>0053_ LadyB LEGSWORLD videos pack 59 vids lbfjata<BR><BR>[b]0053_foot_worship_leggy_fetish_xxx_video_s[/b]<BR>Windows Media | Size: 10.8 MiB | Duration: 1mn 17s | 320x240<BR><BR>[b]~> Download video from KEEP2SHARE <~<BR>[url=http://k2s.cc/file/310c08fd04df4/0053_foot_worship_leggy_fetish_xxx_video_s.wmv]0053_foot_worship_leggy_fetish_xxx_video_s.wmv[/url][/b]<BR><BR>More screenshots:<BR>[URL=http://pimpandhost.com/image/53951928-medium.html][IMG]http://ist3-1.filesor.com/pimpandhost.com/1/_/_/_/1/3/E/n/m/3Enmo/0053_foot_worship_leggy_fetish_xxx_video_s_s_0.jpg[/IMG][/URL]<BR><BR><BR>","1399","2169","3514","1344"
" LadyB LEGSWORLD videos pack 59 vids legsw snow 3wm","[URL=http://pimpandhost.com/image/53952475-original.html][IMG]http://ist3-1.filesor.com/pimpandhost.com/1/_/_/_/1/3/E/n/v/3Envd/0054_foot_worship_leggy_fetish_xxx_video_v_s.jpg[/IMG][/URL]<BR><BR>[b]Foot worship, sexy legs, leggy, foot fetish, legs worship, [/b]<BR>0054_ LadyB LEGSWORLD videos pack 59 vids legsw snow 3wm<BR><BR>[b]0054_foot_worship_leggy_fetish_xxx_video_v[/b]<BR>Windows Media | Size: 11.0 MiB | Duration: 1mn 5s | 640x480<BR><BR>[b]~> Download video from KEEP2SHARE <~<BR>[url=http://k2s.cc/file/25d48807f64ca/0054_foot_worship_leggy_fetish_xxx_video_v.wmv]0054_foot_worship_leggy_fetish_xxx_video_v.wmv[/url][/b]<BR><BR>More screenshots:<BR><BR><BR><BR>","1357","2083","3500","1337"
" LadyB LEGSWORLD videos pack 59 vids v2008 1334","[URL=http://pimpandhost.com/image/53952477-original.html][IMG]http://ist3-1.filesor.com/pimpandhost.com/1/_/_/_/1/3/E/n/v/3Envf/0055_foot_worship_leggy_fetish_xxx_video_3_s.jpg[/IMG][/URL]<BR><BR>[b]Foot worship, sexy legs, leggy, foot fetish, legs worship, [/b]<BR>0055_ LadyB LEGSWORLD videos pack 59 vids v2008 1334<BR><BR>[b]0055_foot_worship_leggy_fetish_xxx_video_3[/b]<BR>Windows Media | Size: 7.69 MiB | Duration: 53s 265ms | 1024x768<BR><BR>[b]~> Download video from KEEP2SHARE <~<BR>[url=http://k2s.cc/file/3c5d97e534acd/0055_foot_worship_leggy_fetish_xxx_video_3.wmv]0055_foot_worship_leggy_fetish_xxx_video_3.wmv[/url][/b]<BR><BR>More screenshots:<BR><BR><BR><BR>","1329","1972","3541","1360"
" LadyB LEGSWORLD videos pack 59 vids vblowjo","[URL=http://pimpandhost.com/image/53952478-original.html][IMG]http://ist3-1.filesor.com/pimpandhost.com/1/_/_/_/1/3/E/n/v/3Envg/0056_foot_worship_leggy_fetish_xxx_video_b_s.jpg[/IMG][/URL]<BR><BR>[b]Foot worship, sexy legs, leggy, foot fetish, legs worship, [/b]<BR>0056_ LadyB LEGSWORLD videos pack 59 vids vblowjo<BR><BR>[b]0056_foot_worship_leggy_fetish_xxx_video_b[/b]<BR>Windows Media | Size: 21.4 MiB | Duration: 2mn 21s | 1024x768<BR><BR>[b]~> Download video from KEEP2SHARE <~<BR>[url=http://k2s.cc/file/7814add45bf27/0056_foot_worship_leggy_fetish_xxx_video_b.wmv]0056_foot_worship_leggy_fetish_xxx_video_b.wmv[/url][/b]<BR><BR>More screenshots:<BR>[URL=http://pimpandhost.com/image/53951929-medium.html][IMG]http://ist3-2.filesor.com/pimpandhost.com/1/_/_/_/1/3/E/n/m/3Enmp/0056_foot_worship_leggy_fetish_xxx_video_b_s_0.jpg[/IMG][/URL]<BR><BR><BR>","1335","1591","3692","1324"
" LadyB LEGSWORLD videos pack 59 vids vl 480P 365.0k 5297808","[URL=http://pimpandhost.com/image/53952479-original.html][IMG]http://ist3-2.filesor.com/pimpandhost.com/1/_/_/_/1/3/E/n/v/3Envh/0057_foot_worship_leggy_fetish_xxx_video_1_s.jpg[/IMG][/URL]<BR><BR>[b]Foot worship, sexy legs, leggy, foot fetish, legs worship, [/b]<BR>0057_ LadyB LEGSWORLD videos pack 59 vids vl 480P 365.0k 5297808<BR><BR>[b]0057_foot_worship_leggy_fetish_xxx_video_1[/b]<BR>MPEG-4 | Size: 27.8 MiB | Duration: 10mn 23s | 600x480<BR><BR>[b]~> Download video from KEEP2SHARE <~<BR>[url=http://k2s.cc/file/e12aaf2db2a5f/0057_foot_worship_leggy_fetish_xxx_video_1.mp4]0057_foot_worship_leggy_fetish_xxx_video_1.mp4[/url][/b]<BR><BR>More screenshots:<BR>[URL=http://pimpandhost.com/image/53951930-medium.html][IMG]http://ist3-1.filesor.com/pimpandhost.com/1/_/_/_/1/3/E/n/m/3Enmq/0057_foot_worship_leggy_fetish_xxx_video_1_s_0.jpg[/IMG][/URL]<BR><BR><BR>","1340","2180","3536","1320"
" LadyB LEGSWORLD videos pack 59 vids vl 720P 762.0k 6175303","[URL=http://pimpandhost.com/image/53952480-original.html][IMG]http://ist3-1.filesor.com/pimpandhost.com/1/_/_/_/1/3/E/n/v/3Envi/0058_foot_worship_leggy_fetish_xxx_video_1_s.jpg[/IMG][/URL]<BR><BR>[b]Foot worship, sexy legs, leggy, foot fetish, legs worship, [/b]<BR>0058_ LadyB LEGSWORLD videos pack 59 vids vl 720P 762.0k 6175303<BR><BR>[b]0058_foot_worship_leggy_fetish_xxx_video_1[/b]<BR>MPEG-4 | Size: 42.2 MiB | Duration: 7mn 34s | 960x720<BR><BR>[b]~> Download video from KEEP2SHARE <~<BR>[url=http://k2s.cc/file/8bd6bc39b06bd/0058_foot_worship_leggy_fetish_xxx_video_1.mp4]0058_foot_worship_leggy_fetish_xxx_video_1.mp4[/url][/b]<BR><BR>More screenshots:<BR>[URL=http://pimpandhost.com/image/53951931-medium.html][IMG]http://ist3-1.filesor.com/pimpandhost.com/1/_/_/_/1/3/E/n/m/3Enmr/0058_foot_worship_leggy_fetish_xxx_video_1_s_0.jpg[/IMG][/URL]<BR><BR><BR>","1372","1678","3512","1396"
" LadyB LEGSWORLD videos pack 59 vids vl 720P 906.0k 2603789","[URL=http://pimpandhost.com/image/53952481-original.html][IMG]http://ist3-1.filesor.com/pimpandhost.com/1/_/_/_/1/3/E/n/v/3Envj/0059_foot_worship_leggy_fetish_xxx_video_2_s.jpg[/IMG][/URL]<BR><BR>[b]Foot worship, sexy legs, leggy, foot fetish, legs worship, [/b]<BR>0059_ LadyB LEGSWORLD videos pack 59 vids vl 720P 906.0k 2603789<BR><BR>[b]0059_foot_worship_leggy_fetish_xxx_video_2[/b]<BR>MPEG-4 | Size: 3.34 MiB | Duration: 30s 200ms | 1280x720<BR><BR>[b]~> Download video from KEEP2SHARE <~<BR>[url=http://k2s.cc/file/41136f670c765/0059_foot_worship_leggy_fetish_xxx_video_2.mp4]0059_foot_worship_leggy_fetish_xxx_video_2.mp4[/url][/b]<BR><BR>More screenshots:<BR><BR><BR><BR>","1328","2172","3599","1375"
" LadyB LEGSWORLD videos pack 59 vids vl 720P 921.0k 2603732","[URL=http://pimpandhost.com/image/53952482-original.html][IMG]http://ist3-1.filesor.com/pimpandhost.com/1/_/_/_/1/3/E/n/v/3Envk/0060_foot_worship_leggy_fetish_xxx_video_2_s.jpg[/IMG][/URL]<BR><BR>[b]Foot worship, sexy legs, leggy, foot fetish, legs worship, [/b]<BR>0060_ LadyB LEGSWORLD videos pack 59 vids vl 720P 921.0k 2603732<BR><BR>[b]0060_foot_worship_leggy_fetish_xxx_video_2[/b]<BR>MPEG-4 | Size: 53.6 MiB | Duration: 7mn 57s | 960x720<BR><BR>[b]~> Download video from KEEP2SHARE <~<BR>[url=http://k2s.cc/file/088baee3e5c1c/0060_foot_worship_leggy_fetish_xxx_video_2.mp4]0060_foot_worship_leggy_fetish_xxx_video_2.mp4[/url][/b]<BR><BR>More screenshots:<BR>[URL=http://pimpandhost.com/image/53951933-medium.html][IMG]http://ist3-1.filesor.com/pimpandhost.com/1/_/_/_/1/3/E/n/m/3Enmt/0060_foot_worship_leggy_fetish_xxx_video_2_s_0.jpg[/IMG][/URL]<BR><BR><BR>","1327","2240","3683","1326"
" LadyB LEGSWORLD videos pack 59 vids vl 720P 991.0k 5076733","[URL=http://pimpandhost.com/image/53952483-original.html][IMG]http://ist3-1.filesor.com/pimpandhost.com/1/_/_/_/1/3/E/n/v/3Envl/0061_foot_worship_leggy_fetish_xxx_video_1_s.jpg[/IMG][/URL]<BR><BR>[b]Foot worship, sexy legs, leggy, foot fetish, legs worship, [/b]<BR>0061_ LadyB LEGSWORLD videos pack 59 vids vl 720P 991.0k 5076733<BR><BR>[b]0061_foot_worship_leggy_fetish_xxx_video_1[/b]<BR>MPEG-4 | Size: 22.0 MiB | Duration: 3mn 2s | 960x720<BR><BR>[b]~> Download video from KEEP2SHARE <~<BR>[url=http://k2s.cc/file/fd109fef69b2e/0061_foot_worship_leggy_fetish_xxx_video_1.mp4]0061_foot_worship_leggy_fetish_xxx_video_1.mp4[/url][/b]<BR><BR>More screenshots:<BR>[URL=http://pimpandhost.com/image/53951934-medium.html][IMG]http://ist3-1.filesor.com/pimpandhost.com/1/_/_/_/1/3/E/n/m/3Enmu/0061_foot_worship_leggy_fetish_xxx_video_1_s_0.jpg[/IMG][/URL]<BR><BR><BR>","1356","2387","3641","1313"
" Scarlett Amateur Tumblr andamp YT Foot Fetish Girl Video a","[URL=http://pimpandhost.com/image/53952485-original.html][IMG]http://ist3-1.filesor.com/pimpandhost.com/1/_/_/_/1/3/E/n/v/3Envn/0062_foot_worship_leggy_fetish_xxx_video_p_s.jpg[/IMG][/URL]<BR><BR>[b]Foot worship, sexy legs, leggy, foot fetish, legs worship, [/b]<BR>0062_ Scarlett Amateur Tumblr andamp YT Foot Fetish Girl Video and Photo collection 3957116 Scarlett applying lotion to her feet 240<BR><BR>[b]0062_foot_worship_leggy_fetish_xxx_video_p[/b]<BR>MPEG-4 | Size: 10.9 MiB | Duration: 2mn 32s | 320x240<BR><BR>[b]~> Download video from KEEP2SHARE <~<BR>[url=http://k2s.cc/file/de7262932a13c/0062_foot_worship_leggy_fetish_xxx_video_p.mp4]0062_foot_worship_leggy_fetish_xxx_video_p.mp4[/url][/b]<BR><BR>More screenshots:<BR>[URL=http://pimpandhost.com/image/53951936-medium.html][IMG]http://ist3-1.filesor.com/pimpandhost.com/1/_/_/_/1/3/E/n/m/3Enmw/0062_foot_worship_leggy_fetish_xxx_video_p_s_0.jpg[/IMG][/URL]<BR><BR><BR>","1363","2137","3600","1393"
" Scarlett Amateur Tumblr andamp YT Foot Fetish Girl Video a","[URL=http://pimpandhost.com/image/53952486-original.html][IMG]http://ist3-2.filesor.com/pimpandhost.com/1/_/_/_/1/3/E/n/v/3Envo/0063_foot_worship_leggy_fetish_xxx_video_p_s.jpg[/IMG][/URL]<BR><BR>[b]Foot worship, sexy legs, leggy, foot fetish, legs worship, [/b]<BR>0063_ Scarlett Amateur Tumblr andamp YT Foot Fetish Girl Video and Photo collection 3957131 Scarlett massaging her feet with oil 240<BR><BR>[b]0063_foot_worship_leggy_fetish_xxx_video_p[/b]<BR>MPEG-4 | Size: 37.0 MiB | Duration: 8mn 59s | 320x240<BR><BR>[b]~> Download video from KEEP2SHARE <~<BR>[url=http://k2s.cc/file/7186adbfa9cd5/0063_foot_worship_leggy_fetish_xxx_video_p.mp4]0063_foot_worship_leggy_fetish_xxx_video_p.mp4[/url][/b]<BR><BR>More screenshots:<BR>[URL=http://pimpandhost.com/image/53951937-medium.html][IMG]http://ist3-2.filesor.com/pimpandhost.com/1/_/_/_/1/3/E/n/m/3Enmx/0063_foot_worship_leggy_fetish_xxx_video_p_s_0.jpg[/IMG][/URL]<BR><BR><BR>","1323","2135","3605","1358"
" Scarlett Amateur Tumblr andamp YT Foot Fetish Girl Video a","[URL=http://pimpandhost.com/image/53952487-original.html][IMG]http://ist3-2.filesor.com/pimpandhost.com/1/_/_/_/1/3/E/n/v/3Envp/0064_foot_worship_leggy_fetish_xxx_video_p_s.jpg[/IMG][/URL]<BR><BR>[b]Foot worship, sexy legs, leggy, foot fetish, legs worship, [/b]<BR>0064_ Scarlett Amateur Tumblr andamp YT Foot Fetish Girl Video and Photo collection 3957141 Scarlett showing her feet in leggings 240<BR><BR>[b]0064_foot_worship_leggy_fetish_xxx_video_p[/b]<BR>MPEG-4 | Size: 29.7 MiB | Duration: 7mn 13s | 320x240<BR><BR>[b]~> Download video from KEEP2SHARE <~<BR>[url=http://k2s.cc/file/e3a30c952082b/0064_foot_worship_leggy_fetish_xxx_video_p.mp4]0064_foot_worship_leggy_fetish_xxx_video_p.mp4[/url][/b]<BR><BR>More screenshots:<BR>[URL=http://pimpandhost.com/image/53951939-medium.html][IMG]http://ist3-1.filesor.com/pimpandhost.com/1/_/_/_/1/3/E/n/m/3Enmz/0064_foot_worship_leggy_fetish_xxx_video_p_s_0.jpg[/IMG][/URL]<BR><BR><BR>","1381","1935","3666","1320"
" Scarlett Amateur Tumblr andamp YT Foot Fetish Girl Video a","[URL=http://pimpandhost.com/image/53952488-original.html][IMG]http://ist3-2.filesor.com/pimpandhost.com/1/_/_/_/1/3/E/n/v/3Envq/0065_foot_worship_leggy_fetish_xxx_video_p_s.jpg[/IMG][/URL]<BR><BR>[b]Foot worship, sexy legs, leggy, foot fetish, legs worship, [/b]<BR>0065_ Scarlett Amateur Tumblr andamp YT Foot Fetish Girl Video and Photo collection 3957147 Scarletts oily feet 240<BR><BR>[b]0065_foot_worship_leggy_fetish_xxx_video_p[/b]<BR>MPEG-4 | Size: 33.4 MiB | Duration: 7mn 38s | 320x240<BR><BR>[b]~> Download video from KEEP2SHARE <~<BR>[url=http://k2s.cc/file/b9776cbb0ff6e/0065_foot_worship_leggy_fetish_xxx_video_p.mp4]0065_foot_worship_leggy_fetish_xxx_video_p.mp4[/url][/b]<BR><BR>More screenshots:<BR>[URL=http://pimpandhost.com/image/53951940-medium.html][IMG]http://ist3-2.filesor.com/pimpandhost.com/1/_/_/_/1/3/E/n/m/3EnmA/0065_foot_worship_leggy_fetish_xxx_video_p_s_0.jpg[/IMG][/URL]<BR><BR><BR>","1324","1505","3582","1396"
" Scarlett Amateur Tumblr andamp YT Foot Fetish Girl Video a","[URL=http://pimpandhost.com/image/53952489-original.html][IMG]http://ist3-2.filesor.com/pimpandhost.com/1/_/_/_/1/3/E/n/v/3Envr/0066_foot_worship_leggy_fetish_xxx_video_p_s.jpg[/IMG][/URL]<BR><BR>[b]Foot worship, sexy legs, leggy, foot fetish, legs worship, [/b]<BR>0066_ Scarlett Amateur Tumblr andamp YT Foot Fetish Girl Video and Photo collection 3957153 Scarlett playing with her feet 1 240<BR><BR>[b]0066_foot_worship_leggy_fetish_xxx_video_p[/b]<BR>MPEG-4 | Size: 19.1 MiB | Duration: 4mn 25s | 320x240<BR><BR>[b]~> Download video from KEEP2SHARE <~<BR>[url=http://k2s.cc/file/45db52bbf5cf5/0066_foot_worship_leggy_fetish_xxx_video_p.mp4]0066_foot_worship_leggy_fetish_xxx_video_p.mp4[/url][/b]<BR><BR>More screenshots:<BR>[URL=http://pimpandhost.com/image/53951941-medium.html][IMG]http://ist3-2.filesor.com/pimpandhost.com/1/_/_/_/1/3/E/n/m/3EnmB/0066_foot_worship_leggy_fetish_xxx_video_p_s_0.jpg[/IMG][/URL]<BR><BR><BR>","1320","1925","3683","1349"
" Scarlett Amateur Tumblr andamp YT Foot Fetish Girl Video a","[URL=http://pimpandhost.com/image/53952491-original.html][IMG]http://ist3-2.filesor.com/pimpandhost.com/1/_/_/_/1/3/E/n/v/3Envt/0067_foot_worship_leggy_fetish_xxx_video_o_s.jpg[/IMG][/URL]<BR><BR>[b]Foot worship, sexy legs, leggy, foot fetish, legs worship, [/b]<BR>0067_ Scarlett Amateur Tumblr andamp YT Foot Fetish Girl Video and Photo collection ANNOUNCEMENT lrZos8Zouz<BR><BR>[b]0067_foot_worship_leggy_fetish_xxx_video_o[/b]<BR>Flash Video | Size: 42.9 MiB | Duration: 8mn 35s | 640x480<BR><BR>[b]~> Download video from KEEP2SHARE <~<BR>[url=http://k2s.cc/file/691fecd0b6f9e/0067_foot_worship_leggy_fetish_xxx_video_o.flv]0067_foot_worship_leggy_fetish_xxx_video_o.flv[/url][/b]<BR><BR>More screenshots:<BR>[URL=http://pimpandhost.com/image/53951942-medium.html][IMG]http://ist3-2.filesor.com/pimpandhost.com/1/_/_/_/1/3/E/n/m/3EnmC/0067_foot_worship_leggy_fetish_xxx_video_o_s_0.jpg[/IMG][/URL]<BR><BR><BR>","1322","1866","3548","1349"
" Scarlett Amateur Tumblr andamp YT Foot Fetish Girl Video a","[URL=http://pimpandhost.com/image/53952493-original.html][IMG]http://ist3-1.filesor.com/pimpandhost.com/1/_/_/_/1/3/E/n/v/3Envv/0068_foot_worship_leggy_fetish_xxx_video_g_s.jpg[/IMG][/URL]<BR><BR>[b]Foot worship, sexy legs, leggy, foot fetish, legs worship, [/b]<BR>0068_ Scarlett Amateur Tumblr andamp YT Foot Fetish Girl Video and Photo collection Fam time LrnJwF4jlc<BR><BR>[b]0068_foot_worship_leggy_fetish_xxx_video_g[/b]<BR>MPEG-4 | Size: 98.6 MiB | Duration: 5mn 34s | 1280x720<BR><BR>[b]~> Download video from KEEP2SHARE <~<BR>[url=http://k2s.cc/file/ea7a1acd0e632/0068_foot_worship_leggy_fetish_xxx_video_g.mp4]0068_foot_worship_leggy_fetish_xxx_video_g.mp4[/url][/b]<BR><BR>More screenshots:<BR>[URL=http://pimpandhost.com/image/53951943-medium.html][IMG]http://ist3-1.filesor.com/pimpandhost.com/1/_/_/_/1/3/E/n/m/3EnmD/0068_foot_worship_leggy_fetish_xxx_video_g_s_0.jpg[/IMG][/URL]<BR><BR><BR>","1323","1639","3652","1380"
" Scarlett Amateur Tumblr andamp YT Foot Fetish Girl Video a","[URL=http://pimpandhost.com/image/53952494-original.html][IMG]http://ist3-1.filesor.com/pimpandhost.com/1/_/_/_/1/3/E/n/v/3Envw/0069_foot_worship_leggy_fetish_xxx_video_p_s.jpg[/IMG][/URL]<BR><BR>[b]Foot worship, sexy legs, leggy, foot fetish, legs worship, [/b]<BR>0069_ Scarlett Amateur Tumblr andamp YT Foot Fetish Girl Video and Photo collection Flats off 480<BR><BR>[b]0069_foot_worship_leggy_fetish_xxx_video_p[/b]<BR>MPEG-4 | Size: 26.8 MiB | Duration: 7mn 6s | 640x480<BR><BR>[b]~> Download video from KEEP2SHARE <~<BR>[url=http://k2s.cc/file/5d582b9f69cce/0069_foot_worship_leggy_fetish_xxx_video_p.mp4]0069_foot_worship_leggy_fetish_xxx_video_p.mp4[/url][/b]<BR><BR>More screenshots:<BR>[URL=http://pimpandhost.com/image/53951944-medium.html][IMG]http://ist3-2.filesor.com/pimpandhost.com/1/_/_/_/1/3/E/n/m/3EnmE/0069_foot_worship_leggy_fetish_xxx_video_p_s_0.jpg[/IMG][/URL]<BR><BR><BR>","1314","1918","3685","1378"
" Scarlett Amateur Tumblr andamp YT Foot Fetish Girl Video a","[URL=http://pimpandhost.com/image/53952495-original.html][IMG]http://ist3-2.filesor.com/pimpandhost.com/1/_/_/_/1/3/E/n/v/3Envx/0070_foot_worship_leggy_fetish_xxx_video_k_s.jpg[/IMG][/URL]<BR><BR>[b]Foot worship, sexy legs, leggy, foot fetish, legs worship, [/b]<BR>0070_ Scarlett Amateur Tumblr andamp YT Foot Fetish Girl Video and Photo collection How horrible cNLFUnLp34<BR><BR>[b]0070_foot_worship_leggy_fetish_xxx_video_k[/b]<BR>MPEG-4 | Size: 162 MiB | Duration: 8mn 38s | 1280x720<BR><BR>[b]~> Download video from KEEP2SHARE <~<BR>[url=http://k2s.cc/file/6149ef011acd8/0070_foot_worship_leggy_fetish_xxx_video_k.mp4]0070_foot_worship_leggy_fetish_xxx_video_k.mp4[/url][/b]<BR><BR>More screenshots:<BR>[URL=http://pimpandhost.com/image/53951946-medium.html][IMG]http://ist3-2.filesor.com/pimpandhost.com/1/_/_/_/1/3/E/n/m/3EnmG/0070_foot_worship_leggy_fetish_xxx_video_k_s_0.jpg[/IMG][/URL]<BR><BR><BR>","1317","1880","3640","1340"
" Scarlett Amateur Tumblr andamp YT Foot Fetish Girl Video a","[URL=http://pimpandhost.com/image/53952496-original.html][IMG]http://ist3-1.filesor.com/pimpandhost.com/1/_/_/_/1/3/E/n/v/3Envy/0071_foot_worship_leggy_fetish_xxx_video_k_s.jpg[/IMG][/URL]<BR><BR>[b]Foot worship, sexy legs, leggy, foot fetish, legs worship, [/b]<BR>0071_ Scarlett Amateur Tumblr andamp YT Foot Fetish Girl Video and Photo collection Mick a bore 7bdoD8mPq <BR><BR>[b]0071_foot_worship_leggy_fetish_xxx_video_k[/b]<BR>Flash Video | Size: 41.1 MiB | Duration: 9mn 0s | 480x360<BR><BR>[b]~> Download video from KEEP2SHARE <~<BR>[url=http://k2s.cc/file/6ca81055dab26/0071_foot_worship_leggy_fetish_xxx_video_k.flv]0071_foot_worship_leggy_fetish_xxx_video_k.flv[/url][/b]<BR><BR>More screenshots:<BR>[URL=http://pimpandhost.com/image/53951947-medium.html][IMG]http://ist3-1.filesor.com/pimpandhost.com/1/_/_/_/1/3/E/n/m/3EnmH/0071_foot_worship_leggy_fetish_xxx_video_k_s_0.jpg[/IMG][/URL]<BR><BR><BR>","1312","1701","3698","1394"
" Scarlett Amateur Tumblr andamp YT Foot Fetish Girl Video a","[URL=http://pimpandhost.com/image/53952497-original.html][IMG]http://ist3-2.filesor.com/pimpandhost.com/1/_/_/_/1/3/E/n/v/3Envz/0072_foot_worship_leggy_fetish_xxx_video_0_s.jpg[/IMG][/URL]<BR><BR>[b]Foot worship, sexy legs, leggy, foot fetish, legs worship, [/b]<BR>0072_ Scarlett Amateur Tumblr andamp YT Foot Fetish Girl Video and Photo collection My heart 5u PVr1n0j<BR><BR>[b]0072_foot_worship_leggy_fetish_xxx_video_0[/b]<BR>MPEG-4 | Size: 51.6 MiB | Duration: 3mn 4s | 1280x720<BR><BR>[b]~> Download video from KEEP2SHARE <~<BR>[url=http://k2s.cc/file/195ce04ba17e7/0072_foot_worship_leggy_fetish_xxx_video_0.mp4]0072_foot_worship_leggy_fetish_xxx_video_0.mp4[/url][/b]<BR><BR>More screenshots:<BR>[URL=http://pimpandhost.com/image/53951948-medium.html][IMG]http://ist3-1.filesor.com/pimpandhost.com/1/_/_/_/1/3/E/n/m/3EnmI/0072_foot_worship_leggy_fetish_xxx_video_0_s_0.jpg[/IMG][/URL]<BR><BR><BR>","1371","2232","3527","1395"
" Scarlett Amateur Tumblr andamp YT Foot Fetish Girl Video a","[URL=http://pimpandhost.com/image/53952498-original.html][IMG]http://ist3-1.filesor.com/pimpandhost.com/1/_/_/_/1/3/E/n/v/3EnvA/0073_foot_worship_leggy_fetish_xxx_video_p_s.jpg[/IMG][/URL]<BR><BR>[b]Foot worship, sexy legs, leggy, foot fetish, legs worship, [/b]<BR>0073_ Scarlett Amateur Tumblr andamp YT Foot Fetish Girl Video and Photo collection My little valentine 720<BR><BR>[b]0073_foot_worship_leggy_fetish_xxx_video_p[/b]<BR>MPEG-4 | Size: 61.5 MiB | Duration: 7mn 45s | 1280x720<BR><BR>[b]~> Download video from KEEP2SHARE <~<BR>[url=http://k2s.cc/file/1ee755a81beb7/0073_foot_worship_leggy_fetish_xxx_video_p.mp4]0073_foot_worship_leggy_fetish_xxx_video_p.mp4[/url][/b]<BR><BR>More screenshots:<BR>[URL=http://pimpandhost.com/image/53951949-medium.html][IMG]http://ist3-2.filesor.com/pimpandhost.com/1/_/_/_/1/3/E/n/m/3EnmJ/0073_foot_worship_leggy_fetish_xxx_video_p_s_0.jpg[/IMG][/URL]<BR><BR><BR>","1382","1993","3680","1302"
" Scarlett Amateur Tumblr andamp YT Foot Fetish Girl Video a","[URL=http://pimpandhost.com/image/53952499-original.html][IMG]http://ist3-1.filesor.com/pimpandhost.com/1/_/_/_/1/3/E/n/v/3EnvB/0074_foot_worship_leggy_fetish_xxx_video_w_s.jpg[/IMG][/URL]<BR><BR>[b]Foot worship, sexy legs, leggy, foot fetish, legs worship, [/b]<BR>0074_ Scarlett Amateur Tumblr andamp YT Foot Fetish Girl Video and Photo collection Questions 5sRyDDHgYq<BR><BR>[b]0074_foot_worship_leggy_fetish_xxx_video_w[/b]<BR>Flash Video | Size: 29.9 MiB | Duration: 9mn 33s | 480x360<BR><BR>[b]~> Download video from KEEP2SHARE <~<BR>[url=http://k2s.cc/file/1f1a7f5220444/0074_foot_worship_leggy_fetish_xxx_video_w.flv]0074_foot_worship_leggy_fetish_xxx_video_w.flv[/url][/b]<BR><BR>More screenshots:<BR>[URL=http://pimpandhost.com/image/53951951-medium.html][IMG]http://ist3-1.filesor.com/pimpandhost.com/1/_/_/_/1/3/E/n/m/3EnmL/0074_foot_worship_leggy_fetish_xxx_video_w_s_0.jpg[/IMG][/URL]<BR><BR><BR>","1302","2229","3603","1324"
" Scarlett Amateur Tumblr andamp YT Foot Fetish Girl Video a","[URL=http://pimpandhost.com/image/53952500-original.html][IMG]http://ist3-2.filesor.com/pimpandhost.com/1/_/_/_/1/3/E/n/v/3EnvC/0075_foot_worship_leggy_fetish_xxx_video_p_s.jpg[/IMG][/URL]<BR><BR>[b]Foot worship, sexy legs, leggy, foot fetish, legs worship, [/b]<BR>0075_ Scarlett Amateur Tumblr andamp YT Foot Fetish Girl Video and Photo collection Scarlett 1 480<BR><BR>[b]0075_foot_worship_leggy_fetish_xxx_video_p[/b]<BR>MPEG-4 | Size: 16.1 MiB | Duration: 4mn 36s | 640x480<BR><BR>[b]~> Download video from KEEP2SHARE <~<BR>[url=http://k2s.cc/file/545fe257c430d/0075_foot_worship_leggy_fetish_xxx_video_p.mp4]0075_foot_worship_leggy_fetish_xxx_video_p.mp4[/url][/b]<BR><BR>More screenshots:<BR>[URL=http://pimpandhost.com/image/53951953-medium.html][IMG]http://ist3-1.filesor.com/pimpandhost.com/1/_/_/_/1/3/E/n/m/3EnmN/0075_foot_worship_leggy_fetish_xxx_video_p_s_0.jpg[/IMG][/URL]<BR><BR><BR>","1321","2178","3647","1345"
" Scarlett Amateur Tumblr andamp YT Foot Fetish Girl Video a","[URL=http://pimpandhost.com/image/53952501-original.html][IMG]http://ist3-1.filesor.com/pimpandhost.com/1/_/_/_/1/3/E/n/v/3EnvD/0076_foot_worship_leggy_fetish_xxx_video_p_s.jpg[/IMG][/URL]<BR><BR>[b]Foot worship, sexy legs, leggy, foot fetish, legs worship, [/b]<BR>0076_ Scarlett Amateur Tumblr andamp YT Foot Fetish Girl Video and Photo collection Scarlett Smelly Feet 480<BR><BR>[b]0076_foot_worship_leggy_fetish_xxx_video_p[/b]<BR>MPEG-4 | Size: 26.8 MiB | Duration: 8mn 59s | 480x360<BR><BR>[b]~> Download video from KEEP2SHARE <~<BR>[url=http://k2s.cc/file/db82faf9e2077/0076_foot_worship_leggy_fetish_xxx_video_p.mp4]0076_foot_worship_leggy_fetish_xxx_video_p.mp4[/url][/b]<BR><BR>More screenshots:<BR>[URL=http://pimpandhost.com/image/53951954-medium.html][IMG]http://ist3-2.filesor.com/pimpandhost.com/1/_/_/_/1/3/E/n/m/3EnmO/0076_foot_worship_leggy_fetish_xxx_video_p_s_0.jpg[/IMG][/URL]<BR><BR><BR>","1391","1943","3547","1304"
" Scarlett Amateur Tumblr andamp YT Foot Fetish Girl Video a","[URL=http://pimpandhost.com/image/53952502-original.html][IMG]http://ist3-2.filesor.com/pimpandhost.com/1/_/_/_/1/3/E/n/v/3EnvE/0077_foot_worship_leggy_fetish_xxx_video_p_s.jpg[/IMG][/URL]<BR><BR>[b]Foot worship, sexy legs, leggy, foot fetish, legs worship, [/b]<BR>0077_ Scarlett Amateur Tumblr andamp YT Foot Fetish Girl Video and Photo collection Scarlett amazing feet 240<BR><BR>[b]0077_foot_worship_leggy_fetish_xxx_video_p[/b]<BR>MPEG-4 | Size: 38.4 MiB | Duration: 8mn 49s | 320x240<BR><BR>[b]~> Download video from KEEP2SHARE <~<BR>[url=http://k2s.cc/file/81f5ad2e76311/0077_foot_worship_leggy_fetish_xxx_video_p.mp4]0077_foot_worship_leggy_fetish_xxx_video_p.mp4[/url][/b]<BR><BR>More screenshots:<BR>[URL=http://pimpandhost.com/image/53951955-medium.html][IMG]http://ist3-1.filesor.com/pimpandhost.com/1/_/_/_/1/3/E/n/m/3EnmP/0077_foot_worship_leggy_fetish_xxx_video_p_s_0.jpg[/IMG][/URL]<BR><BR><BR>","1396","1644","3665","1313"
" Scarlett Amateur Tumblr andamp YT Foot Fetish Girl Video a","[URL=http://pimpandhost.com/image/53952503-original.html][IMG]http://ist3-1.filesor.com/pimpandhost.com/1/_/_/_/1/3/E/n/v/3EnvF/0078_foot_worship_leggy_fetish_xxx_video_p_s.jpg[/IMG][/URL]<BR><BR>[b]Foot worship, sexy legs, leggy, foot fetish, legs worship, [/b]<BR>0078_ Scarlett Amateur Tumblr andamp YT Foot Fetish Girl Video and Photo collection Scarlett applying lotion to feet 240<BR><BR>[b]0078_foot_worship_leggy_fetish_xxx_video_p[/b]<BR>MPEG-4 | Size: 10.4 MiB | Duration: 2mn 32s | 320x240<BR><BR>[b]~> Download video from KEEP2SHARE <~<BR>[url=http://k2s.cc/file/783ec48eba529/0078_foot_worship_leggy_fetish_xxx_video_p.mp4]0078_foot_worship_leggy_fetish_xxx_video_p.mp4[/url][/b]<BR><BR>More screenshots:<BR>[URL=http://pimpandhost.com/image/53951956-medium.html][IMG]http://ist3-1.filesor.com/pimpandhost.com/1/_/_/_/1/3/E/n/m/3EnmQ/0078_foot_worship_leggy_fetish_xxx_video_p_s_0.jpg[/IMG][/URL]<BR><BR><BR>","1358","1967","3607","1371"
" Scarlett Amateur Tumblr andamp YT Foot Fetish Girl Video a","[URL=http://pimpandhost.com/image/53952504-original.html][IMG]http://ist3-2.filesor.com/pimpandhost.com/1/_/_/_/1/3/E/n/v/3EnvG/0079_foot_worship_leggy_fetish_xxx_video_p_s.jpg[/IMG][/URL]<BR><BR>[b]Foot worship, sexy legs, leggy, foot fetish, legs worship, [/b]<BR>0079_ Scarlett Amateur Tumblr andamp YT Foot Fetish Girl Video and Photo collection Scarlett feet 10 480<BR><BR>[b]0079_foot_worship_leggy_fetish_xxx_video_p[/b]<BR>MPEG-4 | Size: 53.7 MiB | Duration: 9mn 48s | 640x480<BR><BR>[b]~> Download video from KEEP2SHARE <~<BR>[url=http://k2s.cc/file/092c10e57e4a4/0079_foot_worship_leggy_fetish_xxx_video_p.mp4]0079_foot_worship_leggy_fetish_xxx_video_p.mp4[/url][/b]<BR><BR>More screenshots:<BR>[URL=http://pimpandhost.com/image/53951958-medium.html][IMG]http://ist3-1.filesor.com/pimpandhost.com/1/_/_/_/1/3/E/n/m/3EnmS/0079_foot_worship_leggy_fetish_xxx_video_p_s_0.jpg[/IMG][/URL]<BR><BR><BR>","1374","1969","3629","1345"
" Scarlett Amateur Tumblr andamp YT Foot Fetish Girl Video a","[URL=http://pimpandhost.com/image/53952505-original.html][IMG]http://ist3-1.filesor.com/pimpandhost.com/1/_/_/_/1/3/E/n/v/3EnvH/0080_foot_worship_leggy_fetish_xxx_video_p_s.jpg[/IMG][/URL]<BR><BR>[b]Foot worship, sexy legs, leggy, foot fetish, legs worship, [/b]<BR>0080_ Scarlett Amateur Tumblr andamp YT Foot Fetish Girl Video and Photo collection Scarlett feet 11 480<BR><BR>[b]0080_foot_worship_leggy_fetish_xxx_video_p[/b]<BR>MPEG-4 | Size: 43.3 MiB | Duration: 8mn 0s | 640x480<BR><BR>[b]~> Download video from KEEP2SHARE <~<BR>[url=http://k2s.cc/file/dc18d4ff6c73f/0080_foot_worship_leggy_fetish_xxx_video_p.mp4]0080_foot_worship_leggy_fetish_xxx_video_p.mp4[/url][/b]<BR><BR>More screenshots:<BR>[URL=http://pimpandhost.com/image/53951960-medium.html][IMG]http://ist3-2.filesor.com/pimpandhost.com/1/_/_/_/1/3/E/n/m/3EnmU/0080_foot_worship_leggy_fetish_xxx_video_p_s_0.jpg[/IMG][/URL]<BR><BR><BR>","1333","2203","3578","1315"
" Scarlett Amateur Tumblr andamp YT Foot Fetish Girl Video a","[URL=http://pimpandhost.com/image/53952506-original.html][IMG]http://ist3-1.filesor.com/pimpandhost.com/1/_/_/_/1/3/E/n/v/3EnvI/0081_foot_worship_leggy_fetish_xxx_video_p_s.jpg[/IMG][/URL]<BR><BR>[b]Foot worship, sexy legs, leggy, foot fetish, legs worship, [/b]<BR>0081_ Scarlett Amateur Tumblr andamp YT Foot Fetish Girl Video and Photo collection Scarlett feet 12 480<BR><BR>[b]0081_foot_worship_leggy_fetish_xxx_video_p[/b]<BR>MPEG-4 | Size: 34.3 MiB | Duration: 6mn 22s | 640x480<BR><BR>[b]~> Download video from KEEP2SHARE <~<BR>[url=http://k2s.cc/file/f4bc8f495cbbb/0081_foot_worship_leggy_fetish_xxx_video_p.mp4]0081_foot_worship_leggy_fetish_xxx_video_p.mp4[/url][/b]<BR><BR>More screenshots:<BR>[URL=http://pimpandhost.com/image/53951961-medium.html][IMG]http://ist3-1.filesor.com/pimpandhost.com/1/_/_/_/1/3/E/n/m/3EnmV/0081_foot_worship_leggy_fetish_xxx_video_p_s_0.jpg[/IMG][/URL]<BR><BR><BR>","1333","1761","3535","1335"
" Scarlett Amateur Tumblr andamp YT Foot Fetish Girl Video a","[URL=http://pimpandhost.com/image/53952507-original.html][IMG]http://ist3-1.filesor.com/pimpandhost.com/1/_/_/_/1/3/E/n/v/3EnvJ/0082_foot_worship_leggy_fetish_xxx_video_p_s.jpg[/IMG][/URL]<BR><BR>[b]Foot worship, sexy legs, leggy, foot fetish, legs worship, [/b]<BR>0082_ Scarlett Amateur Tumblr andamp YT Foot Fetish Girl Video and Photo collection Scarlett feet 13 360<BR><BR>[b]0082_foot_worship_leggy_fetish_xxx_video_p[/b]<BR>MPEG-4 | Size: 17.3 MiB | Duration: 5mn 39s | 480x360<BR><BR>[b]~> Download video from KEEP2SHARE <~<BR>[url=http://k2s.cc/file/6e7f3d1d47cf6/0082_foot_worship_leggy_fetish_xxx_video_p.mp4]0082_foot_worship_leggy_fetish_xxx_video_p.mp4[/url][/b]<BR><BR>More screenshots:<BR>[URL=http://pimpandhost.com/image/53951962-medium.html][IMG]http://ist3-2.filesor.com/pimpandhost.com/1/_/_/_/1/3/E/n/m/3EnmW/0082_foot_worship_leggy_fetish_xxx_video_p_s_0.jpg[/IMG][/URL]<BR><BR><BR>","1310","2121","3617","1332"
" Scarlett Amateur Tumblr andamp YT Foot Fetish Girl Video a","[URL=http://pimpandhost.com/image/53952508-original.html][IMG]http://ist3-1.filesor.com/pimpandhost.com/1/_/_/_/1/3/E/n/v/3EnvK/0083_foot_worship_leggy_fetish_xxx_video_p_s.jpg[/IMG][/URL]<BR><BR>[b]Foot worship, sexy legs, leggy, foot fetish, legs worship, [/b]<BR>0083_ Scarlett Amateur Tumblr andamp YT Foot Fetish Girl Video and Photo collection Scarlett feet 14 480<BR><BR>[b]0083_foot_worship_leggy_fetish_xxx_video_p[/b]<BR>MPEG-4 | Size: 39.8 MiB | Duration: 7mn 17s | 640x480<BR><BR>[b]~> Download video from KEEP2SHARE <~<BR>[url=http://k2s.cc/file/762bfce2a961c/0083_foot_worship_leggy_fetish_xxx_video_p.mp4]0083_foot_worship_leggy_fetish_xxx_video_p.mp4[/url][/b]<BR><BR>More screenshots:<BR>[URL=http://pimpandhost.com/image/53951963-medium.html][IMG]http://ist3-2.filesor.com/pimpandhost.com/1/_/_/_/1/3/E/n/m/3EnmX/0083_foot_worship_leggy_fetish_xxx_video_p_s_0.jpg[/IMG][/URL]<BR><BR><BR>","1344","1787","3653","1335"
" Scarlett Amateur Tumblr andamp YT Foot Fetish Girl Video a","[URL=http://pimpandhost.com/image/53952509-original.html][IMG]http://ist3-2.filesor.com/pimpandhost.com/1/_/_/_/1/3/E/n/v/3EnvL/0084_foot_worship_leggy_fetish_xxx_video_p_s.jpg[/IMG][/URL]<BR><BR>[b]Foot worship, sexy legs, leggy, foot fetish, legs worship, [/b]<BR>0084_ Scarlett Amateur Tumblr andamp YT Foot Fetish Girl Video and Photo collection Scarlett feet 16 360<BR><BR>[b]0084_foot_worship_leggy_fetish_xxx_video_p[/b]<BR>MPEG-4 | Size: 7.80 MiB | Duration: 2mn 22s | 480x360<BR><BR>[b]~> Download video from KEEP2SHARE <~<BR>[url=http://k2s.cc/file/5edbf09510234/0084_foot_worship_leggy_fetish_xxx_video_p.mp4]0084_foot_worship_leggy_fetish_xxx_video_p.mp4[/url][/b]<BR><BR>More screenshots:<BR>[URL=http://pimpandhost.com/image/53951964-medium.html][IMG]http://ist3-1.filesor.com/pimpandhost.com/1/_/_/_/1/3/E/n/m/3EnmY/0084_foot_worship_leggy_fetish_xxx_video_p_s_0.jpg[/IMG][/URL]<BR><BR><BR>","1381","1501","3580","1377"
" Scarlett Amateur Tumblr andamp YT Foot Fetish Girl Video a","[URL=http://pimpandhost.com/image/53952510-original.html][IMG]http://ist3-2.filesor.com/pimpandhost.com/1/_/_/_/1/3/E/n/v/3EnvM/0085_foot_worship_leggy_fetish_xxx_video_p_s.jpg[/IMG][/URL]<BR><BR>[b]Foot worship, sexy legs, leggy, foot fetish, legs worship, [/b]<BR>0085_ Scarlett Amateur Tumblr andamp YT Foot Fetish Girl Video and Photo collection Scarlett feet 17 360<BR><BR>[b]0085_foot_worship_leggy_fetish_xxx_video_p[/b]<BR>MPEG-4 | Size: 28.4 MiB | Duration: 8mn 59s | 480x360<BR><BR>[b]~> Download video from KEEP2SHARE <~<BR>[url=http://k2s.cc/file/8ea4d869acc62/0085_foot_worship_leggy_fetish_xxx_video_p.mp4]0085_foot_worship_leggy_fetish_xxx_video_p.mp4[/url][/b]<BR><BR>More screenshots:<BR>[URL=http://pimpandhost.com/image/53951965-medium.html][IMG]http://ist3-1.filesor.com/pimpandhost.com/1/_/_/_/1/3/E/n/m/3EnmZ/0085_foot_worship_leggy_fetish_xxx_video_p_s_0.jpg[/IMG][/URL]<BR><BR><BR>","1316","1699","3680","1375"
" Scarlett Amateur Tumblr andamp YT Foot Fetish Girl Video a","[URL=http://pimpandhost.com/image/53952512-original.html][IMG]http://ist3-2.filesor.com/pimpandhost.com/1/_/_/_/1/3/E/n/v/3EnvO/0086_foot_worship_leggy_fetish_xxx_video_p_s.jpg[/IMG][/URL]<BR><BR>[b]Foot worship, sexy legs, leggy, foot fetish, legs worship, [/b]<BR>0086_ Scarlett Amateur Tumblr andamp YT Foot Fetish Girl Video and Photo collection Scarlett feet 2 360<BR><BR>[b]0086_foot_worship_leggy_fetish_xxx_video_p[/b]<BR>MPEG-4 | Size: 14.2 MiB | Duration: 5mn 50s | 568x320<BR><BR>[b]~> Download video from KEEP2SHARE <~<BR>[url=http://k2s.cc/file/e94b60efc5b04/0086_foot_worship_leggy_fetish_xxx_video_p.mp4]0086_foot_worship_leggy_fetish_xxx_video_p.mp4[/url][/b]<BR><BR>More screenshots:<BR>[URL=http://pimpandhost.com/image/53951966-medium.html][IMG]http://ist3-2.filesor.com/pimpandhost.com/1/_/_/_/1/3/E/n/n/3Enn0/0086_foot_worship_leggy_fetish_xxx_video_p_s_0.jpg[/IMG][/URL]<BR><BR><BR>","1374","1889","3591","1348"
" Scarlett Amateur Tumblr andamp YT Foot Fetish Girl Video a","[URL=http://pimpandhost.com/image/53952513-original.html][IMG]http://ist3-1.filesor.com/pimpandhost.com/1/_/_/_/1/3/E/n/v/3EnvP/0087_foot_worship_leggy_fetish_xxx_video_p_s.jpg[/IMG][/URL]<BR><BR>[b]Foot worship, sexy legs, leggy, foot fetish, legs worship, [/b]<BR>0087_ Scarlett Amateur Tumblr andamp YT Foot Fetish Girl Video and Photo collection Scarlett feet 3 720<BR><BR>[b]0087_foot_worship_leggy_fetish_xxx_video_p[/b]<BR>MPEG-4 | Size: 40.6 MiB | Duration: 3mn 13s | 1280x720<BR><BR>[b]~> Download video from KEEP2SHARE <~<BR>[url=http://k2s.cc/file/41500bfd28d0a/0087_foot_worship_leggy_fetish_xxx_video_p.mp4]0087_foot_worship_leggy_fetish_xxx_video_p.mp4[/url][/b]<BR><BR>More screenshots:<BR>[URL=http://pimpandhost.com/image/53951967-medium.html][IMG]http://ist3-1.filesor.com/pimpandhost.com/1/_/_/_/1/3/E/n/n/3Enn1/0087_foot_worship_leggy_fetish_xxx_video_p_s_0.jpg[/IMG][/URL]<BR><BR><BR>","1396","1588","3687","1329"
" Scarlett Amateur Tumblr andamp YT Foot Fetish Girl Video a","[URL=http://pimpandhost.com/image/53952514-original.html][IMG]http://ist3-2.filesor.com/pimpandhost.com/1/_/_/_/1/3/E/n/v/3EnvQ/0088_foot_worship_leggy_fetish_xxx_video_p_s.jpg[/IMG][/URL]<BR><BR>[b]Foot worship, sexy legs, leggy, foot fetish, legs worship, [/b]<BR>0088_ Scarlett Amateur Tumblr andamp YT Foot Fetish Girl Video and Photo collection Scarlett feet 4 480<BR><BR>[b]0088_foot_worship_leggy_fetish_xxx_video_p[/b]<BR>MPEG-4 | Size: 49.9 MiB | Duration: 9mn 11s | 640x480<BR><BR>[b]~> Download video from KEEP2SHARE <~<BR>[url=http://k2s.cc/file/873e7f0a49a8d/0088_foot_worship_leggy_fetish_xxx_video_p.mp4]0088_foot_worship_leggy_fetish_xxx_video_p.mp4[/url][/b]<BR><BR>More screenshots:<BR>[URL=http://pimpandhost.com/image/53951968-medium.html][IMG]http://ist3-1.filesor.com/pimpandhost.com/1/_/_/_/1/3/E/n/n/3Enn2/0088_foot_worship_leggy_fetish_xxx_video_p_s_0.jpg[/IMG][/URL]<BR><BR><BR>","1388","1791","3588","1320"
" Scarlett Amateur Tumblr andamp YT Foot Fetish Girl Video a","[URL=http://pimpandhost.com/image/53952515-original.html][IMG]http://ist3-1.filesor.com/pimpandhost.com/1/_/_/_/1/3/E/n/v/3EnvR/0089_foot_worship_leggy_fetish_xxx_video_p_s.jpg[/IMG][/URL]<BR><BR>[b]Foot worship, sexy legs, leggy, foot fetish, legs worship, [/b]<BR>0089_ Scarlett Amateur Tumblr andamp YT Foot Fetish Girl Video and Photo collection Scarlett feet 5 480<BR><BR>[b]0089_foot_worship_leggy_fetish_xxx_video_p[/b]<BR>MPEG-4 | Size: 54.8 MiB | Duration: 9mn 51s | 640x480<BR><BR>[b]~> Download video from KEEP2SHARE <~<BR>[url=http://k2s.cc/file/7e2d64a91c01b/0089_foot_worship_leggy_fetish_xxx_video_p.mp4]0089_foot_worship_leggy_fetish_xxx_video_p.mp4[/url][/b]<BR><BR>More screenshots:<BR>[URL=http://pimpandhost.com/image/53951969-medium.html][IMG]http://ist3-2.filesor.com/pimpandhost.com/1/_/_/_/1/3/E/n/n/3Enn3/0089_foot_worship_leggy_fetish_xxx_video_p_s_0.jpg[/IMG][/URL]<BR><BR><BR>","1361","2055","3611","1372"
" Scarlett Amateur Tumblr andamp YT Foot Fetish Girl Video a","[URL=http://pimpandhost.com/image/53952516-original.html][IMG]http://ist3-1.filesor.com/pimpandhost.com/1/_/_/_/1/3/E/n/v/3EnvS/0090_foot_worship_leggy_fetish_xxx_video_p_s.jpg[/IMG][/URL]<BR><BR>[b]Foot worship, sexy legs, leggy, foot fetish, legs worship, [/b]<BR>0090_ Scarlett Amateur Tumblr andamp YT Foot Fetish Girl Video and Photo collection Scarlett feet 6 480<BR><BR>[b]0090_foot_worship_leggy_fetish_xxx_video_p[/b]<BR>MPEG-4 | Size: 47.5 MiB | Duration: 8mn 55s | 640x480<BR><BR>[b]~> Download video from KEEP2SHARE <~<BR>[url=http://k2s.cc/file/f31229794d8c9/0090_foot_worship_leggy_fetish_xxx_video_p.mp4]0090_foot_worship_leggy_fetish_xxx_video_p.mp4[/url][/b]<BR><BR>More screenshots:<BR>[URL=http://pimpandhost.com/image/53951970-medium.html][IMG]http://ist3-2.filesor.com/pimpandhost.com/1/_/_/_/1/3/E/n/n/3Enn4/0090_foot_worship_leggy_fetish_xxx_video_p_s_0.jpg[/IMG][/URL]<BR><BR><BR>","1330","1628","3506","1375"
" Scarlett Amateur Tumblr andamp YT Foot Fetish Girl Video a","[URL=http://pimpandhost.com/image/53952517-original.html][IMG]http://ist3-1.filesor.com/pimpandhost.com/1/_/_/_/1/3/E/n/v/3EnvT/0091_foot_worship_leggy_fetish_xxx_video_p_s.jpg[/IMG][/URL]<BR><BR>[b]Foot worship, sexy legs, leggy, foot fetish, legs worship, [/b]<BR>0091_ Scarlett Amateur Tumblr andamp YT Foot Fetish Girl Video and Photo collection Scarlett feet 7 360<BR><BR>[b]0091_foot_worship_leggy_fetish_xxx_video_p[/b]<BR>MPEG-4 | Size: 24.5 MiB | Duration: 7mn 9s | 480x360<BR><BR>[b]~> Download video from KEEP2SHARE <~<BR>[url=http://k2s.cc/file/da31855f030a9/0091_foot_worship_leggy_fetish_xxx_video_p.mp4]0091_foot_worship_leggy_fetish_xxx_video_p.mp4[/url][/b]<BR><BR>More screenshots:<BR>[URL=http://pimpandhost.com/image/53951971-medium.html][IMG]http://ist3-2.filesor.com/pimpandhost.com/1/_/_/_/1/3/E/n/n/3Enn5/0091_foot_worship_leggy_fetish_xxx_video_p_s_0.jpg[/IMG][/URL]<BR><BR><BR>","1346","2215","3520","1327"
" Scarlett Amateur Tumblr andamp YT Foot Fetish Girl Video a","[URL=http://pimpandhost.com/image/53952518-original.html][IMG]http://ist3-2.filesor.com/pimpandhost.com/1/_/_/_/1/3/E/n/v/3EnvU/0092_foot_worship_leggy_fetish_xxx_video_p_s.jpg[/IMG][/URL]<BR><BR>[b]Foot worship, sexy legs, leggy, foot fetish, legs worship, [/b]<BR>0092_ Scarlett Amateur Tumblr andamp YT Foot Fetish Girl Video and Photo collection Scarlett feet 8 720<BR><BR>[b]0092_foot_worship_leggy_fetish_xxx_video_p[/b]<BR>MPEG-4 | Size: 104 MiB | Duration: 9mn 35s | 1280x720<BR><BR>[b]~> Download video from KEEP2SHARE <~<BR>[url=http://k2s.cc/file/a2361416237e0/0092_foot_worship_leggy_fetish_xxx_video_p.mp4]0092_foot_worship_leggy_fetish_xxx_video_p.mp4[/url][/b]<BR><BR>More screenshots:<BR>[URL=http://pimpandhost.com/image/53951972-medium.html][IMG]http://ist3-1.filesor.com/pimpandhost.com/1/_/_/_/1/3/E/n/n/3Enn6/0092_foot_worship_leggy_fetish_xxx_video_p_s_0.jpg[/IMG][/URL]<BR><BR><BR>","1380","1951","3508","1396"
" Scarlett Amateur Tumblr andamp YT Foot Fetish Girl Video a","[URL=http://pimpandhost.com/image/53952519-original.html][IMG]http://ist3-1.filesor.com/pimpandhost.com/1/_/_/_/1/3/E/n/v/3EnvV/0093_foot_worship_leggy_fetish_xxx_video_p_s.jpg[/IMG][/URL]<BR><BR>[b]Foot worship, sexy legs, leggy, foot fetish, legs worship, [/b]<BR>0093_ Scarlett Amateur Tumblr andamp YT Foot Fetish Girl Video and Photo collection Scarlett feet 9 720<BR><BR>[b]0093_foot_worship_leggy_fetish_xxx_video_p[/b]<BR>MPEG-4 | Size: 92.5 MiB | Duration: 8mn 36s | 1280x720<BR><BR>[b]~> Download video from KEEP2SHARE <~<BR>[url=http://k2s.cc/file/bb772248be404/0093_foot_worship_leggy_fetish_xxx_video_p.mp4]0093_foot_worship_leggy_fetish_xxx_video_p.mp4[/url][/b]<BR><BR>More screenshots:<BR>[URL=http://pimpandhost.com/image/53951973-medium.html][IMG]http://ist3-2.filesor.com/pimpandhost.com/1/_/_/_/1/3/E/n/n/3Enn7/0093_foot_worship_leggy_fetish_xxx_video_p_s_0.jpg[/IMG][/URL]<BR><BR><BR>","1373","2347","3641","1346"
" Scarlett Amateur Tumblr andamp YT Foot Fetish Girl Video a","[URL=http://pimpandhost.com/image/53952520-original.html][IMG]http://ist3-1.filesor.com/pimpandhost.com/1/_/_/_/1/3/E/n/v/3EnvW/0094_foot_worship_leggy_fetish_xxx_video_p_s.jpg[/IMG][/URL]<BR><BR>[b]Foot worship, sexy legs, leggy, foot fetish, legs worship, [/b]<BR>0094_ Scarlett Amateur Tumblr andamp YT Foot Fetish Girl Video and Photo collection Scarlett playing with her feet 240<BR><BR>[b]0094_foot_worship_leggy_fetish_xxx_video_p[/b]<BR>MPEG-4 | Size: 18.2 MiB | Duration: 4mn 25s | 320x240<BR><BR>[b]~> Download video from KEEP2SHARE <~<BR>[url=http://k2s.cc/file/dd2fb530346af/0094_foot_worship_leggy_fetish_xxx_video_p.mp4]0094_foot_worship_leggy_fetish_xxx_video_p.mp4[/url][/b]<BR><BR>More screenshots:<BR>[URL=http://pimpandhost.com/image/53951974-medium.html][IMG]http://ist3-1.filesor.com/pimpandhost.com/1/_/_/_/1/3/E/n/n/3Enn8/0094_foot_worship_leggy_fetish_xxx_video_p_s_0.jpg[/IMG][/URL]<BR><BR><BR>","1337","1641","3690","1333"
" Scarlett Amateur Tumblr andamp YT Foot Fetish Girl Video a","[URL=http://pimpandhost.com/image/53952521-original.html][IMG]http://ist3-2.filesor.com/pimpandhost.com/1/_/_/_/1/3/E/n/v/3EnvX/0095_foot_worship_leggy_fetish_xxx_video_p_s.jpg[/IMG][/URL]<BR><BR>[b]Foot worship, sexy legs, leggy, foot fetish, legs worship, [/b]<BR>0095_ Scarlett Amateur Tumblr andamp YT Foot Fetish Girl Video and Photo collection Scarlett self suck feet toes 240<BR><BR>[b]0095_foot_worship_leggy_fetish_xxx_video_p[/b]<BR>MPEG-4 | Size: 30.6 MiB | Duration: 7mn 26s | 320x240<BR><BR>[b]~> Download video from KEEP2SHARE <~<BR>[url=http://k2s.cc/file/c2d2b93dfe7d7/0095_foot_worship_leggy_fetish_xxx_video_p.mp4]0095_foot_worship_leggy_fetish_xxx_video_p.mp4[/url][/b]<BR><BR>More screenshots:<BR>[URL=http://pimpandhost.com/image/53951975-medium.html][IMG]http://ist3-1.filesor.com/pimpandhost.com/1/_/_/_/1/3/E/n/n/3Enn9/0095_foot_worship_leggy_fetish_xxx_video_p_s_0.jpg[/IMG][/URL]<BR><BR><BR>","1325","2289","3623","1313"
" Scarlett Amateur Tumblr andamp YT Foot Fetish Girl Video a","[URL=http://pimpandhost.com/image/53952522-original.html][IMG]http://ist3-1.filesor.com/pimpandhost.com/1/_/_/_/1/3/E/n/v/3EnvY/0096_foot_worship_leggy_fetish_xxx_video_p_s.jpg[/IMG][/URL]<BR><BR>[b]Foot worship, sexy legs, leggy, foot fetish, legs worship, [/b]<BR>0096_ Scarlett Amateur Tumblr andamp YT Foot Fetish Girl Video and Photo collection Scarlette feet 18 360<BR><BR>[b]0096_foot_worship_leggy_fetish_xxx_video_p[/b]<BR>MPEG-4 | Size: 13.8 MiB | Duration: 3mn 51s | 480x360<BR><BR>[b]~> Download video from KEEP2SHARE <~<BR>[url=http://k2s.cc/file/c7b2eadd7887b/0096_foot_worship_leggy_fetish_xxx_video_p.mp4]0096_foot_worship_leggy_fetish_xxx_video_p.mp4[/url][/b]<BR><BR>More screenshots:<BR>[URL=http://pimpandhost.com/image/53951976-medium.html][IMG]http://ist3-1.filesor.com/pimpandhost.com/1/_/_/_/1/3/E/n/n/3Enna/0096_foot_worship_leggy_fetish_xxx_video_p_s_0.jpg[/IMG][/URL]<BR><BR><BR>","1320","1550","3568","1382"
" Scarlett Amateur Tumblr andamp YT Foot Fetish Girl Video a","[URL=http://pimpandhost.com/image/53952523-original.html][IMG]http://ist3-1.filesor.com/pimpandhost.com/1/_/_/_/1/3/E/n/v/3EnvZ/0097_foot_worship_leggy_fetish_xxx_video_p_s.jpg[/IMG][/URL]<BR><BR>[b]Foot worship, sexy legs, leggy, foot fetish, legs worship, [/b]<BR>0097_ Scarlett Amateur Tumblr andamp YT Foot Fetish Girl Video and Photo collection Scarlette feet 19 480<BR><BR>[b]0097_foot_worship_leggy_fetish_xxx_video_p[/b]<BR>MPEG-4 | Size: 38.6 MiB | Duration: 8mn 35s | 640x480<BR><BR>[b]~> Download video from KEEP2SHARE <~<BR>[url=http://k2s.cc/file/6eba2873b0c28/0097_foot_worship_leggy_fetish_xxx_video_p.mp4]0097_foot_worship_leggy_fetish_xxx_video_p.mp4[/url][/b]<BR><BR>More screenshots:<BR>[URL=http://pimpandhost.com/image/53951977-medium.html][IMG]http://ist3-1.filesor.com/pimpandhost.com/1/_/_/_/1/3/E/n/n/3Ennb/0097_foot_worship_leggy_fetish_xxx_video_p_s_0.jpg[/IMG][/URL]<BR><BR><BR>","1367","2308","3605","1398"
" Scarlett Amateur Tumblr andamp YT Foot Fetish Girl Video a","[URL=http://pimpandhost.com/image/53952524-original.html][IMG]http://ist3-2.filesor.com/pimpandhost.com/1/_/_/_/1/3/E/n/w/3Enw0/0098_foot_worship_leggy_fetish_xxx_video_p_s.jpg[/IMG][/URL]<BR><BR>[b]Foot worship, sexy legs, leggy, foot fetish, legs worship, [/b]<BR>0098_ Scarlett Amateur Tumblr andamp YT Foot Fetish Girl Video and Photo collection Scarletts best 480<BR><BR>[b]0098_foot_worship_leggy_fetish_xxx_video_p[/b]<BR>MPEG-4 | Size: 36.5 MiB | Duration: 13mn 31s | 480x360<BR><BR>[b]~> Download video from KEEP2SHARE <~<BR>[url=http://k2s.cc/file/dcd10841ac894/0098_foot_worship_leggy_fetish_xxx_video_p.mp4]0098_foot_worship_leggy_fetish_xxx_video_p.mp4[/url][/b]<BR><BR>More screenshots:<BR>[URL=http://pimpandhost.com/image/53951978-medium.html][IMG]http://ist3-1.filesor.com/pimpandhost.com/1/_/_/_/1/3/E/n/n/3Ennc/0098_foot_worship_leggy_fetish_xxx_video_p_s_0.jpg[/IMG][/URL]<BR><BR><BR>","1303","2002","3646","1350"
" Scarlett Amateur Tumblr andamp YT Foot Fetish Girl Video a","[URL=http://pimpandhost.com/image/53952525-original.html][IMG]http://ist3-2.filesor.com/pimpandhost.com/1/_/_/_/1/3/E/n/w/3Enw1/0099_foot_worship_leggy_fetish_xxx_video_I_s.jpg[/IMG][/URL]<BR><BR>[b]Foot worship, sexy legs, leggy, foot fetish, legs worship, [/b]<BR>0099_ Scarlett Amateur Tumblr andamp YT Foot Fetish Girl Video and Photo collection Tanwhite h3xfq 99p5<BR><BR>[b]0099_foot_worship_leggy_fetish_xxx_video_I[/b]<BR>Flash Video | Size: 22.2 MiB | Duration: 7mn 33s | 480x360<BR><BR>[b]~> Download video from KEEP2SHARE <~<BR>[url=http://k2s.cc/file/81915232b1960/0099_foot_worship_leggy_fetish_xxx_video_I.flv]0099_foot_worship_leggy_fetish_xxx_video_I.flv[/url][/b]<BR><BR>More screenshots:<BR>[URL=http://pimpandhost.com/image/53951979-medium.html][IMG]http://ist3-1.filesor.com/pimpandhost.com/1/_/_/_/1/3/E/n/n/3Ennd/0099_foot_worship_leggy_fetish_xxx_video_I_s_0.jpg[/IMG][/URL]<BR><BR><BR>","1335","2248","3655","1314"
" Scarlett Amateur Tumblr andamp YT Foot Fetish Girl Video a","[URL=http://pimpandhost.com/image/53952526-original.html][IMG]http://ist3-2.filesor.com/pimpandhost.com/1/_/_/_/1/3/E/n/w/3Enw2/0100_foot_worship_leggy_fetish_xxx_video_o_s.jpg[/IMG][/URL]<BR><BR>[b]Foot worship, sexy legs, leggy, foot fetish, legs worship, [/b]<BR>0100_ Scarlett Amateur Tumblr andamp YT Foot Fetish Girl Video and Photo collection Whattt bO5zkgMZsp<BR><BR>[b]0100_foot_worship_leggy_fetish_xxx_video_o[/b]<BR>Flash Video | Size: 20.3 MiB | Duration: 5mn 48s | 480x360<BR><BR>[b]~> Download video from KEEP2SHARE <~<BR>[url=http://k2s.cc/file/9d1b5e45b2ba7/0100_foot_worship_leggy_fetish_xxx_video_o.flv]0100_foot_worship_leggy_fetish_xxx_video_o.flv[/url][/b]<BR><BR>More screenshots:<BR>[URL=http://pimpandhost.com/image/53951980-medium.html][IMG]http://ist3-2.filesor.com/pimpandhost.com/1/_/_/_/1/3/E/n/n/3Enne/0100_foot_worship_leggy_fetish_xxx_video_o_s_0.jpg[/IMG][/URL]<BR><BR><BR>","1333","2236","3520","1305"
