" Angie 24ans, des seins de folie Angie 24ans, des seins de ","[URL=http://pimpandhost.com/image/55098080-original.html][IMG]http://ist3-2.filesor.com/pimpandhost.com/1/_/_/_/1/3/J/b/w/3JbwI/0001_french_sex_xxx_video_e_s.jpg[/IMG][/URL]<BR><BR>[b]French porn videos, hot french girls having sex, [/b]<BR>0001_ Angie 24ans, des seins de folie Angie 24ans, des seins de foli<BR><BR>[b]0001_french_sex_xxx_video_e[/b]<BR>MPEG-4 | Size: 3.16 GiB | Duration: 46mn 34s | 1920x1080<BR><BR>[b]~> Download video from KEEP2SHARE <~<BR>[url=http://k2s.cc/file/68c600c533333/0001_french_sex_xxx_video_e.mp4.part1.rar]0001_french_sex_xxx_video_e.mp4.part1.rar[/url]<BR>[url=http://k2s.cc/file/467dec36833ff/0001_french_sex_xxx_video_e.mp4.part2.rar]0001_french_sex_xxx_video_e.mp4.part2.rar[/url]<BR>[url=http://k2s.cc/file/478d8beba7e78/0001_french_sex_xxx_video_e.mp4.part3.rar]0001_french_sex_xxx_video_e.mp4.part3.rar[/url]<BR>[url=http://k2s.cc/file/a4f203ba0dab6/0001_french_sex_xxx_video_e.mp4.part4.rar]0001_french_sex_xxx_video_e.mp4.part4.rar[/url]<BR>[url=http://k2s.cc/file/8018ee0998191/0001_french_sex_xxx_video_e.mp4.part5.rar]0001_french_sex_xxx_video_e.mp4.part5.rar[/url]<BR>[url=http://k2s.cc/file/4fe65bf322010/0001_french_sex_xxx_video_e.mp4.part6.rar]0001_french_sex_xxx_video_e.mp4.part6.rar[/url]<BR>[url=http://k2s.cc/file/e1022eaef3266/0001_french_sex_xxx_video_e.mp4.part7.rar]0001_french_sex_xxx_video_e.mp4.part7.rar[/url][/b]<BR><BR>More screenshots:<BR>[URL=http://pimpandhost.com/image/55098098-medium.html][IMG]http://ist3-2.filesor.com/pimpandhost.com/1/_/_/_/1/3/J/b/x/3Jbx0/0001_french_sex_xxx_video_e_s_0.jpg[/IMG][/URL]<BR><BR><BR>","1339","1732","3660","1311"
" Aurelie 27ans, standardiste a Nancy Aurelie 27ans, standar","[URL=http://pimpandhost.com/image/55098081-original.html][IMG]http://ist3-1.filesor.com/pimpandhost.com/1/_/_/_/1/3/J/b/w/3JbwJ/0002_french_sex_xxx_video_y_s.jpg[/IMG][/URL]<BR><BR>[b]French porn videos, hot french girls having sex, [/b]<BR>0002_ Aurelie 27ans, standardiste a Nancy Aurelie 27ans, standardiste a Nanc<BR><BR>[b]0002_french_sex_xxx_video_y[/b]<BR>MPEG-4 | Size: 2.74 GiB | Duration: 39mn 20s | 1920x1080<BR><BR>[b]~> Download video from KEEP2SHARE <~<BR>[url=http://k2s.cc/file/b7dbcfc2c8385/0002_french_sex_xxx_video_y.mp4.part1.rar]0002_french_sex_xxx_video_y.mp4.part1.rar[/url]<BR>[url=http://k2s.cc/file/8e7e6e99e4d7a/0002_french_sex_xxx_video_y.mp4.part2.rar]0002_french_sex_xxx_video_y.mp4.part2.rar[/url]<BR>[url=http://k2s.cc/file/c46a2575416ef/0002_french_sex_xxx_video_y.mp4.part3.rar]0002_french_sex_xxx_video_y.mp4.part3.rar[/url]<BR>[url=http://k2s.cc/file/ca13e7c0c6cbe/0002_french_sex_xxx_video_y.mp4.part4.rar]0002_french_sex_xxx_video_y.mp4.part4.rar[/url]<BR>[url=http://k2s.cc/file/e50aed9c367ec/0002_french_sex_xxx_video_y.mp4.part5.rar]0002_french_sex_xxx_video_y.mp4.part5.rar[/url]<BR>[url=http://k2s.cc/file/4a34547e61ffb/0002_french_sex_xxx_video_y.mp4.part6.rar]0002_french_sex_xxx_video_y.mp4.part6.rar[/url][/b]<BR><BR>More screenshots:<BR>[URL=http://pimpandhost.com/image/55098101-medium.html][IMG]http://ist3-2.filesor.com/pimpandhost.com/1/_/_/_/1/3/J/b/x/3Jbx3/0002_french_sex_xxx_video_y_s_0.jpg[/IMG][/URL]<BR><BR><BR>","1333","2064","3591","1364"
" Aurelie Aurelie, toujours plus fort Aurelie Aurelie, toujo","[URL=http://pimpandhost.com/image/55098082-original.html][IMG]http://ist3-1.filesor.com/pimpandhost.com/1/_/_/_/1/3/J/b/w/3JbwK/0003_french_sex_xxx_video_t_s.jpg[/IMG][/URL]<BR><BR>[b]French porn videos, hot french girls having sex, [/b]<BR>0003_ Aurelie Aurelie, toujours plus fort Aurelie Aurelie, toujours plus for<BR><BR>[b]0003_french_sex_xxx_video_t[/b]<BR>MPEG-4 | Size: 408 MiB | Duration: 38mn 29s | 1280x720<BR><BR>[b]~> Download video from KEEP2SHARE <~<BR>[url=http://k2s.cc/file/e8230fda1ced7/0003_french_sex_xxx_video_t.mp4]0003_french_sex_xxx_video_t.mp4[/url][/b]<BR><BR>More screenshots:<BR>[URL=http://pimpandhost.com/image/55098105-medium.html][IMG]http://ist3-2.filesor.com/pimpandhost.com/1/_/_/_/1/3/J/b/x/3Jbx7/0003_french_sex_xxx_video_t_s_0.jpg[/IMG][/URL]<BR><BR><BR>","1364","2047","3587","1380"
" Cerise Cerise, en gang bang Cerise Cerise, en gang ban","[URL=http://pimpandhost.com/image/55098083-original.html][IMG]http://ist3-1.filesor.com/pimpandhost.com/1/_/_/_/1/3/J/b/w/3JbwL/0004_french_sex_xxx_video_g_s.jpg[/IMG][/URL]<BR><BR>[b]French porn videos, hot french girls having sex, [/b]<BR>0004_ Cerise Cerise, en gang bang Cerise Cerise, en gang ban<BR><BR>[b]0004_french_sex_xxx_video_g[/b]<BR>MPEG-4 | Size: 809 MiB | Duration: 49mn 27s | 1280x720<BR><BR>[b]~> Download video from KEEP2SHARE <~<BR>[url=http://k2s.cc/file/a18dc37a5f86a/0004_french_sex_xxx_video_g.mp4.part1.rar]0004_french_sex_xxx_video_g.mp4.part1.rar[/url]<BR>[url=http://k2s.cc/file/a984ce0838aea/0004_french_sex_xxx_video_g.mp4.part2.rar]0004_french_sex_xxx_video_g.mp4.part2.rar[/url][/b]<BR><BR>More screenshots:<BR>[URL=http://pimpandhost.com/image/55098108-medium.html][IMG]http://ist3-1.filesor.com/pimpandhost.com/1/_/_/_/1/3/J/b/x/3Jbxa/0004_french_sex_xxx_video_g_s_0.jpg[/IMG][/URL]<BR><BR><BR>","1318","2206","3609","1301"
" Dominique Domi aime la branlette espagnole Dominique Domi ","[URL=http://pimpandhost.com/image/55098084-original.html][IMG]http://ist3-1.filesor.com/pimpandhost.com/1/_/_/_/1/3/J/b/w/3JbwM/0005_french_sex_xxx_video_e_s.jpg[/IMG][/URL]<BR><BR>[b]French porn videos, hot french girls having sex, [/b]<BR>0005_ Dominique Domi aime la branlette espagnole Dominique Domi aime la branlette espagnol<BR><BR>[b]0005_french_sex_xxx_video_e[/b]<BR>MPEG-4 | Size: 717 MiB | Duration: 1h 4mn | 1280x720<BR><BR>[b]~> Download video from KEEP2SHARE <~<BR>[url=http://k2s.cc/file/946cdb1dfa34d/0005_french_sex_xxx_video_e.mp4.part1.rar]0005_french_sex_xxx_video_e.mp4.part1.rar[/url]<BR>[url=http://k2s.cc/file/ab4af46078f4e/0005_french_sex_xxx_video_e.mp4.part2.rar]0005_french_sex_xxx_video_e.mp4.part2.rar[/url][/b]<BR><BR>More screenshots:<BR>[URL=http://pimpandhost.com/image/55098110-medium.html][IMG]http://ist3-2.filesor.com/pimpandhost.com/1/_/_/_/1/3/J/b/x/3Jbxc/0005_french_sex_xxx_video_e_s_0.jpg[/IMG][/URL]<BR><BR><BR>","1302","2110","3608","1334"
" DorcelClub 2016.04.29 Anissa Kate andamp Jessie Volt Aniss","[URL=http://pimpandhost.com/image/55098086-original.html][IMG]http://ist3-1.filesor.com/pimpandhost.com/1/_/_/_/1/3/J/b/w/3JbwO/0006_french_sex_xxx_video_e_s.jpg[/IMG][/URL]<BR><BR>[b]French porn videos, hot french girls having sex, [/b]<BR>0006_ DorcelClub 2016.04.29 Anissa Kate andamp Jessie Volt Anissa andamp Jessie reunited for a hard andamp perverse threesome 720p Anissa and Jessie reunited for a hard and perverse threesom<BR><BR>[b]0006_french_sex_xxx_video_e[/b]<BR>MPEG-4 | Size: 416 MiB | Duration: 27mn 32s | 1280x720<BR><BR>[b]~> Download video from KEEP2SHARE <~<BR>[url=http://k2s.cc/file/b6f36fe915684/0006_french_sex_xxx_video_e.mp4]0006_french_sex_xxx_video_e.mp4[/url][/b]<BR><BR>More screenshots:<BR>[URL=http://pimpandhost.com/image/55098114-medium.html][IMG]http://ist3-1.filesor.com/pimpandhost.com/1/_/_/_/1/3/J/b/x/3Jbxg/0006_french_sex_xxx_video_e_s_0.jpg[/IMG][/URL]<BR><BR><BR>","1304","2198","3535","1328"
" Elisabeth FIlle de vigneron baisandeacutee dans les vignes","[URL=http://pimpandhost.com/image/55098087-original.html][IMG]http://ist3-1.filesor.com/pimpandhost.com/1/_/_/_/1/3/J/b/w/3JbwP/0007_french_sex_xxx_video_a_s.jpg[/IMG][/URL]<BR><BR>[b]French porn videos, hot french girls having sex, [/b]<BR>0007_ Elisabeth FIlle de vigneron baisandeacutee dans les vignes de papa Elisabeth FIlle de vigneron baisée dans les vignes de pap<BR><BR>[b]0007_french_sex_xxx_video_a[/b]<BR>MPEG-4 | Size: 912 MiB | Duration: 41mn 53s | 1280x720<BR><BR>[b]~> Download video from KEEP2SHARE <~<BR>[url=http://k2s.cc/file/c0a6903b0135b/0007_french_sex_xxx_video_a.mp4.part1.rar]0007_french_sex_xxx_video_a.mp4.part1.rar[/url]<BR>[url=http://k2s.cc/file/bbe04d306764b/0007_french_sex_xxx_video_a.mp4.part2.rar]0007_french_sex_xxx_video_a.mp4.part2.rar[/url][/b]<BR><BR>More screenshots:<BR>[URL=http://pimpandhost.com/image/55098118-medium.html][IMG]http://ist3-2.filesor.com/pimpandhost.com/1/_/_/_/1/3/J/b/x/3Jbxk/0007_french_sex_xxx_video_a_s_0.jpg[/IMG][/URL]<BR><BR><BR>","1322","1901","3670","1399"
" Explicit Art Aspasie andamp Emma Duval Webcam casting Vide","[URL=http://pimpandhost.com/image/55098088-original.html][IMG]http://ist3-1.filesor.com/pimpandhost.com/1/_/_/_/1/3/J/b/w/3JbwQ/0008_french_sex_xxx_video_1_s.jpg[/IMG][/URL]<BR><BR>[b]French porn videos, hot french girls having sex, [/b]<BR>0008_ Explicit Art Aspasie andamp Emma Duval Webcam casting Videos 720p + Picset Aspasie Emma Duval Casting en webcam part<BR><BR>[b]0008_french_sex_xxx_video_1[/b]<BR>Windows Media | Size: 684 MiB | Duration: 17mn 49s | 1280x720<BR><BR>[b]~> Download video from KEEP2SHARE <~<BR>[url=http://k2s.cc/file/6c66cb6b8b9e8/0008_french_sex_xxx_video_1.wmv.part1.rar]0008_french_sex_xxx_video_1.wmv.part1.rar[/url]<BR>[url=http://k2s.cc/file/464c4d2ceddf9/0008_french_sex_xxx_video_1.wmv.part2.rar]0008_french_sex_xxx_video_1.wmv.part2.rar[/url][/b]<BR><BR>More screenshots:<BR>[URL=http://pimpandhost.com/image/55098124-medium.html][IMG]http://ist3-1.filesor.com/pimpandhost.com/1/_/_/_/1/3/J/b/x/3Jbxq/0008_french_sex_xxx_video_1_s_0.jpg[/IMG][/URL]<BR><BR><BR>","1368","1892","3569","1306"
" Explicit Art Aspasie andamp Emma Duval Webcam casting Vide","[URL=http://pimpandhost.com/image/55098090-original.html][IMG]http://ist3-1.filesor.com/pimpandhost.com/1/_/_/_/1/3/J/b/w/3JbwS/0009_french_sex_xxx_video_2_s.jpg[/IMG][/URL]<BR><BR>[b]French porn videos, hot french girls having sex, [/b]<BR>0009_ Explicit Art Aspasie andamp Emma Duval Webcam casting Videos 720p + Picset Aspasie Emma Duval Casting en webcam part<BR><BR>[b]0009_french_sex_xxx_video_2[/b]<BR>Windows Media | Size: 574 MiB | Duration: 20mn 2s | 1280x720<BR><BR>[b]~> Download video from KEEP2SHARE <~<BR>[url=http://k2s.cc/file/802793490e1fe/0009_french_sex_xxx_video_2.wmv.part1.rar]0009_french_sex_xxx_video_2.wmv.part1.rar[/url]<BR>[url=http://k2s.cc/file/99e483bda6395/0009_french_sex_xxx_video_2.wmv.part2.rar]0009_french_sex_xxx_video_2.wmv.part2.rar[/url][/b]<BR><BR>More screenshots:<BR>[URL=http://pimpandhost.com/image/55098128-medium.html][IMG]http://ist3-2.filesor.com/pimpandhost.com/1/_/_/_/1/3/J/b/x/3Jbxu/0009_french_sex_xxx_video_2_s_0.jpg[/IMG][/URL]<BR><BR><BR>","1370","1627","3537","1302"
" Explicit Art Charlie F Explosiv Encounter Videos 720p + Pi","[URL=http://pimpandhost.com/image/55098091-original.html][IMG]http://ist3-2.filesor.com/pimpandhost.com/1/_/_/_/1/3/J/b/w/3JbwT/0010_french_sex_xxx_video_e_s.jpg[/IMG][/URL]<BR><BR>[b]French porn videos, hot french girls having sex, [/b]<BR>0010_ Explicit Art Charlie F Explosiv Encounter Videos 720p + Picset Charly F. Rencontre explosiv<BR><BR>[b]0010_french_sex_xxx_video_e[/b]<BR>Windows Media | Size: 711 MiB | Duration: 25mn 47s | 1280x720<BR><BR>[b]~> Download video from KEEP2SHARE <~<BR>[url=http://k2s.cc/file/80f7fa7e5eed5/0010_french_sex_xxx_video_e.wmv.part1.rar]0010_french_sex_xxx_video_e.wmv.part1.rar[/url]<BR>[url=http://k2s.cc/file/323d5beb40f0d/0010_french_sex_xxx_video_e.wmv.part2.rar]0010_french_sex_xxx_video_e.wmv.part2.rar[/url][/b]<BR><BR>More screenshots:<BR>[URL=http://pimpandhost.com/image/55098130-medium.html][IMG]http://ist3-2.filesor.com/pimpandhost.com/1/_/_/_/1/3/J/b/x/3Jbxw/0010_french_sex_xxx_video_e_s_0.jpg[/IMG][/URL]<BR><BR><BR>","1377","2075","3632","1341"
" Explicit Art Charlotte de Castille DP Videos 720p + Picset","[URL=http://pimpandhost.com/image/55098092-original.html][IMG]http://ist3-1.filesor.com/pimpandhost.com/1/_/_/_/1/3/J/b/w/3JbwU/0011_french_sex_xxx_video_P_s.jpg[/IMG][/URL]<BR><BR>[b]French porn videos, hot french girls having sex, [/b]<BR>0011_ Explicit Art Charlotte de Castille DP Videos 720p + Picset Charlotte de Castille D<BR><BR>[b]0011_french_sex_xxx_video_P[/b]<BR>Windows Media | Size: 179 MiB | Duration: 5mn 57s | 1280x720<BR><BR>[b]~> Download video from KEEP2SHARE <~<BR>[url=http://k2s.cc/file/00e26c5d5adff/0011_french_sex_xxx_video_P.wmv]0011_french_sex_xxx_video_P.wmv[/url][/b]<BR><BR>More screenshots:<BR>[URL=http://pimpandhost.com/image/55098132-medium.html][IMG]http://ist3-2.filesor.com/pimpandhost.com/1/_/_/_/1/3/J/b/x/3Jbxy/0011_french_sex_xxx_video_P_s_0.jpg[/IMG][/URL]<BR><BR><BR>","1324","1586","3541","1343"
" Explicit Art Charlotte de Castille Lily Phoenix F First An","[URL=http://pimpandhost.com/image/55098093-original.html][IMG]http://ist3-1.filesor.com/pimpandhost.com/1/_/_/_/1/3/J/b/w/3JbwV/0012_french_sex_xxx_video_%20_s.jpg[/IMG][/URL]<BR><BR>[b]French porn videos, hot french girls having sex, [/b]<BR>0012_ Explicit Art Charlotte de Castille Lily Phoenix F First Anal for Lilly Video 720p Charlotte de Castille Lily Phoenix Première anale<BR><BR>[b]0012_french_sex_xxx_video_ [/b]<BR>Windows Media | Size: 523 MiB | Duration: 17mn 31s | 1280x720<BR><BR>[b]~> Download video from KEEP2SHARE <~<BR>[url=http://k2s.cc/file/4d70f882ab654/0012_french_sex_xxx_video__.wmv.part1.rar]0012_french_sex_xxx_video_ .wmv.part1.rar[/url]<BR>[url=http://k2s.cc/file/fda73f9d9b7e0/0012_french_sex_xxx_video__.wmv.part2.rar]0012_french_sex_xxx_video_ .wmv.part2.rar[/url][/b]<BR><BR>More screenshots:<BR>[URL=http://pimpandhost.com/image/55098134-medium.html][IMG]http://ist3-1.filesor.com/pimpandhost.com/1/_/_/_/1/3/J/b/x/3JbxA/0012_french_sex_xxx_video_%20_s_0.jpg[/IMG][/URL]<BR><BR><BR>","1388","2177","3589","1391"
" GangbangCreampie Gangbang Creampie 55 Sadie Santana 16.04.","[URL=http://pimpandhost.com/image/55098094-original.html][IMG]http://ist3-1.filesor.com/pimpandhost.com/1/_/_/_/1/3/J/b/w/3JbwW/0013_french_sex_xxx_video_p_s.jpg[/IMG][/URL]<BR><BR>[b]French porn videos, hot french girls having sex, [/b]<BR>0013_ GangbangCreampie Gangbang Creampie 55 Sadie Santana 16.04.23 1080p GangbangCreampie 55 Sadie 16.04.23 1080<BR><BR>[b]0013_french_sex_xxx_video_p[/b]<BR>MPEG-4 | Size: 1.84 GiB | Duration: 1h 0mn | 1920x1080<BR><BR>[b]~> Download video from KEEP2SHARE <~<BR>[url=http://k2s.cc/file/f0accaf6d8bd0/0013_french_sex_xxx_video_p.mp4.part1.rar]0013_french_sex_xxx_video_p.mp4.part1.rar[/url]<BR>[url=http://k2s.cc/file/336d0535c381e/0013_french_sex_xxx_video_p.mp4.part2.rar]0013_french_sex_xxx_video_p.mp4.part2.rar[/url]<BR>[url=http://k2s.cc/file/60d0511b3a29a/0013_french_sex_xxx_video_p.mp4.part3.rar]0013_french_sex_xxx_video_p.mp4.part3.rar[/url]<BR>[url=http://k2s.cc/file/4436257e7eb30/0013_french_sex_xxx_video_p.mp4.part4.rar]0013_french_sex_xxx_video_p.mp4.part4.rar[/url][/b]<BR><BR>More screenshots:<BR>[URL=http://pimpandhost.com/image/55098135-medium.html][IMG]http://ist3-1.filesor.com/pimpandhost.com/1/_/_/_/1/3/J/b/x/3JbxB/0013_french_sex_xxx_video_p_s_0.jpg[/IMG][/URL]<BR><BR><BR>","1343","2383","3549","1348"
" Johana Johana, gang bang et double vaginale Johana Johana,","[URL=http://pimpandhost.com/image/55098097-original.html][IMG]http://ist3-2.filesor.com/pimpandhost.com/1/_/_/_/1/3/J/b/w/3JbwZ/0014_french_sex_xxx_video_e_s.jpg[/IMG][/URL]<BR><BR>[b]French porn videos, hot french girls having sex, [/b]<BR>0014_ Johana Johana, gang bang et double vaginale Johana Johana, gang bang et double vaginal<BR><BR>[b]0014_french_sex_xxx_video_e[/b]<BR>MPEG-4 | Size: 1.56 GiB | Duration: 53mn 12s | 1920x1080<BR><BR>[b]~> Download video from KEEP2SHARE <~<BR>[url=http://k2s.cc/file/f7eac13e221e5/0014_french_sex_xxx_video_e.mp4.part1.rar]0014_french_sex_xxx_video_e.mp4.part1.rar[/url]<BR>[url=http://k2s.cc/file/6e605bd2a4371/0014_french_sex_xxx_video_e.mp4.part2.rar]0014_french_sex_xxx_video_e.mp4.part2.rar[/url]<BR>[url=http://k2s.cc/file/8920cf143c444/0014_french_sex_xxx_video_e.mp4.part3.rar]0014_french_sex_xxx_video_e.mp4.part3.rar[/url]<BR>[url=http://k2s.cc/file/e75cbf98b52c9/0014_french_sex_xxx_video_e.mp4.part4.rar]0014_french_sex_xxx_video_e.mp4.part4.rar[/url][/b]<BR><BR>More screenshots:<BR>[URL=http://pimpandhost.com/image/55098136-medium.html][IMG]http://ist3-2.filesor.com/pimpandhost.com/1/_/_/_/1/3/J/b/x/3JbxC/0014_french_sex_xxx_video_e_s_0.jpg[/IMG][/URL]<BR><BR><BR>","1376","1885","3653","1398"
" Kelly Kelly teste les cours de sport a domicile Kelly Kell","[URL=http://pimpandhost.com/image/55098099-original.html][IMG]http://ist3-1.filesor.com/pimpandhost.com/1/_/_/_/1/3/J/b/x/3Jbx1/0015_french_sex_xxx_video_e_s.jpg[/IMG][/URL]<BR><BR>[b]French porn videos, hot french girls having sex, [/b]<BR>0015_ Kelly Kelly teste les cours de sport a domicile Kelly Kelly teste les cours de sport a domicil<BR><BR>[b]0015_french_sex_xxx_video_e[/b]<BR>MPEG-4 | Size: 806 MiB | Duration: 37mn 31s | 1280x720<BR><BR>[b]~> Download video from KEEP2SHARE <~<BR>[url=http://k2s.cc/file/f998863e71708/0015_french_sex_xxx_video_e.mp4.part1.rar]0015_french_sex_xxx_video_e.mp4.part1.rar[/url]<BR>[url=http://k2s.cc/file/5959ea98fc0b4/0015_french_sex_xxx_video_e.mp4.part2.rar]0015_french_sex_xxx_video_e.mp4.part2.rar[/url][/b]<BR><BR>More screenshots:<BR>[URL=http://pimpandhost.com/image/55098137-medium.html][IMG]http://ist3-2.filesor.com/pimpandhost.com/1/_/_/_/1/3/J/b/x/3JbxD/0015_french_sex_xxx_video_e_s_0.jpg[/IMG][/URL]<BR><BR><BR>","1388","2053","3692","1355"
" Kelly Kelly, milf nympho de 40 ans assure comme une pro lo","[URL=http://pimpandhost.com/image/55098100-original.html][IMG]http://ist3-2.filesor.com/pimpandhost.com/1/_/_/_/1/3/J/b/x/3Jbx2/0016_french_sex_xxx_video_g_s.jpg[/IMG][/URL]<BR><BR>[b]French porn videos, hot french girls having sex, [/b]<BR>0016_ Kelly Kelly, milf nympho de 40 ans assure comme une pro lors de son casting Kelly Kelly, milf nympho de 40 ans assure comme une pro lors de son castin<BR><BR>[b]0016_french_sex_xxx_video_g[/b]<BR>MPEG-4 | Size: 609 MiB | Duration: 36mn 20s | 1280x720<BR><BR>[b]~> Download video from KEEP2SHARE <~<BR>[url=http://k2s.cc/file/be9134531094f/0016_french_sex_xxx_video_g.mp4.part1.rar]0016_french_sex_xxx_video_g.mp4.part1.rar[/url]<BR>[url=http://k2s.cc/file/5424b20aa75ce/0016_french_sex_xxx_video_g.mp4.part2.rar]0016_french_sex_xxx_video_g.mp4.part2.rar[/url][/b]<BR><BR>More screenshots:<BR>[URL=http://pimpandhost.com/image/55098138-medium.html][IMG]http://ist3-2.filesor.com/pimpandhost.com/1/_/_/_/1/3/J/b/x/3JbxE/0016_french_sex_xxx_video_g_s_0.jpg[/IMG][/URL]<BR><BR><BR>","1305","1773","3624","1375"
" La France Profonde Elles En Revaient Elles Lont Fait 2009,","[URL=http://pimpandhost.com/image/55098102-original.html][IMG]http://ist3-2.filesor.com/pimpandhost.com/1/_/_/_/1/3/J/b/x/3Jbx4/0017_french_sex_xxx_video_1_s.jpg[/IMG][/URL]<BR><BR>[b]French porn videos, hot french girls having sex, [/b]<BR>0017_ La France Profonde Elles En Revaient Elles Lont Fait 2009, FRENCH tes fpr<BR><BR>[b]0017_french_sex_xxx_video_1[/b]<BR>AVI | Size: 703 MiB | Duration: 1h 3mn | 512x384<BR><BR>[b]~> Download video from KEEP2SHARE <~<BR>[url=http://k2s.cc/file/3d39b8fa660b2/0017_french_sex_xxx_video_1.avi.part1.rar]0017_french_sex_xxx_video_1.avi.part1.rar[/url]<BR>[url=http://k2s.cc/file/c3c67a63a5b4a/0017_french_sex_xxx_video_1.avi.part2.rar]0017_french_sex_xxx_video_1.avi.part2.rar[/url][/b]<BR><BR>More screenshots:<BR>[URL=http://pimpandhost.com/image/55098139-medium.html][IMG]http://ist3-1.filesor.com/pimpandhost.com/1/_/_/_/1/3/J/b/x/3JbxF/0017_french_sex_xxx_video_1_s_0.jpg[/IMG][/URL]<BR><BR><BR>","1344","2223","3654","1321"
" La France Profonde Elles En Revaient Elles Lont Fait 2009,","[URL=http://pimpandhost.com/image/55098104-original.html][IMG]http://ist3-2.filesor.com/pimpandhost.com/1/_/_/_/1/3/J/b/x/3Jbx6/0018_french_sex_xxx_video_2_s.jpg[/IMG][/URL]<BR><BR>[b]French porn videos, hot french girls having sex, [/b]<BR>0018_ La France Profonde Elles En Revaient Elles Lont Fait 2009, FRENCH tes fpr<BR><BR>[b]0018_french_sex_xxx_video_2[/b]<BR>AVI | Size: 703 MiB | Duration: 1h 8mn | 512x384<BR><BR>[b]~> Download video from KEEP2SHARE <~<BR>[url=http://k2s.cc/file/00c2fa63e83bd/0018_french_sex_xxx_video_2.avi.part1.rar]0018_french_sex_xxx_video_2.avi.part1.rar[/url]<BR>[url=http://k2s.cc/file/61dd42c2516c1/0018_french_sex_xxx_video_2.avi.part2.rar]0018_french_sex_xxx_video_2.avi.part2.rar[/url][/b]<BR><BR>More screenshots:<BR>[URL=http://pimpandhost.com/image/55098140-medium.html][IMG]http://ist3-1.filesor.com/pimpandhost.com/1/_/_/_/1/3/J/b/x/3JbxG/0018_french_sex_xxx_video_2_s_0.jpg[/IMG][/URL]<BR><BR><BR>","1344","1883","3624","1369"
" La France a Poil Caroline Hot Cougar wildly fucked on the ","[URL=http://pimpandhost.com/image/55098106-original.html][IMG]http://ist3-2.filesor.com/pimpandhost.com/1/_/_/_/1/3/J/b/x/3Jbx8/0019_french_sex_xxx_video_e_s.jpg[/IMG][/URL]<BR><BR>[b]French porn videos, hot french girls having sex, [/b]<BR>0019_ La France a Poil Caroline Hot Cougar wildly fucked on the kitchen table by two young guys Threesome, Cunnilingus, Pissing, Doggy anal 720p LaFranceaPoil Caroline Cougar Threesom<BR><BR>[b]0019_french_sex_xxx_video_e[/b]<BR>MPEG-4 | Size: 589 MiB | Duration: 35mn 25s | 1280x720<BR><BR>[b]~> Download video from KEEP2SHARE <~<BR>[url=http://k2s.cc/file/690bdd4c8ba92/0019_french_sex_xxx_video_e.mp4.part1.rar]0019_french_sex_xxx_video_e.mp4.part1.rar[/url]<BR>[url=http://k2s.cc/file/803bdec611490/0019_french_sex_xxx_video_e.mp4.part2.rar]0019_french_sex_xxx_video_e.mp4.part2.rar[/url][/b]<BR><BR>More screenshots:<BR>[URL=http://pimpandhost.com/image/55098141-medium.html][IMG]http://ist3-2.filesor.com/pimpandhost.com/1/_/_/_/1/3/J/b/x/3JbxH/0019_french_sex_xxx_video_e_s_0.jpg[/IMG][/URL]<BR><BR><BR>","1352","2242","3523","1340"
" NudeInFrance Charlotte LapyneHD 3da1541e4cc804d40bdf8e68a2","[URL=http://pimpandhost.com/image/55098107-original.html][IMG]http://ist3-2.filesor.com/pimpandhost.com/1/_/_/_/1/3/J/b/x/3Jbx9/0020_french_sex_xxx_video_8_s.jpg[/IMG][/URL]<BR><BR>[b]French porn videos, hot french girls having sex, [/b]<BR>0020_ NudeInFrance Charlotte LapyneHD 3da1541e4cc804d40bdf8e68a211a58<BR><BR>[b]0020_french_sex_xxx_video_8[/b]<BR>MPEG-4 | Size: 498 MiB | Duration: 37mn 45s | 1280x720<BR><BR>[b]~> Download video from KEEP2SHARE <~<BR>[url=http://k2s.cc/file/1337d8e443fe2/0020_french_sex_xxx_video_8.mp4.part1.rar]0020_french_sex_xxx_video_8.mp4.part1.rar[/url]<BR>[url=http://k2s.cc/file/cef611b0794b1/0020_french_sex_xxx_video_8.mp4.part2.rar]0020_french_sex_xxx_video_8.mp4.part2.rar[/url][/b]<BR><BR>More screenshots:<BR>[URL=http://pimpandhost.com/image/55098142-medium.html][IMG]http://ist3-1.filesor.com/pimpandhost.com/1/_/_/_/1/3/J/b/x/3JbxI/0020_french_sex_xxx_video_8_s_0.jpg[/IMG][/URL]<BR><BR><BR>","1358","2005","3562","1300"
" NudeInFrance CharlotteSD 5bf5bd3e0404d7886bec9f6e0beba24","[URL=http://pimpandhost.com/image/55098109-original.html][IMG]http://ist3-1.filesor.com/pimpandhost.com/1/_/_/_/1/3/J/b/x/3Jbxb/0021_french_sex_xxx_video_c_s.jpg[/IMG][/URL]<BR><BR>[b]French porn videos, hot french girls having sex, [/b]<BR>0021_ NudeInFrance CharlotteSD 5bf5bd3e0404d7886bec9f6e0beba24<BR><BR>[b]0021_french_sex_xxx_video_c[/b]<BR>MPEG-4 | Size: 267 MiB | Duration: 44mn 30s | 720x406<BR><BR>[b]~> Download video from KEEP2SHARE <~<BR>[url=http://k2s.cc/file/8dcbbd1a25396/0021_french_sex_xxx_video_c.mp4]0021_french_sex_xxx_video_c.mp4[/url][/b]<BR><BR>More screenshots:<BR>[URL=http://pimpandhost.com/image/55098143-medium.html][IMG]http://ist3-2.filesor.com/pimpandhost.com/1/_/_/_/1/3/J/b/x/3JbxJ/0021_french_sex_xxx_video_c_s_0.jpg[/IMG][/URL]<BR><BR><BR>","1354","2005","3596","1330"
" NudeInFrance CindyHD 5e7aad22e20a5a20ee95be68fa0274f","[URL=http://pimpandhost.com/image/55098111-original.html][IMG]http://ist3-2.filesor.com/pimpandhost.com/1/_/_/_/1/3/J/b/x/3Jbxd/0022_french_sex_xxx_video_9_s.jpg[/IMG][/URL]<BR><BR>[b]French porn videos, hot french girls having sex, [/b]<BR>0022_ NudeInFrance CindyHD 5e7aad22e20a5a20ee95be68fa0274f<BR><BR>[b]0022_french_sex_xxx_video_9[/b]<BR>MPEG-4 | Size: 505 MiB | Duration: 33mn 32s | 1280x720<BR><BR>[b]~> Download video from KEEP2SHARE <~<BR>[url=http://k2s.cc/file/2918e72cc7fd8/0022_french_sex_xxx_video_9.mp4.part1.rar]0022_french_sex_xxx_video_9.mp4.part1.rar[/url]<BR>[url=http://k2s.cc/file/16d97b8ad4011/0022_french_sex_xxx_video_9.mp4.part2.rar]0022_french_sex_xxx_video_9.mp4.part2.rar[/url][/b]<BR><BR>More screenshots:<BR>[URL=http://pimpandhost.com/image/55098144-medium.html][IMG]http://ist3-1.filesor.com/pimpandhost.com/1/_/_/_/1/3/J/b/x/3JbxK/0022_french_sex_xxx_video_9_s_0.jpg[/IMG][/URL]<BR><BR><BR>","1399","1722","3555","1387"
" NudeInFrance EvaSD 675caad8ef1bf024faf2f9034d42c8c","[URL=http://pimpandhost.com/image/55098113-original.html][IMG]http://ist3-1.filesor.com/pimpandhost.com/1/_/_/_/1/3/J/b/x/3Jbxf/0023_french_sex_xxx_video_b_s.jpg[/IMG][/URL]<BR><BR>[b]French porn videos, hot french girls having sex, [/b]<BR>0023_ NudeInFrance EvaSD 675caad8ef1bf024faf2f9034d42c8c<BR><BR>[b]0023_french_sex_xxx_video_b[/b]<BR>MPEG-4 | Size: 236 MiB | Duration: 39mn 5s | 720x406<BR><BR>[b]~> Download video from KEEP2SHARE <~<BR>[url=http://k2s.cc/file/54baa69b89909/0023_french_sex_xxx_video_b.mp4]0023_french_sex_xxx_video_b.mp4[/url][/b]<BR><BR>More screenshots:<BR>[URL=http://pimpandhost.com/image/55098145-medium.html][IMG]http://ist3-2.filesor.com/pimpandhost.com/1/_/_/_/1/3/J/b/x/3JbxL/0023_french_sex_xxx_video_b_s_0.jpg[/IMG][/URL]<BR><BR><BR>","1386","1711","3582","1392"
" NudeInFrance JessieHD 3f6ec0f9916ce39d0d195f97bbe18c6","[URL=http://pimpandhost.com/image/55098115-original.html][IMG]http://ist3-2.filesor.com/pimpandhost.com/1/_/_/_/1/3/J/b/x/3Jbxh/0024_french_sex_xxx_video_9_s.jpg[/IMG][/URL]<BR><BR>[b]French porn videos, hot french girls having sex, [/b]<BR>0024_ NudeInFrance JessieHD 3f6ec0f9916ce39d0d195f97bbe18c6<BR><BR>[b]0024_french_sex_xxx_video_9[/b]<BR>MPEG-4 | Size: 563 MiB | Duration: 37mn 14s | 1280x720<BR><BR>[b]~> Download video from KEEP2SHARE <~<BR>[url=http://k2s.cc/file/b31b9f124d3e8/0024_french_sex_xxx_video_9.mp4.part1.rar]0024_french_sex_xxx_video_9.mp4.part1.rar[/url]<BR>[url=http://k2s.cc/file/5da31be95034b/0024_french_sex_xxx_video_9.mp4.part2.rar]0024_french_sex_xxx_video_9.mp4.part2.rar[/url][/b]<BR><BR>More screenshots:<BR>[URL=http://pimpandhost.com/image/55098146-medium.html][IMG]http://ist3-2.filesor.com/pimpandhost.com/1/_/_/_/1/3/J/b/x/3JbxM/0024_french_sex_xxx_video_9_s_0.jpg[/IMG][/URL]<BR><BR><BR>","1354","1528","3631","1399"
" Olivia Olivia, 36ans, premieres doubles dans un Captaboo O","[URL=http://pimpandhost.com/image/55098117-original.html][IMG]http://ist3-2.filesor.com/pimpandhost.com/1/_/_/_/1/3/J/b/x/3Jbxj/0025_french_sex_xxx_video_o_s.jpg[/IMG][/URL]<BR><BR>[b]French porn videos, hot french girls having sex, [/b]<BR>0025_ Olivia Olivia, 36ans, premieres doubles dans un Captaboo Olivia Olivia, 36ans, premieres doubles dans un Captabo<BR><BR>[b]0025_french_sex_xxx_video_o[/b]<BR>MPEG-4 | Size: 1.05 GiB | Duration: 40mn 40s | 1920x1080<BR><BR>[b]~> Download video from KEEP2SHARE <~<BR>[url=http://k2s.cc/file/2c66f5d8429ec/0025_french_sex_xxx_video_o.mp4.part1.rar]0025_french_sex_xxx_video_o.mp4.part1.rar[/url]<BR>[url=http://k2s.cc/file/1394e7d5a09e1/0025_french_sex_xxx_video_o.mp4.part2.rar]0025_french_sex_xxx_video_o.mp4.part2.rar[/url]<BR>[url=http://k2s.cc/file/8fe192c3e0f02/0025_french_sex_xxx_video_o.mp4.part3.rar]0025_french_sex_xxx_video_o.mp4.part3.rar[/url][/b]<BR><BR>More screenshots:<BR>[URL=http://pimpandhost.com/image/55098147-medium.html][IMG]http://ist3-2.filesor.com/pimpandhost.com/1/_/_/_/1/3/J/b/x/3JbxN/0025_french_sex_xxx_video_o_s_0.jpg[/IMG][/URL]<BR><BR><BR>","1384","1881","3539","1328"
" Ophelie Domi partouze avec sa tata Ophelie Domi partouze a","[URL=http://pimpandhost.com/image/55098119-original.html][IMG]http://ist3-2.filesor.com/pimpandhost.com/1/_/_/_/1/3/J/b/x/3Jbxl/0026_french_sex_xxx_video_a_s.jpg[/IMG][/URL]<BR><BR>[b]French porn videos, hot french girls having sex, [/b]<BR>0026_ Ophelie Domi partouze avec sa tata Ophelie Domi partouze avec sa tat<BR><BR>[b]0026_french_sex_xxx_video_a[/b]<BR>MPEG-4 | Size: 627 MiB | Duration: 56mn 47s | 1280x720<BR><BR>[b]~> Download video from KEEP2SHARE <~<BR>[url=http://k2s.cc/file/c025512a8dbcf/0026_french_sex_xxx_video_a.mp4.part1.rar]0026_french_sex_xxx_video_a.mp4.part1.rar[/url]<BR>[url=http://k2s.cc/file/7b0c508168185/0026_french_sex_xxx_video_a.mp4.part2.rar]0026_french_sex_xxx_video_a.mp4.part2.rar[/url][/b]<BR><BR>More screenshots:<BR>[URL=http://pimpandhost.com/image/55098149-medium.html][IMG]http://ist3-2.filesor.com/pimpandhost.com/1/_/_/_/1/3/J/b/x/3JbxP/0026_french_sex_xxx_video_a_s_0.jpg[/IMG][/URL]<BR><BR><BR>","1385","2233","3694","1337"
" PixAndVideo Nikita Bellucci A Librarian Vigilate Scores Bi","[URL=http://pimpandhost.com/image/55098120-original.html][IMG]http://ist3-1.filesor.com/pimpandhost.com/1/_/_/_/1/3/J/b/x/3Jbxm/0027_french_sex_xxx_video_0_s.jpg[/IMG][/URL]<BR><BR>[b]French porn videos, hot french girls having sex, [/b]<BR>0027_ PixAndVideo Nikita Bellucci A Librarian Vigilate Scores Big 5.5.16 1080p pav.05.05.16.nikita.bellucci 108<BR><BR>[b]0027_french_sex_xxx_video_0[/b]<BR>MPEG-4 | Size: 1.13 GiB | Duration: 23mn 16s | 1920x1080<BR><BR>[b]~> Download video from KEEP2SHARE <~<BR>[url=http://k2s.cc/file/abd7c5d5df297/0027_french_sex_xxx_video_0.mp4.part1.rar]0027_french_sex_xxx_video_0.mp4.part1.rar[/url]<BR>[url=http://k2s.cc/file/15bad8af20c8b/0027_french_sex_xxx_video_0.mp4.part2.rar]0027_french_sex_xxx_video_0.mp4.part2.rar[/url]<BR>[url=http://k2s.cc/file/8b608ff7f6a4d/0027_french_sex_xxx_video_0.mp4.part3.rar]0027_french_sex_xxx_video_0.mp4.part3.rar[/url][/b]<BR><BR>More screenshots:<BR>[URL=http://pimpandhost.com/image/55098155-medium.html][IMG]http://ist3-2.filesor.com/pimpandhost.com/1/_/_/_/1/3/J/b/x/3JbxV/0027_french_sex_xxx_video_0_s_0.jpg[/IMG][/URL]<BR><BR><BR>","1364","1575","3655","1321"
" Sherine Sherine sublime beurette gangbang et double penetr","[URL=http://pimpandhost.com/image/55098123-original.html][IMG]http://ist3-1.filesor.com/pimpandhost.com/1/_/_/_/1/3/J/b/x/3Jbxp/0028_french_sex_xxx_video_n_s.jpg[/IMG][/URL]<BR><BR>[b]French porn videos, hot french girls having sex, [/b]<BR>0028_ Sherine Sherine sublime beurette gangbang et double penetration Sherine Sherine sublime beurette gangbang et double penetratio<BR><BR>[b]0028_french_sex_xxx_video_n[/b]<BR>MPEG-4 | Size: 985 MiB | Duration: 42mn 28s | 1920x1080<BR><BR>[b]~> Download video from KEEP2SHARE <~<BR>[url=http://k2s.cc/file/a89de3c93630e/0028_french_sex_xxx_video_n.mp4.part1.rar]0028_french_sex_xxx_video_n.mp4.part1.rar[/url]<BR>[url=http://k2s.cc/file/95a7cb939ac1e/0028_french_sex_xxx_video_n.mp4.part2.rar]0028_french_sex_xxx_video_n.mp4.part2.rar[/url]<BR>[url=http://k2s.cc/file/493ab7b4b7a93/0028_french_sex_xxx_video_n.mp4.part3.rar]0028_french_sex_xxx_video_n.mp4.part3.rar[/url][/b]<BR><BR>More screenshots:<BR>[URL=http://pimpandhost.com/image/55098159-medium.html][IMG]http://ist3-1.filesor.com/pimpandhost.com/1/_/_/_/1/3/J/b/x/3JbxZ/0028_french_sex_xxx_video_n_s_0.jpg[/IMG][/URL]<BR><BR><BR>","1365","1578","3543","1318"
" Slender Shaved Cunt Skinny French Little Tit Teen Pummel F","[URL=http://pimpandhost.com/image/55098125-original.html][IMG]http://ist3-2.filesor.com/pimpandhost.com/1/_/_/_/1/3/J/b/x/3Jbxr/0029_french_sex_xxx_video_n_s.jpg[/IMG][/URL]<BR><BR>[b]French porn videos, hot french girls having sex, [/b]<BR>0029_ Slender Shaved Cunt Skinny French Little Tit Teen Pummel Fucked All Holes Double Cock Pussy Fuck DP Ass andamp Pussy. A Classy Young Lady ^ ^ FrenchTee<BR><BR>[b]0029_french_sex_xxx_video_n[/b]<BR>AVI | Size: 179 MiB | Duration: 26mn 16s | 512x384<BR><BR>[b]~> Download video from KEEP2SHARE <~<BR>[url=http://k2s.cc/file/1ad082b7ac888/0029_french_sex_xxx_video_n.avi]0029_french_sex_xxx_video_n.avi[/url][/b]<BR><BR>More screenshots:<BR>[URL=http://pimpandhost.com/image/55098160-medium.html][IMG]http://ist3-1.filesor.com/pimpandhost.com/1/_/_/_/1/3/J/b/y/3Jby0/0029_french_sex_xxx_video_n_s_0.jpg[/IMG][/URL]<BR><BR><BR>","1365","2130","3597","1364"
" cute French brunette gang bang sexedenfer sexedenfer27","[URL=http://pimpandhost.com/image/55098127-original.html][IMG]http://ist3-2.filesor.com/pimpandhost.com/1/_/_/_/1/3/J/b/x/3Jbxt/0030_french_sex_xxx_video_6_s.jpg[/IMG][/URL]<BR><BR>[b]French porn videos, hot french girls having sex, [/b]<BR>0030_ cute French brunette gang bang sexedenfer sexedenfer27<BR><BR>[b]0030_french_sex_xxx_video_6[/b]<BR>MPEG-PS | Size: 322 MiB | Duration: 32mn 17s | 352x288<BR><BR>[b]~> Download video from KEEP2SHARE <~<BR>[url=http://k2s.cc/file/37770fcb2d519/0030_french_sex_xxx_video_6.mpg]0030_french_sex_xxx_video_6.mpg[/url][/b]<BR><BR>More screenshots:<BR>[URL=http://pimpandhost.com/image/55098161-medium.html][IMG]http://ist3-2.filesor.com/pimpandhost.com/1/_/_/_/1/3/J/b/y/3Jby1/0030_french_sex_xxx_video_6_s_0.jpg[/IMG][/URL]<BR><BR><BR>","1395","2186","3600","1381"
