" A pair of amateur Identical Twin Redheads have lesbian sex","[URL=http://pimpandhost.com/image/42592342-original.html][IMG]http://ist3-2.filesor.com/pimpandhost.com/1/_/_/_/1/2/S/I/d/2SIdg/0001_incest_roleplay_sex_xxx_video_s_s.jpg[/IMG][/URL]<BR><BR>[b]Incest roleplay, brother - sister, father - daughter, [/b]<BR>0001_ A pair of amateur Identical Twin Redheads have lesbian sex + blow the cameraman... the real deal redheadedtwin<BR><BR>[b]0001_incest_roleplay_sex_xxx_video_s[/b]<BR>AVI | Size: 101 MiB | Duration: 23mn 19s | 320x240<BR><BR>[b]~> Download video from KEEP2SHARE <~<BR>[url=http://k2s.cc/file/02c6fcbe64067/0001_incest_roleplay_sex_xxx_video_s.avi]0001_incest_roleplay_sex_xxx_video_s.avi[/url][/b]<BR><BR> ","1379","1719","3519","1377"
" Alaina is Daddyand 39s Little Whore 1TAB 4700 jw wH","[URL=http://pimpandhost.com/image/42592345-original.html][IMG]http://ist3-2.filesor.com/pimpandhost.com/1/_/_/_/1/2/S/I/d/2SIdj/0002_incest_roleplay_sex_xxx_video_D_s.jpg[/IMG][/URL]<BR><BR>[b]Incest roleplay, brother - sister, father - daughter, [/b]<BR>0002_ Alaina is Daddyand 39s Little Whore 1TAB 4700 jw wH<BR><BR>[b]0002_incest_roleplay_sex_xxx_video_D[/b]<BR>Windows Media | Size: 1.58 GiB | Duration: 35mn 40s | 1280x720<BR><BR>[b]~> Download video from KEEP2SHARE <~<BR>[url=http://k2s.cc/file/878b2b11666f4/0002_incest_roleplay_sex_xxx_video_D.wmv.part1.rar]0002_incest_roleplay_sex_xxx_video_D.wmv.part1.rar[/url]<BR>[url=http://k2s.cc/file/fd6d6d54cefce/0002_incest_roleplay_sex_xxx_video_D.wmv.part2.rar]0002_incest_roleplay_sex_xxx_video_D.wmv.part2.rar[/url]<BR>[url=http://k2s.cc/file/8a7b28129e60e/0002_incest_roleplay_sex_xxx_video_D.wmv.part3.rar]0002_incest_roleplay_sex_xxx_video_D.wmv.part3.rar[/url]<BR>[url=http://k2s.cc/file/6456c84f62fcc/0002_incest_roleplay_sex_xxx_video_D.wmv.part4.rar]0002_incest_roleplay_sex_xxx_video_D.wmv.part4.rar[/url][/b]<BR><BR> ","1362","1941","3575","1345"
" Alex Tanner Seduced By My Daughter Over and Over 720p 1TAB","[URL=http://pimpandhost.com/image/42592347-original.html][IMG]http://ist3-1.filesor.com/pimpandhost.com/1/_/_/_/1/2/S/I/d/2SIdl/0003_incest_roleplay_sex_xxx_video_3_s.jpg[/IMG][/URL]<BR><BR>[b]Incest roleplay, brother - sister, father - daughter, [/b]<BR>0003_ Alex Tanner Seduced By My Daughter Over and Over 720p 1TAB 6000 mpHD<BR><BR>[b]0003_incest_roleplay_sex_xxx_video_3[/b]<BR>MPEG-4 | Size: 1.15 GiB | Duration: 51mn 51s | 1280x720<BR><BR>[b]~> Download video from KEEP2SHARE <~<BR>[url=http://k2s.cc/file/a1c1a4d7aea3d/0003_incest_roleplay_sex_xxx_video_3.mp4.part1.rar]0003_incest_roleplay_sex_xxx_video_3.mp4.part1.rar[/url]<BR>[url=http://k2s.cc/file/d9a646fc8292a/0003_incest_roleplay_sex_xxx_video_3.mp4.part2.rar]0003_incest_roleplay_sex_xxx_video_3.mp4.part2.rar[/url]<BR>[url=http://k2s.cc/file/aa601c2a8833d/0003_incest_roleplay_sex_xxx_video_3.mp4.part3.rar]0003_incest_roleplay_sex_xxx_video_3.mp4.part3.rar[/url][/b]<BR><BR> ","1350","2092","3552","1368"
" Ava Taylor My Porn Addicted Daughter SD Taboo Heat My Porn","[URL=http://pimpandhost.com/image/42592350-original.html][IMG]http://ist3-1.filesor.com/pimpandhost.com/1/_/_/_/1/2/S/I/d/2SIdo/0004_incest_roleplay_sex_xxx_video_._s.jpg[/IMG][/URL]<BR><BR>[b]Incest roleplay, brother - sister, father - daughter, [/b]<BR>0004_ Ava Taylor My Porn Addicted Daughter SD Taboo Heat My Porn Addicted Daughter 2014<BR><BR>[b]0004_incest_roleplay_sex_xxx_video_.[/b]<BR>AVI | Size: 263 MiB | Duration: 22mn 26s | 640x360<BR><BR>[b]~> Download video from KEEP2SHARE <~<BR>[url=http://k2s.cc/file/80132eec73b89/0004_incest_roleplay_sex_xxx_video_..mp4]0004_incest_roleplay_sex_xxx_video_..mp4[/url][/b]<BR><BR> ","1396","2345","3506","1359"
" Barebackstudios Ashley Adams Family Vacation 720p MP4 ashl","[URL=http://pimpandhost.com/image/42592355-original.html][IMG]http://ist3-2.filesor.com/pimpandhost.com/1/_/_/_/1/2/S/I/d/2SIdt/0006_incest_roleplay_sex_xxx_video_d_s.jpg[/IMG][/URL]<BR><BR>[b]Incest roleplay, brother - sister, father - daughter, [/b]<BR>0006_ Barebackstudios Ashley Adams Family Vacation 720p MP4 ashley Adams In Family Vacation H<BR><BR>[b]0006_incest_roleplay_sex_xxx_video_d[/b]<BR>MPEG-4 | Size: 1.39 GiB | Duration: 40mn 12s | 1280x720<BR><BR>[b]~> Download video from KEEP2SHARE <~<BR>[url=http://k2s.cc/file/182b075846727/0006_incest_roleplay_sex_xxx_video_d.mp4.part1.rar]0006_incest_roleplay_sex_xxx_video_d.mp4.part1.rar[/url]<BR>[url=http://k2s.cc/file/93dbe470855b9/0006_incest_roleplay_sex_xxx_video_d.mp4.part2.rar]0006_incest_roleplay_sex_xxx_video_d.mp4.part2.rar[/url]<BR>[url=http://k2s.cc/file/4e9393b5fabca/0006_incest_roleplay_sex_xxx_video_d.mp4.part3.rar]0006_incest_roleplay_sex_xxx_video_d.mp4.part3.rar[/url]<BR>[url=http://k2s.cc/file/e8eecc18ceb3a/0006_incest_roleplay_sex_xxx_video_d.mp4.part4.rar]0006_incest_roleplay_sex_xxx_video_d.mp4.part4.rar[/url][/b]<BR><BR> ","1344","1977","3631","1345"
" Brother Blackmails Cheating Sister cheatingsiste","[URL=http://pimpandhost.com/image/42592357-original.html][IMG]http://ist3-2.filesor.com/pimpandhost.com/1/_/_/_/1/2/S/I/d/2SIdv/0007_incest_roleplay_sex_xxx_video_r_s.jpg[/IMG][/URL]<BR><BR>[b]Incest roleplay, brother - sister, father - daughter, [/b]<BR>0007_ Brother Blackmails Cheating Sister cheatingsiste<BR><BR>[b]0007_incest_roleplay_sex_xxx_video_r[/b]<BR>MPEG-4 | Size: 1.25 GiB | Duration: 21mn 30s | 1280x720<BR><BR>[b]~> Download video from KEEP2SHARE <~<BR>[url=http://k2s.cc/file/84dd743032fa1/0007_incest_roleplay_sex_xxx_video_r.mp4.part1.rar]0007_incest_roleplay_sex_xxx_video_r.mp4.part1.rar[/url]<BR>[url=http://k2s.cc/file/72cfc24ad4327/0007_incest_roleplay_sex_xxx_video_r.mp4.part2.rar]0007_incest_roleplay_sex_xxx_video_r.mp4.part2.rar[/url]<BR>[url=http://k2s.cc/file/bd0742c44e1ed/0007_incest_roleplay_sex_xxx_video_r.mp4.part3.rar]0007_incest_roleplay_sex_xxx_video_r.mp4.part3.rar[/url][/b]<BR><BR> ","1355","2332","3647","1304"
" Brother Puts Lotion On Sister And Makes Her Cum Brother Pu","[URL=http://pimpandhost.com/image/42592360-original.html][IMG]http://ist3-2.filesor.com/pimpandhost.com/1/_/_/_/1/2/S/I/d/2SIdy/0008_incest_roleplay_sex_xxx_video_N_s.jpg[/IMG][/URL]<BR><BR>[b]Incest roleplay, brother - sister, father - daughter, [/b]<BR>0008_ Brother Puts Lotion On Sister And Makes Her Cum Brother Puts Lotion On Sister And Makes Her Cum FULL VERSIO<BR><BR>[b]0008_incest_roleplay_sex_xxx_video_N[/b]<BR>MPEG-4 | Size: 421 MiB | Duration: 18mn 30s | 720x480<BR><BR>[b]~> Download video from KEEP2SHARE <~<BR>[url=http://k2s.cc/file/9d01440744635/0008_incest_roleplay_sex_xxx_video_N.mp4]0008_incest_roleplay_sex_xxx_video_N.mp4[/url][/b]<BR><BR> ","1376","1687","3508","1389"
" Best Latin ASS on the WEB My Son Is Trying To Breed With M","[URL=http://pimpandhost.com/image/42592363-original.html][IMG]http://ist3-1.filesor.com/pimpandhost.com/1/_/_/_/1/2/S/I/d/2SIdB/0009_incest_roleplay_sex_xxx_video_d_s.jpg[/IMG][/URL]<BR><BR>[b]Incest roleplay, brother - sister, father - daughter, [/b]<BR>0009_ Best Latin ASS on the WEB My Son Is Trying To Breed With Me Best latin Ass on the Web My Son Fills Me With His See<BR><BR>[b]0009_incest_roleplay_sex_xxx_video_d[/b]<BR>Matroska | Size: 286 MiB | Duration: 24mn 22s | 1280x720<BR><BR>[b]~> Download video from KEEP2SHARE <~<BR>[url=http://k2s.cc/file/a98040234fe2d/0009_incest_roleplay_sex_xxx_video_d.mkv]0009_incest_roleplay_sex_xxx_video_d.mkv[/url][/b]<BR><BR> ","1325","2372","3560","1304"
" Vanessa Vixen 4 Forced Milkings From a Very, Very Mean Sis","[URL=http://pimpandhost.com/image/42592366-original.html][IMG]http://ist3-2.filesor.com/pimpandhost.com/1/_/_/_/1/2/S/I/d/2SIdE/0010_incest_roleplay_sex_xxx_video_E_s.jpg[/IMG][/URL]<BR><BR>[b]Incest roleplay, brother - sister, father - daughter, [/b]<BR>0010_ Vanessa Vixen 4 Forced Milkings From a Very, Very Mean Sister MILKEDREPEATEDLYLARG<BR><BR>[b]0010_incest_roleplay_sex_xxx_video_E[/b]<BR>Windows Media | Size: 520 MiB | Duration: 24mn 12s | 720x480<BR><BR>[b]~> Download video from KEEP2SHARE <~<BR>[url=http://k2s.cc/file/489e805ce2133/0010_incest_roleplay_sex_xxx_video_E.wmv.part1.rar]0010_incest_roleplay_sex_xxx_video_E.wmv.part1.rar[/url]<BR>[url=http://k2s.cc/file/415e4e8891164/0010_incest_roleplay_sex_xxx_video_E.wmv.part2.rar]0010_incest_roleplay_sex_xxx_video_E.wmv.part2.rar[/url][/b]<BR><BR> ","1321","1860","3661","1384"
" Come On Daddy Come On Dadd","[URL=http://pimpandhost.com/image/42592369-original.html][IMG]http://ist3-1.filesor.com/pimpandhost.com/1/_/_/_/1/2/S/I/d/2SIdH/0011_incest_roleplay_sex_xxx_video_y_s.jpg[/IMG][/URL]<BR><BR>[b]Incest roleplay, brother - sister, father - daughter, [/b]<BR>0011_ Come On Daddy Come On Dadd<BR><BR>[b]0011_incest_roleplay_sex_xxx_video_y[/b]<BR>MPEG-4 | Size: 66.8 MiB | Duration: 7mn 4s | 720x406<BR><BR>[b]~> Download video from KEEP2SHARE <~<BR>[url=http://k2s.cc/file/226ab367b9ddd/0011_incest_roleplay_sex_xxx_video_y.mp4]0011_incest_roleplay_sex_xxx_video_y.mp4[/url][/b]<BR><BR> ","1389","1659","3557","1339"
" Cruel Unusual Punishment Cruel Unusual FemDom Dava Foxx Tw","[URL=http://pimpandhost.com/image/42592372-original.html][IMG]http://ist3-2.filesor.com/pimpandhost.com/1/_/_/_/1/2/S/I/d/2SIdK/0012_incest_roleplay_sex_xxx_video_y_s.jpg[/IMG][/URL]<BR><BR>[b]Incest roleplay, brother - sister, father - daughter, [/b]<BR>0012_ Cruel Unusual Punishment Cruel Unusual FemDom Dava Foxx Twisted Taboo Famil<BR><BR>[b]0012_incest_roleplay_sex_xxx_video_y[/b]<BR>Windows Media | Size: 475 MiB | Duration: 8mn 7s | 1280x720<BR><BR>[b]~> Download video from KEEP2SHARE <~<BR>[url=http://k2s.cc/file/4b5225dbc9e5f/0012_incest_roleplay_sex_xxx_video_y.wmv]0012_incest_roleplay_sex_xxx_video_y.wmv[/url][/b]<BR><BR> ","1384","1996","3513","1379"
" Digital Sin I Love My Momand 39s Big Tits 2015 SD 1024x576","[URL=http://pimpandhost.com/image/42592379-original.html][IMG]http://ist3-1.filesor.com/pimpandhost.com/1/_/_/_/1/2/S/I/d/2SIdR/0014_incest_roleplay_sex_xxx_video_s_s.jpg[/IMG][/URL]<BR><BR>[b]Incest roleplay, brother - sister, father - daughter, [/b]<BR>0014_ Digital Sin I Love My Momand 39s Big Tits 2015 SD 1024x576p I Love My Moms Big Tit<BR><BR>[b]0014_incest_roleplay_sex_xxx_video_s[/b]<BR>Windows Media | Size: 2.39 GiB | Duration: 2h 8mn | 1024x576<BR><BR>[b]~> Download video from KEEP2SHARE <~<BR>[url=http://k2s.cc/file/6ad2af4102fab/0014_incest_roleplay_sex_xxx_video_s.wmv.part1.rar]0014_incest_roleplay_sex_xxx_video_s.wmv.part1.rar[/url]<BR>[url=http://k2s.cc/file/03a86d83ccba4/0014_incest_roleplay_sex_xxx_video_s.wmv.part2.rar]0014_incest_roleplay_sex_xxx_video_s.wmv.part2.rar[/url]<BR>[url=http://k2s.cc/file/b38aa887a2948/0014_incest_roleplay_sex_xxx_video_s.wmv.part3.rar]0014_incest_roleplay_sex_xxx_video_s.wmv.part3.rar[/url]<BR>[url=http://k2s.cc/file/799627c64b8a4/0014_incest_roleplay_sex_xxx_video_s.wmv.part4.rar]0014_incest_roleplay_sex_xxx_video_s.wmv.part4.rar[/url]<BR>[url=http://k2s.cc/file/c04963bb1d881/0014_incest_roleplay_sex_xxx_video_s.wmv.part5.rar]0014_incest_roleplay_sex_xxx_video_s.wmv.part5.rar[/url]<BR>[url=http://k2s.cc/file/8970d0ecb28c3/0014_incest_roleplay_sex_xxx_video_s.wmv.part6.rar]0014_incest_roleplay_sex_xxx_video_s.wmv.part6.rar[/url][/b]<BR><BR> ","1349","1588","3575","1394"
" Dillion Carter Daddy Daughter Wrestle Fuck 720p MP4 dillio","[URL=http://pimpandhost.com/image/42592381-original.html][IMG]http://ist3-2.filesor.com/pimpandhost.com/1/_/_/_/1/2/S/I/d/2SIdT/0015_incest_roleplay_sex_xxx_video_k_s.jpg[/IMG][/URL]<BR><BR>[b]Incest roleplay, brother - sister, father - daughter, [/b]<BR>0015_ Dillion Carter Daddy Daughter Wrestle Fuck 720p MP4 dillion Carter In Daddy Daughter Wrestle Fuc<BR><BR>[b]0015_incest_roleplay_sex_xxx_video_k[/b]<BR>MPEG-4 | Size: 722 MiB | Duration: 17mn 43s | 1280x720<BR><BR>[b]~> Download video from KEEP2SHARE <~<BR>[url=http://k2s.cc/file/1982246b15484/0015_incest_roleplay_sex_xxx_video_k.mp4.part1.rar]0015_incest_roleplay_sex_xxx_video_k.mp4.part1.rar[/url]<BR>[url=http://k2s.cc/file/3d20772cd6e19/0015_incest_roleplay_sex_xxx_video_k.mp4.part2.rar]0015_incest_roleplay_sex_xxx_video_k.mp4.part2.rar[/url][/b]<BR><BR> ","1363","1524","3577","1318"
"  Busty teen gets drugged with sleeping pills and d by her ","[URL=http://pimpandhost.com/image/42592421-original.html][IMG]http://ist3-1.filesor.com/pimpandhost.com/1/_/_/_/1/2/S/I/e/2SIex/0026_incest_roleplay_sex_xxx_video_d_s.jpg[/IMG][/URL]<BR><BR>[b]Incest roleplay, brother - sister, father - daughter, [/b]<BR>0026_  Busty teen gets drugged with sleeping pills and d by her da<BR><BR>[b]0026_incest_roleplay_sex_xxx_video_d[/b]<BR>Windows Media | Size: 81.4 MiB | Duration: 19mn 13s | 640x480<BR><BR>[b]~> Download video from KEEP2SHARE <~<BR>[url=http://k2s.cc/file/fcbc87d10d0c9/0026_incest_roleplay_sex_xxx_video_d.wmv]0026_incest_roleplay_sex_xxx_video_d.wmv[/url][/b]<BR><BR> ","1396","1605","3545","1371"
"  Caught in sudden lust, horny guy s his charming siste","[URL=http://pimpandhost.com/image/42592425-original.html][IMG]http://ist3-1.filesor.com/pimpandhost.com/1/_/_/_/1/2/S/I/e/2SIeB/0027_incest_roleplay_sex_xxx_video_r_s.jpg[/IMG][/URL]<BR><BR>[b]Incest roleplay, brother - sister, father - daughter, [/b]<BR>0027_  Caught in sudden lust, horny guy s his charming siste<BR><BR>[b]0027_incest_roleplay_sex_xxx_video_r[/b]<BR>Windows Media | Size: 62.7 MiB | Duration: 16mn 31s | 320x240<BR><BR>[b]~> Download video from KEEP2SHARE <~<BR>[url=http://k2s.cc/file/93b38af7dbfe1/0027_incest_roleplay_sex_xxx_video_r.wmv]0027_incest_roleplay_sex_xxx_video_r.wmv[/url][/b]<BR><BR> ","1332","1741","3619","1357"
"  Charming blonde daughter gets violently d by her da","[URL=http://pimpandhost.com/image/42592428-original.html][IMG]http://ist3-2.filesor.com/pimpandhost.com/1/_/_/_/1/2/S/I/e/2SIeE/0028_incest_roleplay_sex_xxx_video_d_s.jpg[/IMG][/URL]<BR><BR>[b]Incest roleplay, brother - sister, father - daughter, [/b]<BR>0028_  Charming blonde daughter gets violently d by her da<BR><BR>[b]0028_incest_roleplay_sex_xxx_video_d[/b]<BR>Windows Media | Size: 221 MiB | Duration: 30mn 4s | 480x360<BR><BR>[b]~> Download video from KEEP2SHARE <~<BR>[url=http://k2s.cc/file/427028ad51370/0028_incest_roleplay_sex_xxx_video_d.wmv]0028_incest_roleplay_sex_xxx_video_d.wmv[/url][/b]<BR><BR> ","1323","2307","3623","1345"
"  Charming blonde teen gets violently d by her drunken fath","[URL=http://pimpandhost.com/image/42592430-original.html][IMG]http://ist3-2.filesor.com/pimpandhost.com/1/_/_/_/1/2/S/I/e/2SIeG/0029_incest_roleplay_sex_xxx_video_r_s.jpg[/IMG][/URL]<BR><BR>[b]Incest roleplay, brother - sister, father - daughter, [/b]<BR>0029_  Charming blonde teen gets violently d by her drunken fathe<BR><BR>[b]0029_incest_roleplay_sex_xxx_video_r[/b]<BR>Windows Media | Size: 106 MiB | Duration: 31mn 40s | 320x240<BR><BR>[b]~> Download video from KEEP2SHARE <~<BR>[url=http://k2s.cc/file/b174902d6873c/0029_incest_roleplay_sex_xxx_video_r.wmv]0029_incest_roleplay_sex_xxx_video_r.wmv[/url][/b]<BR><BR> ","1329","1876","3556","1318"
"  Charming slim daughter gets cruelly abused by her da","[URL=http://pimpandhost.com/image/42592438-original.html][IMG]http://ist3-1.filesor.com/pimpandhost.com/1/_/_/_/1/2/S/I/e/2SIeO/0031_incest_roleplay_sex_xxx_video_d_s.jpg[/IMG][/URL]<BR><BR>[b]Incest roleplay, brother - sister, father - daughter, [/b]<BR>0031_  Charming slim daughter gets cruelly abused by her da<BR><BR>[b]0031_incest_roleplay_sex_xxx_video_d[/b]<BR>Windows Media | Size: 166 MiB | Duration: 22mn 1s | 352x288<BR><BR>[b]~> Download video from KEEP2SHARE <~<BR>[url=http://k2s.cc/file/664df2df0907e/0031_incest_roleplay_sex_xxx_video_d.wmv]0031_incest_roleplay_sex_xxx_video_d.wmv[/url][/b]<BR><BR> ","1360","2011","3615","1343"
"  Charming teen coed gets d by her drunken flat mat","[URL=http://pimpandhost.com/image/42592441-original.html][IMG]http://ist3-2.filesor.com/pimpandhost.com/1/_/_/_/1/2/S/I/e/2SIeR/0032_incest_roleplay_sex_xxx_video_e_s.jpg[/IMG][/URL]<BR><BR>[b]Incest roleplay, brother - sister, father - daughter, [/b]<BR>0032_  Charming teen coed gets d by her drunken flat mat<BR><BR>[b]0032_incest_roleplay_sex_xxx_video_e[/b]<BR>Windows Media | Size: 304 MiB | Duration: 29mn 45s | 640x500<BR><BR>[b]~> Download video from KEEP2SHARE <~<BR>[url=http://k2s.cc/file/f8854d19f5303/0032_incest_roleplay_sex_xxx_video_e.wmv]0032_incest_roleplay_sex_xxx_video_e.wmv[/url][/b]<BR><BR> ","1311","2077","3544","1361"
"  Charming teen girl gets brutally d by her lustful da","[URL=http://pimpandhost.com/image/42592444-original.html][IMG]http://ist3-2.filesor.com/pimpandhost.com/1/_/_/_/1/2/S/I/e/2SIeU/0033_incest_roleplay_sex_xxx_video_d_s.jpg[/IMG][/URL]<BR><BR>[b]Incest roleplay, brother - sister, father - daughter, [/b]<BR>0033_  Charming teen girl gets brutally d by her lustful da<BR><BR>[b]0033_incest_roleplay_sex_xxx_video_d[/b]<BR>Windows Media | Size: 52.1 MiB | Duration: 20mn 36s | 600x480<BR><BR>[b]~> Download video from KEEP2SHARE <~<BR>[url=http://k2s.cc/file/e13e4428e5899/0033_incest_roleplay_sex_xxx_video_d.wmv]0033_incest_roleplay_sex_xxx_video_d.wmv[/url][/b]<BR><BR> ","1374","2035","3608","1337"
"  Charming teen schoolgirl gets d by her violent fathe","[URL=http://pimpandhost.com/image/42592447-original.html][IMG]http://ist3-1.filesor.com/pimpandhost.com/1/_/_/_/1/2/S/I/e/2SIeX/0034_incest_roleplay_sex_xxx_video_r_s.jpg[/IMG][/URL]<BR><BR>[b]Incest roleplay, brother - sister, father - daughter, [/b]<BR>0034_  Charming teen schoolgirl gets d by her violent fathe<BR><BR>[b]0034_incest_roleplay_sex_xxx_video_r[/b]<BR>Windows Media | Size: 47.0 MiB | Duration: 16mn 5s | 640x480<BR><BR>[b]~> Download video from KEEP2SHARE <~<BR>[url=http://k2s.cc/file/1b3de610bd0e8/0034_incest_roleplay_sex_xxx_video_r.wmv]0034_incest_roleplay_sex_xxx_video_r.wmv[/url][/b]<BR><BR> ","1362","2333","3609","1357"
"  Curious girl peeps at her parents and gets d by her da","[URL=http://pimpandhost.com/image/42592451-original.html][IMG]http://ist3-2.filesor.com/pimpandhost.com/1/_/_/_/1/2/S/I/f/2SIf1/0035_incest_roleplay_sex_xxx_video_d_s.jpg[/IMG][/URL]<BR><BR>[b]Incest roleplay, brother - sister, father - daughter, [/b]<BR>0035_  Curious girl peeps at her parents and gets d by her da<BR><BR>[b]0035_incest_roleplay_sex_xxx_video_d[/b]<BR>Windows Media | Size: 88.3 MiB | Duration: 20mn 51s | 640x480<BR><BR>[b]~> Download video from KEEP2SHARE <~<BR>[url=http://k2s.cc/file/4ff60e2badd2d/0035_incest_roleplay_sex_xxx_video_d.wmv]0035_incest_roleplay_sex_xxx_video_d.wmv[/url][/b]<BR><BR> ","1304","2194","3556","1337"
"  Curly brunette gets violently d by her drunken friend","[URL=http://pimpandhost.com/image/42592454-original.html][IMG]http://ist3-2.filesor.com/pimpandhost.com/1/_/_/_/1/2/S/I/f/2SIf4/0036_incest_roleplay_sex_xxx_video_s_s.jpg[/IMG][/URL]<BR><BR>[b]Incest roleplay, brother - sister, father - daughter, [/b]<BR>0036_  Curly brunette gets violently d by her drunken friend<BR><BR>[b]0036_incest_roleplay_sex_xxx_video_s[/b]<BR>Windows Media | Size: 94.3 MiB | Duration: 31mn 55s | 320x240<BR><BR>[b]~> Download video from KEEP2SHARE <~<BR>[url=http://k2s.cc/file/6bcabf522d5dc/0036_incest_roleplay_sex_xxx_video_s.wmv]0036_incest_roleplay_sex_xxx_video_s.wmv[/url][/b]<BR><BR> ","1303","2287","3689","1327"
"  Cute busty teen gets gang d by her father and her uncl","[URL=http://pimpandhost.com/image/42592457-original.html][IMG]http://ist3-1.filesor.com/pimpandhost.com/1/_/_/_/1/2/S/I/f/2SIf7/0037_incest_roleplay_sex_xxx_video_e_s.jpg[/IMG][/URL]<BR><BR>[b]Incest roleplay, brother - sister, father - daughter, [/b]<BR>0037_  Cute busty teen gets gang d by her father and her uncl<BR><BR>[b]0037_incest_roleplay_sex_xxx_video_e[/b]<BR>Windows Media | Size: 143 MiB | Duration: 19mn 54s | 640x480<BR><BR>[b]~> Download video from KEEP2SHARE <~<BR>[url=http://k2s.cc/file/8d37695306986/0037_incest_roleplay_sex_xxx_video_e.wmv]0037_incest_roleplay_sex_xxx_video_e.wmv[/url][/b]<BR><BR> ","1377","2001","3645","1306"
"  Cute teen coed gets brutally d by a lustful burgla","[URL=http://pimpandhost.com/image/42592459-original.html][IMG]http://ist3-1.filesor.com/pimpandhost.com/1/_/_/_/1/2/S/I/f/2SIf9/0038_incest_roleplay_sex_xxx_video_r_s.jpg[/IMG][/URL]<BR><BR>[b]Incest roleplay, brother - sister, father - daughter, [/b]<BR>0038_  Cute teen coed gets brutally d by a lustful burgla<BR><BR>[b]0038_incest_roleplay_sex_xxx_video_r[/b]<BR>Windows Media | Size: 89.7 MiB | Duration: 22mn 0s | 320x240<BR><BR>[b]~> Download video from KEEP2SHARE <~<BR>[url=http://k2s.cc/file/c424d662a1a3a/0038_incest_roleplay_sex_xxx_video_r.wmv]0038_incest_roleplay_sex_xxx_video_r.wmv[/url][/b]<BR><BR> ","1398","1504","3550","1357"
"  Cute teen shoots a porn movie with help of her horny brot","[URL=http://pimpandhost.com/image/42592461-original.html][IMG]http://ist3-2.filesor.com/pimpandhost.com/1/_/_/_/1/2/S/I/f/2SIfb/0039_incest_roleplay_sex_xxx_video_s_s.jpg[/IMG][/URL]<BR><BR>[b]Incest roleplay, brother - sister, father - daughter, [/b]<BR>0039_  Cute teen shoots a porn movie with help of her horny brother<BR><BR>[b]0039_incest_roleplay_sex_xxx_video_s[/b]<BR>Windows Media | Size: 60.9 MiB | Duration: 27mn 47s | 320x240<BR><BR>[b]~> Download video from KEEP2SHARE <~<BR>[url=http://k2s.cc/file/91b887bd5fe54/0039_incest_roleplay_sex_xxx_video_s.wmv]0039_incest_roleplay_sex_xxx_video_s.wmv[/url][/b]<BR><BR> ","1357","2246","3700","1369"
"  Drunken brother brutally s his sexy minor siste","[URL=http://pimpandhost.com/image/42592463-original.html][IMG]http://ist3-2.filesor.com/pimpandhost.com/1/_/_/_/1/2/S/I/f/2SIfd/0040_incest_roleplay_sex_xxx_video_r_s.jpg[/IMG][/URL]<BR><BR>[b]Incest roleplay, brother - sister, father - daughter, [/b]<BR>0040_  Drunken brother brutally s his sexy minor siste<BR><BR>[b]0040_incest_roleplay_sex_xxx_video_r[/b]<BR>Windows Media | Size: 48.5 MiB | Duration: 14mn 40s | 320x240<BR><BR>[b]~> Download video from KEEP2SHARE <~<BR>[url=http://k2s.cc/file/984169dbce0b3/0040_incest_roleplay_sex_xxx_video_r.wmv]0040_incest_roleplay_sex_xxx_video_r.wmv[/url][/b]<BR><BR> ","1347","1695","3560","1321"
"  Drunken daughter gets cruelly punished by her perverted f","[URL=http://pimpandhost.com/image/42592466-original.html][IMG]http://ist3-2.filesor.com/pimpandhost.com/1/_/_/_/1/2/S/I/f/2SIfg/0041_incest_roleplay_sex_xxx_video_r_s.jpg[/IMG][/URL]<BR><BR>[b]Incest roleplay, brother - sister, father - daughter, [/b]<BR>0041_  Drunken daughter gets cruelly punished by her perverted fathe<BR><BR>[b]0041_incest_roleplay_sex_xxx_video_r[/b]<BR>Windows Media | Size: 51.1 MiB | Duration: 20mn 12s | 600x480<BR><BR>[b]~> Download video from KEEP2SHARE <~<BR>[url=http://k2s.cc/file/5b4cdfb6fbd63/0041_incest_roleplay_sex_xxx_video_r.wmv]0041_incest_roleplay_sex_xxx_video_r.wmv[/url][/b]<BR><BR> ","1381","2256","3615","1343"
"  Drunken sisters get violently d by their insatiable broth","[URL=http://pimpandhost.com/image/42592468-original.html][IMG]http://ist3-1.filesor.com/pimpandhost.com/1/_/_/_/1/2/S/I/f/2SIfi/0042_incest_roleplay_sex_xxx_video_r_s.jpg[/IMG][/URL]<BR><BR>[b]Incest roleplay, brother - sister, father - daughter, [/b]<BR>0042_  Drunken sisters get violently d by their insatiable brothe<BR><BR>[b]0042_incest_roleplay_sex_xxx_video_r[/b]<BR>Windows Media | Size: 109 MiB | Duration: 28mn 56s | 320x240<BR><BR>[b]~> Download video from KEEP2SHARE <~<BR>[url=http://k2s.cc/file/40a007a71aad7/0042_incest_roleplay_sex_xxx_video_r.wmv]0042_incest_roleplay_sex_xxx_video_r.wmv[/url][/b]<BR><BR> ","1377","1608","3500","1381"
"  Gorgeous brunette gets threatened and d by a masked gu","[URL=http://pimpandhost.com/image/42592470-original.html][IMG]http://ist3-1.filesor.com/pimpandhost.com/1/_/_/_/1/2/S/I/f/2SIfk/0043_incest_roleplay_sex_xxx_video_y_s.jpg[/IMG][/URL]<BR><BR>[b]Incest roleplay, brother - sister, father - daughter, [/b]<BR>0043_  Gorgeous brunette gets threatened and d by a masked gu<BR><BR>[b]0043_incest_roleplay_sex_xxx_video_y[/b]<BR>Windows Media | Size: 108 MiB | Duration: 20mn 7s | 512x408<BR><BR>[b]~> Download video from KEEP2SHARE <~<BR>[url=http://k2s.cc/file/37d88a1a5db84/0043_incest_roleplay_sex_xxx_video_y.wmv]0043_incest_roleplay_sex_xxx_video_y.wmv[/url][/b]<BR><BR> ","1389","1755","3535","1393"
"  Helpless beauty gets violently d by a horny strange","[URL=http://pimpandhost.com/image/42592473-original.html][IMG]http://ist3-1.filesor.com/pimpandhost.com/1/_/_/_/1/2/S/I/f/2SIfn/0044_incest_roleplay_sex_xxx_video_r_s.jpg[/IMG][/URL]<BR><BR>[b]Incest roleplay, brother - sister, father - daughter, [/b]<BR>0044_  Helpless beauty gets violently d by a horny strange<BR><BR>[b]0044_incest_roleplay_sex_xxx_video_r[/b]<BR>Windows Media | Size: 118 MiB | Duration: 31mn 21s | 320x240<BR><BR>[b]~> Download video from KEEP2SHARE <~<BR>[url=http://k2s.cc/file/5f976737d6dfe/0044_incest_roleplay_sex_xxx_video_r.wmv]0044_incest_roleplay_sex_xxx_video_r.wmv[/url][/b]<BR><BR> ","1315","1606","3541","1393"
"  Helpless mature mother gets violently d by her drunken so","[URL=http://pimpandhost.com/image/42592475-original.html][IMG]http://ist3-1.filesor.com/pimpandhost.com/1/_/_/_/1/2/S/I/f/2SIfp/0045_incest_roleplay_sex_xxx_video_n_s.jpg[/IMG][/URL]<BR><BR>[b]Incest roleplay, brother - sister, father - daughter, [/b]<BR>0045_  Helpless mature mother gets violently d by her drunken so<BR><BR>[b]0045_incest_roleplay_sex_xxx_video_n[/b]<BR>Windows Media | Size: 117 MiB | Duration: 31mn 32s | 540x380<BR><BR>[b]~> Download video from KEEP2SHARE <~<BR>[url=http://k2s.cc/file/c6d66ca30052c/0045_incest_roleplay_sex_xxx_video_n.wmv]0045_incest_roleplay_sex_xxx_video_n.wmv[/url][/b]<BR><BR> ","1368","2337","3700","1365"
"  Horny brother s virgin pussy and ass of his minor siste","[URL=http://pimpandhost.com/image/42592477-original.html][IMG]http://ist3-2.filesor.com/pimpandhost.com/1/_/_/_/1/2/S/I/f/2SIfr/0046_incest_roleplay_sex_xxx_video_r_s.jpg[/IMG][/URL]<BR><BR>[b]Incest roleplay, brother - sister, father - daughter, [/b]<BR>0046_  Horny brother s virgin pussy and ass of his minor siste<BR><BR>[b]0046_incest_roleplay_sex_xxx_video_r[/b]<BR>Windows Media | Size: 194 MiB | Duration: 18mn 58s | 640x480<BR><BR>[b]~> Download video from KEEP2SHARE <~<BR>[url=http://k2s.cc/file/a386d9a270f37/0046_incest_roleplay_sex_xxx_video_r.wmv]0046_incest_roleplay_sex_xxx_video_r.wmv[/url][/b]<BR><BR> ","1394","1723","3543","1351"
"  Horny chick persuades her boyfriend to their classmat","[URL=http://pimpandhost.com/image/42592479-original.html][IMG]http://ist3-2.filesor.com/pimpandhost.com/1/_/_/_/1/2/S/I/f/2SIft/0047_incest_roleplay_sex_xxx_video_e_s.jpg[/IMG][/URL]<BR><BR>[b]Incest roleplay, brother - sister, father - daughter, [/b]<BR>0047_  Horny chick persuades her boyfriend to their classmat<BR><BR>[b]0047_incest_roleplay_sex_xxx_video_e[/b]<BR>Windows Media | Size: 111 MiB | Duration: 31mn 6s | 320x240<BR><BR>[b]~> Download video from KEEP2SHARE <~<BR>[url=http://k2s.cc/file/03e6ff000f794/0047_incest_roleplay_sex_xxx_video_e.wmv]0047_incest_roleplay_sex_xxx_video_e.wmv[/url][/b]<BR><BR> ","1307","1694","3539","1355"
"  Horny dad pounces on his masturbating daughter and s he","[URL=http://pimpandhost.com/image/42592482-original.html][IMG]http://ist3-2.filesor.com/pimpandhost.com/1/_/_/_/1/2/S/I/f/2SIfw/0048_incest_roleplay_sex_xxx_video_r_s.jpg[/IMG][/URL]<BR><BR>[b]Incest roleplay, brother - sister, father - daughter, [/b]<BR>0048_  Horny dad pounces on his masturbating daughter and s he<BR><BR>[b]0048_incest_roleplay_sex_xxx_video_r[/b]<BR>Windows Media | Size: 220 MiB | Duration: 29mn 17s | 352x288<BR><BR>[b]~> Download video from KEEP2SHARE <~<BR>[url=http://k2s.cc/file/88ee58bb5b6ae/0048_incest_roleplay_sex_xxx_video_r.wmv]0048_incest_roleplay_sex_xxx_video_r.wmv[/url][/b]<BR><BR> ","1343","1948","3651","1324"
"  Horny son gets introduced to shocking family tradition","[URL=http://pimpandhost.com/image/42592484-original.html][IMG]http://ist3-2.filesor.com/pimpandhost.com/1/_/_/_/1/2/S/I/f/2SIfy/0049_incest_roleplay_sex_xxx_video_s_s.jpg[/IMG][/URL]<BR><BR>[b]Incest roleplay, brother - sister, father - daughter, [/b]<BR>0049_  Horny son gets introduced to shocking family tradition<BR><BR>[b]0049_incest_roleplay_sex_xxx_video_s[/b]<BR>Windows Media | Size: 52.5 MiB | Duration: 26mn 15s | 320x240<BR><BR>[b]~> Download video from KEEP2SHARE <~<BR>[url=http://k2s.cc/file/e2f95037bab7a/0049_incest_roleplay_sex_xxx_video_s.wmv]0049_incest_roleplay_sex_xxx_video_s.wmv[/url][/b]<BR><BR> ","1334","1795","3635","1310"
"  Hot blonde bitch gets violently d by a delivery bo","[URL=http://pimpandhost.com/image/42592486-original.html][IMG]http://ist3-1.filesor.com/pimpandhost.com/1/_/_/_/1/2/S/I/f/2SIfA/0050_incest_roleplay_sex_xxx_video_y_s.jpg[/IMG][/URL]<BR><BR>[b]Incest roleplay, brother - sister, father - daughter, [/b]<BR>0050_  Hot blonde bitch gets violently d by a delivery bo<BR><BR>[b]0050_incest_roleplay_sex_xxx_video_y[/b]<BR>Windows Media | Size: 139 MiB | Duration: 31mn 23s | 320x240<BR><BR>[b]~> Download video from KEEP2SHARE <~<BR>[url=http://k2s.cc/file/9bb48ab076a89/0050_incest_roleplay_sex_xxx_video_y.wmv]0050_incest_roleplay_sex_xxx_video_y.wmv[/url][/b]<BR><BR> ","1345","2113","3683","1334"
"  Innocent daughter gets brutally d by her cruel fathe","[URL=http://pimpandhost.com/image/42592489-original.html][IMG]http://ist3-2.filesor.com/pimpandhost.com/1/_/_/_/1/2/S/I/f/2SIfD/0051_incest_roleplay_sex_xxx_video_r_s.jpg[/IMG][/URL]<BR><BR>[b]Incest roleplay, brother - sister, father - daughter, [/b]<BR>0051_  Innocent daughter gets brutally d by her cruel fathe<BR><BR>[b]0051_incest_roleplay_sex_xxx_video_r[/b]<BR>Windows Media | Size: 322 MiB | Duration: 29mn 54s | 640x480<BR><BR>[b]~> Download video from KEEP2SHARE <~<BR>[url=http://k2s.cc/file/cfc29ec1914ea/0051_incest_roleplay_sex_xxx_video_r.wmv]0051_incest_roleplay_sex_xxx_video_r.wmv[/url][/b]<BR><BR> ","1397","1577","3554","1312"
"  Insolent daughter gets brutally punished by her horny fat","[URL=http://pimpandhost.com/image/42592492-original.html][IMG]http://ist3-2.filesor.com/pimpandhost.com/1/_/_/_/1/2/S/I/f/2SIfG/0052_incest_roleplay_sex_xxx_video_r_s.jpg[/IMG][/URL]<BR><BR>[b]Incest roleplay, brother - sister, father - daughter, [/b]<BR>0052_  Insolent daughter gets brutally punished by her horny fathe<BR><BR>[b]0052_incest_roleplay_sex_xxx_video_r[/b]<BR>Windows Media | Size: 58.2 MiB | Duration: 19mn 58s | 640x480<BR><BR>[b]~> Download video from KEEP2SHARE <~<BR>[url=http://k2s.cc/file/46a3499cede2a/0052_incest_roleplay_sex_xxx_video_r.wmv]0052_incest_roleplay_sex_xxx_video_r.wmv[/url][/b]<BR><BR> ","1320","1927","3510","1388"
"  Kidnaped And Fucke","[URL=http://pimpandhost.com/image/42592495-original.html][IMG]http://ist3-2.filesor.com/pimpandhost.com/1/_/_/_/1/2/S/I/f/2SIfJ/0053_incest_roleplay_sex_xxx_video_d_s.jpg[/IMG][/URL]<BR><BR>[b]Incest roleplay, brother - sister, father - daughter, [/b]<BR>0053_  Kidnaped And Fucke<BR><BR>[b]0053_incest_roleplay_sex_xxx_video_d[/b]<BR>Windows Media | Size: 332 MiB | Duration: 22mn 2s | 768x576<BR><BR>[b]~> Download video from KEEP2SHARE <~<BR>[url=http://k2s.cc/file/a49e5f89226cc/0053_incest_roleplay_sex_xxx_video_d.wmv]0053_incest_roleplay_sex_xxx_video_d.wmv[/url][/b]<BR><BR> ","1340","1542","3606","1334"
"  Lonely bike ride ends with a violent group rap","[URL=http://pimpandhost.com/image/42592498-original.html][IMG]http://ist3-1.filesor.com/pimpandhost.com/1/_/_/_/1/2/S/I/f/2SIfM/0054_incest_roleplay_sex_xxx_video_e_s.jpg[/IMG][/URL]<BR><BR>[b]Incest roleplay, brother - sister, father - daughter, [/b]<BR>0054_  Lonely bike ride ends with a violent group rap<BR><BR>[b]0054_incest_roleplay_sex_xxx_video_e[/b]<BR>Windows Media | Size: 96.1 MiB | Duration: 19mn 55s | 320x240<BR><BR>[b]~> Download video from KEEP2SHARE <~<BR>[url=http://k2s.cc/file/71029b331f340/0054_incest_roleplay_sex_xxx_video_e.wmv]0054_incest_roleplay_sex_xxx_video_e.wmv[/url][/b]<BR><BR> ","1329","2172","3669","1337"
"  Lovely blonde schoolgirl gets violently d by her da","[URL=http://pimpandhost.com/image/42592503-original.html][IMG]http://ist3-2.filesor.com/pimpandhost.com/1/_/_/_/1/2/S/I/f/2SIfR/0055_incest_roleplay_sex_xxx_video_d_s.jpg[/IMG][/URL]<BR><BR>[b]Incest roleplay, brother - sister, father - daughter, [/b]<BR>0055_  Lovely blonde schoolgirl gets violently d by her da<BR><BR>[b]0055_incest_roleplay_sex_xxx_video_d[/b]<BR>Windows Media | Size: 324 MiB | Duration: 30mn 6s | 640x480<BR><BR>[b]~> Download video from KEEP2SHARE <~<BR>[url=http://k2s.cc/file/5b83d84871eec/0055_incest_roleplay_sex_xxx_video_d.wmv]0055_incest_roleplay_sex_xxx_video_d.wmv[/url][/b]<BR><BR> ","1397","1539","3684","1339"
"  Naughty granddaughter gets punished by her lewd grandp","[URL=http://pimpandhost.com/image/42592521-original.html][IMG]http://ist3-2.filesor.com/pimpandhost.com/1/_/_/_/1/2/S/I/g/2SIg9/0061_incest_roleplay_sex_xxx_video_a_s.jpg[/IMG][/URL]<BR><BR>[b]Incest roleplay, brother - sister, father - daughter, [/b]<BR>0061_  Naughty granddaughter gets punished by her lewd grandp<BR><BR>[b]0061_incest_roleplay_sex_xxx_video_a[/b]<BR>Windows Media | Size: 113 MiB | Duration: 30mn 33s | 540x380<BR><BR>[b]~> Download video from KEEP2SHARE <~<BR>[url=http://k2s.cc/file/8d262f2d741de/0061_incest_roleplay_sex_xxx_video_a.wmv]0061_incest_roleplay_sex_xxx_video_a.wmv[/url][/b]<BR><BR> ","1354","2103","3628","1388"
"  Not Her Ideal Dat","[URL=http://pimpandhost.com/image/42592525-original.html][IMG]http://ist3-1.filesor.com/pimpandhost.com/1/_/_/_/1/2/S/I/g/2SIgd/0062_incest_roleplay_sex_xxx_video_e_s.jpg[/IMG][/URL]<BR><BR>[b]Incest roleplay, brother - sister, father - daughter, [/b]<BR>0062_  Not Her Ideal Dat<BR><BR>[b]0062_incest_roleplay_sex_xxx_video_e[/b]<BR>Windows Media | Size: 297 MiB | Duration: 19mn 44s | 768x576<BR><BR>[b]~> Download video from KEEP2SHARE <~<BR>[url=http://k2s.cc/file/8e839050a4bc9/0062_incest_roleplay_sex_xxx_video_e.wmv]0062_incest_roleplay_sex_xxx_video_e.wmv[/url][/b]<BR><BR> ","1400","1783","3697","1345"
"  Sexy teen virgin gets violently d by her senior brothe","[URL=http://pimpandhost.com/image/42592618-original.html][IMG]http://ist3-1.filesor.com/pimpandhost.com/1/_/_/_/1/2/S/I/h/2SIhI/0091_incest_roleplay_sex_xxx_video_r_s.jpg[/IMG][/URL]<BR><BR>[b]Incest roleplay, brother - sister, father - daughter, [/b]<BR>0091_  Sexy teen virgin gets violently d by her senior brothe<BR><BR>[b]0091_incest_roleplay_sex_xxx_video_r[/b]<BR>Windows Media | Size: 78.8 MiB | Duration: 21mn 14s | 320x240<BR><BR>[b]~> Download video from KEEP2SHARE <~<BR>[url=http://k2s.cc/file/e9f4d2f79aab2/0091_incest_roleplay_sex_xxx_video_r.wmv]0091_incest_roleplay_sex_xxx_video_r.wmv[/url][/b]<BR><BR> ","1400","2303","3657","1396"
"  Sexy young housewife gets brutally d by a violent burgla","[URL=http://pimpandhost.com/image/42592621-original.html][IMG]http://ist3-2.filesor.com/pimpandhost.com/1/_/_/_/1/2/S/I/h/2SIhL/0092_incest_roleplay_sex_xxx_video_r_s.jpg[/IMG][/URL]<BR><BR>[b]Incest roleplay, brother - sister, father - daughter, [/b]<BR>0092_  Sexy young housewife gets brutally d by a violent burgla<BR><BR>[b]0092_incest_roleplay_sex_xxx_video_r[/b]<BR>Windows Media | Size: 81.3 MiB | Duration: 18mn 37s | 512x408<BR><BR>[b]~> Download video from KEEP2SHARE <~<BR>[url=http://k2s.cc/file/175f15c3e08ec/0092_incest_roleplay_sex_xxx_video_r.wmv]0092_incest_roleplay_sex_xxx_video_r.wmv[/url][/b]<BR><BR> ","1398","1548","3516","1318"
"  Slim brunette gets d by her boyfriend and his frien","[URL=http://pimpandhost.com/image/42592623-original.html][IMG]http://ist3-2.filesor.com/pimpandhost.com/1/_/_/_/1/2/S/I/h/2SIhN/0093_incest_roleplay_sex_xxx_video_d_s.jpg[/IMG][/URL]<BR><BR>[b]Incest roleplay, brother - sister, father - daughter, [/b]<BR>0093_  Slim brunette gets d by her boyfriend and his frien<BR><BR>[b]0093_incest_roleplay_sex_xxx_video_d[/b]<BR>Windows Media | Size: 135 MiB | Duration: 30mn 0s | 320x240<BR><BR>[b]~> Download video from KEEP2SHARE <~<BR>[url=http://k2s.cc/file/dd15a581fdb04/0093_incest_roleplay_sex_xxx_video_d.wmv]0093_incest_roleplay_sex_xxx_video_d.wmv[/url][/b]<BR><BR> ","1353","1621","3512","1394"
"  Smile Your On Candid Camar","[URL=http://pimpandhost.com/image/42592626-original.html][IMG]http://ist3-2.filesor.com/pimpandhost.com/1/_/_/_/1/2/S/I/h/2SIhQ/0094_incest_roleplay_sex_xxx_video_a_s.jpg[/IMG][/URL]<BR><BR>[b]Incest roleplay, brother - sister, father - daughter, [/b]<BR>0094_  Smile Your On Candid Camar<BR><BR>[b]0094_incest_roleplay_sex_xxx_video_a[/b]<BR>Windows Media | Size: 440 MiB | Duration: 29mn 14s | 768x576<BR><BR>[b]~> Download video from KEEP2SHARE <~<BR>[url=http://k2s.cc/file/77ab5c94a15b4/0094_incest_roleplay_sex_xxx_video_a.wmv]0094_incest_roleplay_sex_xxx_video_a.wmv[/url][/b]<BR><BR> ","1318","2033","3554","1348"
"  Son comes for dinner with his friend and both decide to h","[URL=http://pimpandhost.com/image/42592629-original.html][IMG]http://ist3-2.filesor.com/pimpandhost.com/1/_/_/_/1/2/S/I/h/2SIhT/0095_incest_roleplay_sex_xxx_video_m_s.jpg[/IMG][/URL]<BR><BR>[b]Incest roleplay, brother - sister, father - daughter, [/b]<BR>0095_  Son comes for dinner with his friend and both decide to his mo<BR><BR>[b]0095_incest_roleplay_sex_xxx_video_m[/b]<BR>Windows Media | Size: 76.4 MiB | Duration: 19mn 59s | 640x480<BR><BR>[b]~> Download video from KEEP2SHARE <~<BR>[url=http://k2s.cc/file/2aff414f7bd99/0095_incest_roleplay_sex_xxx_video_m.wmv]0095_incest_roleplay_sex_xxx_video_m.wmv[/url][/b]<BR><BR> ","1334","1602","3670","1330"
"  Suck My Big Gun I","[URL=http://pimpandhost.com/image/42592632-original.html][IMG]http://ist3-2.filesor.com/pimpandhost.com/1/_/_/_/1/2/S/I/h/2SIhW/0096_incest_roleplay_sex_xxx_video_I_s.jpg[/IMG][/URL]<BR><BR>[b]Incest roleplay, brother - sister, father - daughter, [/b]<BR>0096_  Suck My Big Gun I<BR><BR>[b]0096_incest_roleplay_sex_xxx_video_I[/b]<BR>Windows Media | Size: 320 MiB | Duration: 21mn 14s | 768x576<BR><BR>[b]~> Download video from KEEP2SHARE <~<BR>[url=http://k2s.cc/file/209fecc91684c/0096_incest_roleplay_sex_xxx_video_I.wmv]0096_incest_roleplay_sex_xxx_video_I.wmv[/url][/b]<BR><BR> ","1315","2189","3639","1370"
"  Sweet blonde teen discovers that her rapist is her own fa","[URL=http://pimpandhost.com/image/42592636-original.html][IMG]http://ist3-2.filesor.com/pimpandhost.com/1/_/_/_/1/2/S/I/i/2SIi0/0097_incest_roleplay_sex_xxx_video_r_s.jpg[/IMG][/URL]<BR><BR>[b]Incest roleplay, brother - sister, father - daughter, [/b]<BR>0097_  Sweet blonde teen discovers that her rapist is her own fathe<BR><BR>[b]0097_incest_roleplay_sex_xxx_video_r[/b]<BR>Windows Media | Size: 51.2 MiB | Duration: 20mn 16s | 600x480<BR><BR>[b]~> Download video from KEEP2SHARE <~<BR>[url=http://k2s.cc/file/0a008fe8479e6/0097_incest_roleplay_sex_xxx_video_r.wmv]0097_incest_roleplay_sex_xxx_video_r.wmv[/url][/b]<BR><BR> ","1343","1801","3615","1343"
"  Sweet brunette gets gang d by two guys that break into he","[URL=http://pimpandhost.com/image/42592638-original.html][IMG]http://ist3-1.filesor.com/pimpandhost.com/1/_/_/_/1/2/S/I/i/2SIi2/0098_incest_roleplay_sex_xxx_video_t_s.jpg[/IMG][/URL]<BR><BR>[b]Incest roleplay, brother - sister, father - daughter, [/b]<BR>0098_  Sweet brunette gets gang d by two guys that break into her fla<BR><BR>[b]0098_incest_roleplay_sex_xxx_video_t[/b]<BR>Windows Media | Size: 55.3 MiB | Duration: 7mn 37s | 512x384<BR><BR>[b]~> Download video from KEEP2SHARE <~<BR>[url=http://k2s.cc/file/caa00f86b6faa/0098_incest_roleplay_sex_xxx_video_t.wmv]0098_incest_roleplay_sex_xxx_video_t.wmv[/url][/b]<BR><BR> ","1365","2002","3676","1365"
"  Sweet busty teen gets perversely d by her minor brothe","[URL=http://pimpandhost.com/image/42592641-original.html][IMG]http://ist3-1.filesor.com/pimpandhost.com/1/_/_/_/1/2/S/I/i/2SIi5/0099_incest_roleplay_sex_xxx_video_r_s.jpg[/IMG][/URL]<BR><BR>[b]Incest roleplay, brother - sister, father - daughter, [/b]<BR>0099_  Sweet busty teen gets perversely d by her minor brothe<BR><BR>[b]0099_incest_roleplay_sex_xxx_video_r[/b]<BR>Windows Media | Size: 69.9 MiB | Duration: 19mn 28s | 640x480<BR><BR>[b]~> Download video from KEEP2SHARE <~<BR>[url=http://k2s.cc/file/d9340899a5743/0099_incest_roleplay_sex_xxx_video_r.wmv]0099_incest_roleplay_sex_xxx_video_r.wmv[/url][/b]<BR><BR> ","1345","2098","3621","1343"
"  Violent daughter turns her father into her slave and gets","[URL=http://pimpandhost.com/image/42592646-original.html][IMG]http://ist3-1.filesor.com/pimpandhost.com/1/_/_/_/1/2/S/I/i/2SIia/0100_incest_roleplay_sex_xxx_video_d_s.jpg[/IMG][/URL]<BR><BR>[b]Incest roleplay, brother - sister, father - daughter, [/b]<BR>0100_  Violent daughter turns her father into her slave and gets <BR><BR>[b]0100_incest_roleplay_sex_xxx_video_d[/b]<BR>Windows Media | Size: 113 MiB | Duration: 32mn 25s | 600x440<BR><BR>[b]~> Download video from KEEP2SHARE <~<BR>[url=http://k2s.cc/file/ce8cc33865f38/0100_incest_roleplay_sex_xxx_video_d.wmv]0100_incest_roleplay_sex_xxx_video_d.wmv[/url][/b]<BR><BR> ","1372","2119","3622","1324"
"  Virgin daughter gets violently d by her horny fathe","[URL=http://pimpandhost.com/image/42592648-original.html][IMG]http://ist3-1.filesor.com/pimpandhost.com/1/_/_/_/1/2/S/I/i/2SIic/0101_incest_roleplay_sex_xxx_video_r_s.jpg[/IMG][/URL]<BR><BR>[b]Incest roleplay, brother - sister, father - daughter, [/b]<BR>0101_  Virgin daughter gets violently d by her horny fathe<BR><BR>[b]0101_incest_roleplay_sex_xxx_video_r[/b]<BR>Windows Media | Size: 130 MiB | Duration: 19mn 54s | 640x480<BR><BR>[b]~> Download video from KEEP2SHARE <~<BR>[url=http://k2s.cc/file/0b4c20c72060c/0101_incest_roleplay_sex_xxx_video_r.wmv]0101_incest_roleplay_sex_xxx_video_r.wmv[/url][/b]<BR><BR> ","1383","2107","3535","1300"
"  Virgin teen girl gets brutally d by her horny brothe","[URL=http://pimpandhost.com/image/42592653-original.html][IMG]http://ist3-1.filesor.com/pimpandhost.com/1/_/_/_/1/2/S/I/i/2SIih/0102_incest_roleplay_sex_xxx_video_r_s.jpg[/IMG][/URL]<BR><BR>[b]Incest roleplay, brother - sister, father - daughter, [/b]<BR>0102_  Virgin teen girl gets brutally d by her horny brothe<BR><BR>[b]0102_incest_roleplay_sex_xxx_video_r[/b]<BR>Windows Media | Size: 212 MiB | Duration: 20mn 42s | 640x480<BR><BR>[b]~> Download video from KEEP2SHARE <~<BR>[url=http://k2s.cc/file/89ed28e692f9d/0102_incest_roleplay_sex_xxx_video_r.wmv]0102_incest_roleplay_sex_xxx_video_r.wmv[/url][/b]<BR><BR> ","1326","1901","3597","1361"
"  Young girl wakes up in an unfamiliar room and gets ","[URL=http://pimpandhost.com/image/42592657-original.html][IMG]http://ist3-2.filesor.com/pimpandhost.com/1/_/_/_/1/2/S/I/i/2SIil/0103_incest_roleplay_sex_xxx_video_d_s.jpg[/IMG][/URL]<BR><BR>[b]Incest roleplay, brother - sister, father - daughter, [/b]<BR>0103_  Young girl wakes up in an unfamiliar room and gets <BR><BR>[b]0103_incest_roleplay_sex_xxx_video_d[/b]<BR>Windows Media | Size: 310 MiB | Duration: 30mn 19s | 640x480<BR><BR>[b]~> Download video from KEEP2SHARE <~<BR>[url=http://k2s.cc/file/48e1510dd1f14/0103_incest_roleplay_sex_xxx_video_d.wmv]0103_incest_roleplay_sex_xxx_video_d.wmv[/url][/b]<BR><BR> ","1356","1799","3682","1372"
"  Young housewife finds a naked woman in her bedroom and ge","[URL=http://pimpandhost.com/image/42592659-original.html][IMG]http://ist3-1.filesor.com/pimpandhost.com/1/_/_/_/1/2/S/I/i/2SIin/0104_incest_roleplay_sex_xxx_video_d_s.jpg[/IMG][/URL]<BR><BR>[b]Incest roleplay, brother - sister, father - daughter, [/b]<BR>0104_  Young housewife finds a naked woman in her bedroom and gets <BR><BR>[b]0104_incest_roleplay_sex_xxx_video_d[/b]<BR>Windows Media | Size: 12.1 MiB | Duration: 5mn 33s | 320x240<BR><BR>[b]~> Download video from KEEP2SHARE <~<BR>[url=http://k2s.cc/file/0ab263e51df71/0104_incest_roleplay_sex_xxx_video_d.wmv]0104_incest_roleplay_sex_xxx_video_d.wmv[/url][/b]<BR><BR> ","1309","2043","3583","1353"
"  Young housewife gets caught by two strangers and brutally","[URL=http://pimpandhost.com/image/42592662-original.html][IMG]http://ist3-2.filesor.com/pimpandhost.com/1/_/_/_/1/2/S/I/i/2SIiq/0105_incest_roleplay_sex_xxx_video_d_s.jpg[/IMG][/URL]<BR><BR>[b]Incest roleplay, brother - sister, father - daughter, [/b]<BR>0105_  Young housewife gets caught by two strangers and brutally <BR><BR>[b]0105_incest_roleplay_sex_xxx_video_d[/b]<BR>Windows Media | Size: 38.2 MiB | Duration: 16mn 30s | 320x240<BR><BR>[b]~> Download video from KEEP2SHARE <~<BR>[url=http://k2s.cc/file/ed2f1e18e03e1/0104_incest_roleplay_sex_xxx_video_d.wmv]0104_incest_roleplay_sex_xxx_video_d.wmv[/url][/b]<BR><BR> ","1394","2392","3694","1359"
"  full 1","[URL=http://pimpandhost.com/image/42592665-original.html][IMG]http://ist3-1.filesor.com/pimpandhost.com/1/_/_/_/1/2/S/I/i/2SIit/0106_incest_roleplay_sex_xxx_video_1_s.jpg[/IMG][/URL]<BR><BR>[b]Incest roleplay, brother - sister, father - daughter, [/b]<BR>0106_  full 1<BR><BR>[b]0106_incest_roleplay_sex_xxx_video_1[/b]<BR>Windows Media | Size: 227 MiB | Duration: 23mn 1s | 320x240<BR><BR>[b]~> Download video from KEEP2SHARE <~<BR>[url=http://k2s.cc/file/d5016e31109b6/0105_incest_roleplay_sex_xxx_video_d.wmv]0105_incest_roleplay_sex_xxx_video_d.wmv[/url][/b]<BR><BR> ","1355","2260","3546","1400"
"  full 1","[URL=http://pimpandhost.com/image/42592667-original.html][IMG]http://ist3-1.filesor.com/pimpandhost.com/1/_/_/_/1/2/S/I/i/2SIiv/0107_incest_roleplay_sex_xxx_video_4_s.jpg[/IMG][/URL]<BR><BR>[b]Incest roleplay, brother - sister, father - daughter, [/b]<BR>0107_  full 1<BR><BR>[b]0107_incest_roleplay_sex_xxx_video_4[/b]<BR>Windows Media | Size: 184 MiB | Duration: 19mn 59s | 320x240<BR><BR>[b]~> Download video from KEEP2SHARE <~<BR>[url=http://k2s.cc/file/e6ca2d43db017/0106_incest_roleplay_sex_xxx_video_1.wmv]0106_incest_roleplay_sex_xxx_video_1.wmv[/url][/b]<BR><BR> ","1351","2253","3585","1322"
"  full 1","[URL=http://pimpandhost.com/image/42592670-original.html][IMG]http://ist3-2.filesor.com/pimpandhost.com/1/_/_/_/1/2/S/I/i/2SIiy/0108_incest_roleplay_sex_xxx_video_9_s.jpg[/IMG][/URL]<BR><BR>[b]Incest roleplay, brother - sister, father - daughter, [/b]<BR>0108_  full 1<BR><BR>[b]0108_incest_roleplay_sex_xxx_video_9[/b]<BR>Windows Media | Size: 153 MiB | Duration: 19mn 0s | 320x240<BR><BR>[b]~> Download video from KEEP2SHARE <~<BR>[url=http://k2s.cc/file/21a850f99ebb3/0107_incest_roleplay_sex_xxx_video_4.wmv]0107_incest_roleplay_sex_xxx_video_4.wmv[/url][/b]<BR><BR> ","1352","1535","3594","1334"
"  full ","[URL=http://pimpandhost.com/image/42592673-original.html][IMG]http://ist3-1.filesor.com/pimpandhost.com/1/_/_/_/1/2/S/I/i/2SIiB/0109_incest_roleplay_sex_xxx_video_2_s.jpg[/IMG][/URL]<BR><BR>[b]Incest roleplay, brother - sister, father - daughter, [/b]<BR>0109_  full <BR><BR>[b]0109_incest_roleplay_sex_xxx_video_2[/b]<BR>Windows Media | Size: 91.1 MiB | Duration: 9mn 31s | 320x240<BR><BR>[b]~> Download video from KEEP2SHARE <~<BR>[url=http://k2s.cc/file/8edea0052ba35/0108_incest_roleplay_sex_xxx_video_9.wmv]0108_incest_roleplay_sex_xxx_video_9.wmv[/url][/b]<BR><BR> ","1372","2084","3570","1399"
"  full 2","[URL=http://pimpandhost.com/image/42592675-original.html][IMG]http://ist3-1.filesor.com/pimpandhost.com/1/_/_/_/1/2/S/I/i/2SIiD/0110_incest_roleplay_sex_xxx_video_1_s.jpg[/IMG][/URL]<BR><BR>[b]Incest roleplay, brother - sister, father - daughter, [/b]<BR>0110_  full 2<BR><BR>[b]0110_incest_roleplay_sex_xxx_video_1[/b]<BR>Windows Media | Size: 172 MiB | Duration: 17mn 32s | 320x240<BR><BR>[b]~> Download video from KEEP2SHARE <~<BR>[url=http://k2s.cc/file/abd4b46e20b28/0109_incest_roleplay_sex_xxx_video_2.wmv]0109_incest_roleplay_sex_xxx_video_2.wmv[/url][/b]<BR><BR> ","1309","2251","3617","1366"
"  full 2","[URL=http://pimpandhost.com/image/42592678-original.html][IMG]http://ist3-1.filesor.com/pimpandhost.com/1/_/_/_/1/2/S/I/i/2SIiG/0111_incest_roleplay_sex_xxx_video_2_s.jpg[/IMG][/URL]<BR><BR>[b]Incest roleplay, brother - sister, father - daughter, [/b]<BR>0111_  full 2<BR><BR>[b]0111_incest_roleplay_sex_xxx_video_2[/b]<BR>Windows Media | Size: 140 MiB | Duration: 20mn 31s | 320x240<BR><BR>[b]~> Download video from KEEP2SHARE <~<BR>[url=http://k2s.cc/file/4a97b26349371/0110_incest_roleplay_sex_xxx_video_1.wmv]0110_incest_roleplay_sex_xxx_video_1.wmv[/url][/b]<BR><BR> ","1316","1944","3574","1326"
"  full 2","[URL=http://pimpandhost.com/image/42592681-original.html][IMG]http://ist3-1.filesor.com/pimpandhost.com/1/_/_/_/1/2/S/I/i/2SIiJ/0112_incest_roleplay_sex_xxx_video_3_s.jpg[/IMG][/URL]<BR><BR>[b]Incest roleplay, brother - sister, father - daughter, [/b]<BR>0112_  full 2<BR><BR>[b]0112_incest_roleplay_sex_xxx_video_3[/b]<BR>Windows Media | Size: 97.4 MiB | Duration: 12mn 34s | 720x480<BR><BR>[b]~> Download video from KEEP2SHARE <~<BR>[url=http://k2s.cc/file/e19c4aa0d16fd/0111_incest_roleplay_sex_xxx_video_2.wmv]0111_incest_roleplay_sex_xxx_video_2.wmv[/url][/b]<BR><BR> ","1309","2207","3660","1303"
"  full 2","[URL=http://pimpandhost.com/image/42592683-original.html][IMG]http://ist3-1.filesor.com/pimpandhost.com/1/_/_/_/1/2/S/I/i/2SIiL/0113_incest_roleplay_sex_xxx_video_4_s.jpg[/IMG][/URL]<BR><BR>[b]Incest roleplay, brother - sister, father - daughter, [/b]<BR>0113_  full 2<BR><BR>[b]0113_incest_roleplay_sex_xxx_video_4[/b]<BR>Windows Media | Size: 97.3 MiB | Duration: 11mn 41s | 320x240<BR><BR>[b]~> Download video from KEEP2SHARE <~<BR>[url=http://k2s.cc/file/aa72e3792641b/0112_incest_roleplay_sex_xxx_video_3.wmv]0112_incest_roleplay_sex_xxx_video_3.wmv[/url][/b]<BR><BR> ","1378","2186","3624","1332"
"  full 2","[URL=http://pimpandhost.com/image/42592685-original.html][IMG]http://ist3-1.filesor.com/pimpandhost.com/1/_/_/_/1/2/S/I/i/2SIiN/0114_incest_roleplay_sex_xxx_video_6_s.jpg[/IMG][/URL]<BR><BR>[b]Incest roleplay, brother - sister, father - daughter, [/b]<BR>0114_  full 2<BR><BR>[b]0114_incest_roleplay_sex_xxx_video_6[/b]<BR>Windows Media | Size: 113 MiB | Duration: 13mn 37s | 320x240<BR><BR>[b]~> Download video from KEEP2SHARE <~<BR>[url=http://k2s.cc/file/d165374cd7a48/0113_incest_roleplay_sex_xxx_video_4.wmv]0113_incest_roleplay_sex_xxx_video_4.wmv[/url][/b]<BR><BR> ","1361","2269","3565","1311"
"  full 2","[URL=http://pimpandhost.com/image/42592688-original.html][IMG]http://ist3-1.filesor.com/pimpandhost.com/1/_/_/_/1/2/S/I/i/2SIiQ/0115_incest_roleplay_sex_xxx_video_8_s.jpg[/IMG][/URL]<BR><BR>[b]Incest roleplay, brother - sister, father - daughter, [/b]<BR>0115_  full 2<BR><BR>[b]0115_incest_roleplay_sex_xxx_video_8[/b]<BR>Windows Media | Size: 154 MiB | Duration: 15mn 55s | 320x240<BR><BR>[b]~> Download video from KEEP2SHARE <~<BR>[url=http://k2s.cc/file/981cff11fa510/0114_incest_roleplay_sex_xxx_video_6.wmv]0114_incest_roleplay_sex_xxx_video_6.wmv[/url][/b]<BR><BR> ","1369","2177","3568","1321"
"  full 2","[URL=http://pimpandhost.com/image/42592691-original.html][IMG]http://ist3-2.filesor.com/pimpandhost.com/1/_/_/_/1/2/S/I/i/2SIiT/0116_incest_roleplay_sex_xxx_video_9_s.jpg[/IMG][/URL]<BR><BR>[b]Incest roleplay, brother - sister, father - daughter, [/b]<BR>0116_  full 2<BR><BR>[b]0116_incest_roleplay_sex_xxx_video_9[/b]<BR>Windows Media | Size: 129 MiB | Duration: 17mn 59s | 320x240<BR><BR>[b]~> Download video from KEEP2SHARE <~<BR>[url=http://k2s.cc/file/9f0a96638218c/0115_incest_roleplay_sex_xxx_video_8.wmv]0115_incest_roleplay_sex_xxx_video_8.wmv[/url][/b]<BR><BR> ","1379","2232","3612","1350"
"  full 3","[URL=http://pimpandhost.com/image/42592693-original.html][IMG]http://ist3-1.filesor.com/pimpandhost.com/1/_/_/_/1/2/S/I/i/2SIiV/0117_incest_roleplay_sex_xxx_video_0_s.jpg[/IMG][/URL]<BR><BR>[b]Incest roleplay, brother - sister, father - daughter, [/b]<BR>0117_  full 3<BR><BR>[b]0117_incest_roleplay_sex_xxx_video_0[/b]<BR>Windows Media | Size: 175 MiB | Duration: 18mn 21s | 720x480<BR><BR>[b]~> Download video from KEEP2SHARE <~<BR>[url=http://k2s.cc/file/df5fa93cbe822/0116_incest_roleplay_sex_xxx_video_9.wmv]0116_incest_roleplay_sex_xxx_video_9.wmv[/url][/b]<BR><BR> ","1346","2320","3597","1356"
"  full ","[URL=http://pimpandhost.com/image/42592696-original.html][IMG]http://ist3-2.filesor.com/pimpandhost.com/1/_/_/_/1/2/S/I/i/2SIiY/0118_incest_roleplay_sex_xxx_video_5_s.jpg[/IMG][/URL]<BR><BR>[b]Incest roleplay, brother - sister, father - daughter, [/b]<BR>0118_  full <BR><BR>[b]0118_incest_roleplay_sex_xxx_video_5[/b]<BR>Windows Media | Size: 321 MiB | Duration: 30mn 0s | 640x480<BR><BR>[b]~> Download video from KEEP2SHARE <~<BR>[url=http://k2s.cc/file/2d5857eafcc06/0117_incest_roleplay_sex_xxx_video_0.wmv]0117_incest_roleplay_sex_xxx_video_0.wmv[/url][/b]<BR><BR> ","1375","1564","3542","1391"
"  full ","[URL=http://pimpandhost.com/image/42592699-original.html][IMG]http://ist3-2.filesor.com/pimpandhost.com/1/_/_/_/1/2/S/I/j/2SIj1/0119_incest_roleplay_sex_xxx_video_6_s.jpg[/IMG][/URL]<BR><BR>[b]Incest roleplay, brother - sister, father - daughter, [/b]<BR>0119_  full <BR><BR>[b]0119_incest_roleplay_sex_xxx_video_6[/b]<BR>Windows Media | Size: 369 MiB | Duration: 30mn 38s | 640x480<BR><BR>[b]~> Download video from KEEP2SHARE <~<BR>[url=http://k2s.cc/file/81092da2343f0/0118_incest_roleplay_sex_xxx_video_5.wmv]0118_incest_roleplay_sex_xxx_video_5.wmv[/url][/b]<BR><BR> ","1357","2025","3534","1366"
"  on breaks into his moms bedroom and s her together with h","[URL=http://pimpandhost.com/image/42592702-original.html][IMG]http://ist3-1.filesor.com/pimpandhost.com/1/_/_/_/1/2/S/I/j/2SIj4/0120_incest_roleplay_sex_xxx_video_d_s.jpg[/IMG][/URL]<BR><BR>[b]Incest roleplay, brother - sister, father - daughter, [/b]<BR>0120_  on breaks into his moms bedroom and s her together with his frien<BR><BR>[b]0120_incest_roleplay_sex_xxx_video_d[/b]<BR>Windows Media | Size: 76.5 MiB | Duration: 19mn 59s | 640x480<BR><BR>[b]~> Download video from KEEP2SHARE <~<BR>[url=http://k2s.cc/file/7fde2cbd814e9/0119_incest_roleplay_sex_xxx_video_6.wmv]0119_incest_roleplay_sex_xxx_video_6.wmv[/url][/b]<BR><BR> ","1337","2374","3640","1314"
" Its okay sheand 39s my stepmother 2 incest Its okay shes m","[URL=http://pimpandhost.com/image/42592710-original.html][IMG]http://ist3-2.filesor.com/pimpandhost.com/1/_/_/_/1/2/S/I/j/2SIjc/0122_incest_roleplay_sex_xxx_video_2_s.jpg[/IMG][/URL]<BR><BR>[b]Incest roleplay, brother - sister, father - daughter, [/b]<BR>0122_ Its okay sheand 39s my stepmother 2 incest Its okay shes my stepmother 02 Sc<BR><BR>[b]0122_incest_roleplay_sex_xxx_video_2[/b]<BR>MPEG-4 | Size: 1.51 GiB | Duration: 31mn 15s | 1920x1080<BR><BR>[b]~> Download video from KEEP2SHARE <~<BR>[url=http://k2s.cc/file/79213684d038c/0121_incest_roleplay_sex_xxx_video_1.mp4.part1.rar]0121_incest_roleplay_sex_xxx_video_1.mp4.part1.rar[/url]<BR>[url=http://k2s.cc/file/c0c4b674f42d2/0121_incest_roleplay_sex_xxx_video_1.mp4.part2.rar]0121_incest_roleplay_sex_xxx_video_1.mp4.part2.rar[/url]<BR>[url=http://k2s.cc/file/25343f0d652dc/0121_incest_roleplay_sex_xxx_video_1.mp4.part3.rar]0121_incest_roleplay_sex_xxx_video_1.mp4.part3.rar[/url]<BR>[url=http://k2s.cc/file/f8fdc20be5a0c/0121_incest_roleplay_sex_xxx_video_1.mp4.part4.rar]0121_incest_roleplay_sex_xxx_video_1.mp4.part4.rar[/url][/b]<BR><BR> ","1374","1787","3594","1334"
" Its okay sheand 39s my stepmother 2 incest Its okay shes m","[URL=http://pimpandhost.com/image/42592714-original.html][IMG]http://ist3-1.filesor.com/pimpandhost.com/1/_/_/_/1/2/S/I/j/2SIjg/0123_incest_roleplay_sex_xxx_video_3_s.jpg[/IMG][/URL]<BR><BR>[b]Incest roleplay, brother - sister, father - daughter, [/b]<BR>0123_ Its okay sheand 39s my stepmother 2 incest Its okay shes my stepmother 02 Sc<BR><BR>[b]0123_incest_roleplay_sex_xxx_video_3[/b]<BR>MPEG-4 | Size: 1.44 GiB | Duration: 29mn 41s | 1920x1080<BR><BR>[b]~> Download video from KEEP2SHARE <~<BR>[url=http://k2s.cc/file/009755f8fefef/0122_incest_roleplay_sex_xxx_video_2.mp4.part1.rar]0122_incest_roleplay_sex_xxx_video_2.mp4.part1.rar[/url]<BR>[url=http://k2s.cc/file/097d71eb2a960/0122_incest_roleplay_sex_xxx_video_2.mp4.part2.rar]0122_incest_roleplay_sex_xxx_video_2.mp4.part2.rar[/url]<BR>[url=http://k2s.cc/file/287dfac69becb/0122_incest_roleplay_sex_xxx_video_2.mp4.part3.rar]0122_incest_roleplay_sex_xxx_video_2.mp4.part3.rar[/url]<BR>[url=http://k2s.cc/file/9c3062730857a/0122_incest_roleplay_sex_xxx_video_2.mp4.part4.rar]0122_incest_roleplay_sex_xxx_video_2.mp4.part4.rar[/url][/b]<BR><BR> ","1317","2217","3591","1387"
" Its okay sheand 39s my stepmother 2 incest Its okay shes m","[URL=http://pimpandhost.com/image/42592718-original.html][IMG]http://ist3-2.filesor.com/pimpandhost.com/1/_/_/_/1/2/S/I/j/2SIjk/0124_incest_roleplay_sex_xxx_video_4_s.jpg[/IMG][/URL]<BR><BR>[b]Incest roleplay, brother - sister, father - daughter, [/b]<BR>0124_ Its okay sheand 39s my stepmother 2 incest Its okay shes my stepmother 02 Sc<BR><BR>[b]0124_incest_roleplay_sex_xxx_video_4[/b]<BR>MPEG-4 | Size: 1.57 GiB | Duration: 32mn 34s | 1920x1080<BR><BR>[b]~> Download video from KEEP2SHARE <~<BR>[url=http://k2s.cc/file/ed3b48264c707/0123_incest_roleplay_sex_xxx_video_3.mp4.part1.rar]0123_incest_roleplay_sex_xxx_video_3.mp4.part1.rar[/url]<BR>[url=http://k2s.cc/file/0a6751fc6273f/0123_incest_roleplay_sex_xxx_video_3.mp4.part2.rar]0123_incest_roleplay_sex_xxx_video_3.mp4.part2.rar[/url]<BR>[url=http://k2s.cc/file/9c5ca0b2d2cb2/0123_incest_roleplay_sex_xxx_video_3.mp4.part3.rar]0123_incest_roleplay_sex_xxx_video_3.mp4.part3.rar[/url]<BR>[url=http://k2s.cc/file/a279eb86a0e4b/0123_incest_roleplay_sex_xxx_video_3.mp4.part4.rar]0123_incest_roleplay_sex_xxx_video_3.mp4.part4.rar[/url][/b]<BR><BR> ","1355","2217","3515","1334"
" Jessica Robbin in Shhhh Fucking Daughter during a sleep ov","[URL=http://pimpandhost.com/image/42592721-original.html][IMG]http://ist3-2.filesor.com/pimpandhost.com/1/_/_/_/1/2/S/I/j/2SIjn/0125_incest_roleplay_sex_xxx_video_D_s.jpg[/IMG][/URL]<BR><BR>[b]Incest roleplay, brother - sister, father - daughter, [/b]<BR>0125_ Jessica Robbin in Shhhh Fucking Daughter during a sleep over 720p MP4 1TAB 1600 fk jw wH<BR><BR>[b]0125_incest_roleplay_sex_xxx_video_D[/b]<BR>MPEG-4 | Size: 559 MiB | Duration: 12mn 30s | 1280x720<BR><BR>[b]~> Download video from KEEP2SHARE <~<BR>[url=http://k2s.cc/file/b49459428afc3/0124_incest_roleplay_sex_xxx_video_4.mp4.part1.rar]0124_incest_roleplay_sex_xxx_video_4.mp4.part1.rar[/url]<BR>[url=http://k2s.cc/file/ac8a9faacd263/0124_incest_roleplay_sex_xxx_video_4.mp4.part2.rar]0124_incest_roleplay_sex_xxx_video_4.mp4.part2.rar[/url]<BR>[url=http://k2s.cc/file/6445f62733a8b/0124_incest_roleplay_sex_xxx_video_4.mp4.part3.rar]0124_incest_roleplay_sex_xxx_video_4.mp4.part3.rar[/url]<BR>[url=http://k2s.cc/file/86d662af14a83/0124_incest_roleplay_sex_xxx_video_4.mp4.part4.rar]0124_incest_roleplay_sex_xxx_video_4.mp4.part4.rar[/url][/b]<BR><BR> ","1361","2072","3669","1307"
" Kate England My Brothers Viagra Problem 1080p c4s.Kate.Eng","[URL=http://pimpandhost.com/image/42592724-original.html][IMG]http://ist3-1.filesor.com/pimpandhost.com/1/_/_/_/1/2/S/I/j/2SIjq/0126_incest_roleplay_sex_xxx_video_d_s.jpg[/IMG][/URL]<BR><BR>[b]Incest roleplay, brother - sister, father - daughter, [/b]<BR>0126_ Kate England My Brothers Viagra Problem 1080p c4s.Kate.Englan<BR><BR>[b]0126_incest_roleplay_sex_xxx_video_d[/b]<BR>Matroska | Size: 1.02 GiB | Duration: 31mn 6s | 1920x1080<BR><BR>[b]~> Download video from KEEP2SHARE <~<BR>[url=http://k2s.cc/file/67c631217d23e/0125_incest_roleplay_sex_xxx_video_D.mp4.part1.rar]0125_incest_roleplay_sex_xxx_video_D.mp4.part1.rar[/url]<BR>[url=http://k2s.cc/file/7d1b8993e097d/0125_incest_roleplay_sex_xxx_video_D.mp4.part2.rar]0125_incest_roleplay_sex_xxx_video_D.mp4.part2.rar[/url][/b]<BR><BR> ","1355","1797","3626","1329"
" Larkin Love Son Cums Twice In Moms Mouth SonCumsTwiceInMom","[URL=http://pimpandhost.com/image/42592726-original.html][IMG]http://ist3-1.filesor.com/pimpandhost.com/1/_/_/_/1/2/S/I/j/2SIjs/0127_incest_roleplay_sex_xxx_video_p_s.jpg[/IMG][/URL]<BR><BR>[b]Incest roleplay, brother - sister, father - daughter, [/b]<BR>0127_ Larkin Love Son Cums Twice In Moms Mouth SonCumsTwiceInMomsMouth 1080<BR><BR>[b]0127_incest_roleplay_sex_xxx_video_p[/b]<BR>MPEG-4 | Size: 109 MiB | Duration: 11mn 25s | 1920x1080<BR><BR>[b]~> Download video from KEEP2SHARE <~<BR>[url=http://k2s.cc/file/aabf395df88b4/0126_incest_roleplay_sex_xxx_video_d.mkv.part1.rar]0126_incest_roleplay_sex_xxx_video_d.mkv.part1.rar[/url]<BR>[url=http://k2s.cc/file/0c0265a61d7b0/0126_incest_roleplay_sex_xxx_video_d.mkv.part2.rar]0126_incest_roleplay_sex_xxx_video_d.mkv.part2.rar[/url]<BR>[url=http://k2s.cc/file/18cdf7dc18289/0126_incest_roleplay_sex_xxx_video_d.mkv.part3.rar]0126_incest_roleplay_sex_xxx_video_d.mkv.part3.rar[/url][/b]<BR><BR> ","1340","2256","3540","1397"
" MILF 1132 Six CreamPies and a Surprise True 720p Rachel St","[URL=http://pimpandhost.com/image/42592729-original.html][IMG]http://ist3-2.filesor.com/pimpandhost.com/1/_/_/_/1/2/S/I/j/2SIjv/0128_incest_roleplay_sex_xxx_video_%20_s.jpg[/IMG][/URL]<BR><BR>[b]Incest roleplay, brother - sister, father - daughter, [/b]<BR>0128_ MILF 1132 Six CreamPies and a Surprise True 720p Rachel Steele MILF 1132 Six CreamPies and a Surprise 720P<BR><BR>[b]0128_incest_roleplay_sex_xxx_video_ [/b]<BR>Matroska | Size: 1.12 GiB | Duration: 42mn 42s | 1280x720<BR><BR>[b]~> Download video from KEEP2SHARE <~<BR>[url=http://k2s.cc/file/2b6018891f480/0127_incest_roleplay_sex_xxx_video_p.mp4]0127_incest_roleplay_sex_xxx_video_p.mp4[/url][/b]<BR><BR> ","1342","1837","3626","1379"
" Madisin Lee in Mom plays sexy maid Sexy Maid Servic","[URL=http://pimpandhost.com/image/42592732-original.html][IMG]http://ist3-2.filesor.com/pimpandhost.com/1/_/_/_/1/2/S/I/j/2SIjy/0129_incest_roleplay_sex_xxx_video_e_s.jpg[/IMG][/URL]<BR><BR>[b]Incest roleplay, brother - sister, father - daughter, [/b]<BR>0129_ Madisin Lee in Mom plays sexy maid Sexy Maid Servic<BR><BR>[b]0129_incest_roleplay_sex_xxx_video_e[/b]<BR>MPEG-4 | Size: 1.22 GiB | Duration: 19mn 29s | 1920x1080<BR><BR>[b]~> Download video from KEEP2SHARE <~<BR>[url=http://k2s.cc/file/122a3a54990d0/0128_incest_roleplay_sex_xxx_video__.mkv.part1.rar]0128_incest_roleplay_sex_xxx_video_ .mkv.part1.rar[/url]<BR>[url=http://k2s.cc/file/51c0ea29314b4/0128_incest_roleplay_sex_xxx_video__.mkv.part2.rar]0128_incest_roleplay_sex_xxx_video_ .mkv.part2.rar[/url]<BR>[url=http://k2s.cc/file/f8b1aeb6f04ce/0128_incest_roleplay_sex_xxx_video__.mkv.part3.rar]0128_incest_roleplay_sex_xxx_video_ .mkv.part3.rar[/url][/b]<BR><BR> ","1334","1794","3688","1307"
" Meana Wolf Cum In Mommy cuminmommy2303201","[URL=http://pimpandhost.com/image/42592734-original.html][IMG]http://ist3-1.filesor.com/pimpandhost.com/1/_/_/_/1/2/S/I/j/2SIjA/0130_incest_roleplay_sex_xxx_video_5_s.jpg[/IMG][/URL]<BR><BR>[b]Incest roleplay, brother - sister, father - daughter, [/b]<BR>0130_ Meana Wolf Cum In Mommy cuminmommy2303201<BR><BR>[b]0130_incest_roleplay_sex_xxx_video_5[/b]<BR>MPEG-4 | Size: 1.01 GiB | Duration: 17mn 57s | 1920x1080<BR><BR>[b]~> Download video from KEEP2SHARE <~<BR>[url=http://k2s.cc/file/f625e4c472f12/0129_incest_roleplay_sex_xxx_video_e.mp4.part1.rar]0129_incest_roleplay_sex_xxx_video_e.mp4.part1.rar[/url]<BR>[url=http://k2s.cc/file/bf5faa4295334/0129_incest_roleplay_sex_xxx_video_e.mp4.part2.rar]0129_incest_roleplay_sex_xxx_video_e.mp4.part2.rar[/url]<BR>[url=http://k2s.cc/file/161182ec73220/0129_incest_roleplay_sex_xxx_video_e.mp4.part3.rar]0129_incest_roleplay_sex_xxx_video_e.mp4.part3.rar[/url][/b]<BR><BR> ","1365","1868","3583","1382"
" Melanie Hicks Momand 39s Yoga Lesson 720p MP4 yog","[URL=http://pimpandhost.com/image/42592735-original.html][IMG]http://ist3-2.filesor.com/pimpandhost.com/1/_/_/_/1/2/S/I/j/2SIjB/0131_incest_roleplay_sex_xxx_video_a_s.jpg[/IMG][/URL]<BR><BR>[b]Incest roleplay, brother - sister, father - daughter, [/b]<BR>0131_ Melanie Hicks Momand 39s Yoga Lesson 720p MP4 yog<BR><BR>[b]0131_incest_roleplay_sex_xxx_video_a[/b]<BR>MPEG-4 | Size: 308 MiB | Duration: 15mn 12s | 1280x720<BR><BR>[b]~> Download video from KEEP2SHARE <~<BR>[url=http://k2s.cc/file/790ad1f598beb/0130_incest_roleplay_sex_xxx_video_5.mp4.part1.rar]0130_incest_roleplay_sex_xxx_video_5.mp4.part1.rar[/url]<BR>[url=http://k2s.cc/file/2119a52ed3373/0130_incest_roleplay_sex_xxx_video_5.mp4.part2.rar]0130_incest_roleplay_sex_xxx_video_5.mp4.part2.rar[/url]<BR>[url=http://k2s.cc/file/8e1917b445701/0130_incest_roleplay_sex_xxx_video_5.mp4.part3.rar]0130_incest_roleplay_sex_xxx_video_5.mp4.part3.rar[/url][/b]<BR><BR> ","1320","2285","3636","1376"
" Melanie Hicks Son, itand 39s ok to be gay 720p MP4 oktobeg","[URL=http://pimpandhost.com/image/42592740-original.html][IMG]http://ist3-1.filesor.com/pimpandhost.com/1/_/_/_/1/2/S/I/j/2SIjG/0133_incest_roleplay_sex_xxx_video_y_s.jpg[/IMG][/URL]<BR><BR>[b]Incest roleplay, brother - sister, father - daughter, [/b]<BR>0133_ Melanie Hicks Son, itand 39s ok to be gay 720p MP4 oktobega<BR><BR>[b]0133_incest_roleplay_sex_xxx_video_y[/b]<BR>MPEG-4 | Size: 447 MiB | Duration: 15mn 2s | 1280x720<BR><BR>[b]~> Download video from KEEP2SHARE <~<BR>[url=http://k2s.cc/file/8966bf711f1a9/0132_incest_roleplay_sex_xxx_video_v.mp4]0132_incest_roleplay_sex_xxx_video_v.mp4[/url][/b]<BR><BR> ","1367","2180","3519","1327"
" Melanie Hicks in Slutty Mom is Blackmailed 720p MP4 melani","[URL=http://pimpandhost.com/image/42592741-original.html][IMG]http://ist3-2.filesor.com/pimpandhost.com/1/_/_/_/1/2/S/I/j/2SIjH/0134_incest_roleplay_sex_xxx_video_d_s.jpg[/IMG][/URL]<BR><BR>[b]Incest roleplay, brother - sister, father - daughter, [/b]<BR>0134_ Melanie Hicks in Slutty Mom is Blackmailed 720p MP4 melanie Hicks In Slutty Mom Is Blackmailed H<BR><BR>[b]0134_incest_roleplay_sex_xxx_video_d[/b]<BR>MPEG-4 | Size: 606 MiB | Duration: 20mn 54s | 1280x720<BR><BR>[b]~> Download video from KEEP2SHARE <~<BR>[url=http://k2s.cc/file/f0b2a3df6d023/0133_incest_roleplay_sex_xxx_video_y.mp4]0133_incest_roleplay_sex_xxx_video_y.mp4[/url][/b]<BR><BR> ","1339","2346","3569","1394"
" Molly Jane Because I Love You MP4 loveful","[URL=http://pimpandhost.com/image/42592744-original.html][IMG]http://ist3-1.filesor.com/pimpandhost.com/1/_/_/_/1/2/S/I/j/2SIjK/0135_incest_roleplay_sex_xxx_video_l_s.jpg[/IMG][/URL]<BR><BR>[b]Incest roleplay, brother - sister, father - daughter, [/b]<BR>0135_ Molly Jane Because I Love You MP4 loveful<BR><BR>[b]0135_incest_roleplay_sex_xxx_video_l[/b]<BR>MPEG-4 | Size: 347 MiB | Duration: 12mn 14s | 1280x772<BR><BR>[b]~> Download video from KEEP2SHARE <~<BR>[url=http://k2s.cc/file/85ec689113229/0134_incest_roleplay_sex_xxx_video_d.mp4.part1.rar]0134_incest_roleplay_sex_xxx_video_d.mp4.part1.rar[/url]<BR>[url=http://k2s.cc/file/850c8eb298a9e/0134_incest_roleplay_sex_xxx_video_d.mp4.part2.rar]0134_incest_roleplay_sex_xxx_video_d.mp4.part2.rar[/url][/b]<BR><BR> ","1327","2379","3545","1367"
" Molly Jane Mindwarp Rings 720p MP4 This clip is so funny, ","[URL=http://pimpandhost.com/image/42592746-original.html][IMG]http://ist3-2.filesor.com/pimpandhost.com/1/_/_/_/1/2/S/I/j/2SIjM/0136_incest_roleplay_sex_xxx_video_d_s.jpg[/IMG][/URL]<BR><BR>[b]Incest roleplay, brother - sister, father - daughter, [/b]<BR>0136_ Molly Jane Mindwarp Rings 720p MP4 This clip is so funny, not to be missed molly Jane In Mindwarp Rings H<BR><BR>[b]0136_incest_roleplay_sex_xxx_video_d[/b]<BR>MPEG-4 | Size: 1.42 GiB | Duration: 43mn 20s | 1280x720<BR><BR>[b]~> Download video from KEEP2SHARE <~<BR>[url=http://k2s.cc/file/257513d228e99/0135_incest_roleplay_sex_xxx_video_l.mp4]0135_incest_roleplay_sex_xxx_video_l.mp4[/url][/b]<BR><BR> ","1382","1884","3628","1324"
" Molly Jane Mom I want to fuck your Thighs 720p MP4 molly J","[URL=http://pimpandhost.com/image/42592747-original.html][IMG]http://ist3-1.filesor.com/pimpandhost.com/1/_/_/_/1/2/S/I/j/2SIjN/0137_incest_roleplay_sex_xxx_video_s_s.jpg[/IMG][/URL]<BR><BR>[b]Incest roleplay, brother - sister, father - daughter, [/b]<BR>0137_ Molly Jane Mom I want to fuck your Thighs 720p MP4 molly Jane In Mom I Want To Fuck Your Thigh<BR><BR>[b]0137_incest_roleplay_sex_xxx_video_s[/b]<BR>MPEG-4 | Size: 435 MiB | Duration: 14mn 32s | 1280x720<BR><BR>[b]~> Download video from KEEP2SHARE <~<BR>[url=http://k2s.cc/file/338f5bd11bf9f/0136_incest_roleplay_sex_xxx_video_d.mp4.part1.rar]0136_incest_roleplay_sex_xxx_video_d.mp4.part1.rar[/url]<BR>[url=http://k2s.cc/file/c0c2712f553bc/0136_incest_roleplay_sex_xxx_video_d.mp4.part2.rar]0136_incest_roleplay_sex_xxx_video_d.mp4.part2.rar[/url]<BR>[url=http://k2s.cc/file/b228b6a854f95/0136_incest_roleplay_sex_xxx_video_d.mp4.part3.rar]0136_incest_roleplay_sex_xxx_video_d.mp4.part3.rar[/url]<BR>[url=http://k2s.cc/file/8c81001f846e7/0136_incest_roleplay_sex_xxx_video_d.mp4.part4.rar]0136_incest_roleplay_sex_xxx_video_d.mp4.part4.rar[/url][/b]<BR><BR> ","1380","1742","3505","1314"
" Molly Jane and Esmi Lee Help Me Fuck My Gay Brother 720p M","[URL=http://pimpandhost.com/image/42592751-original.html][IMG]http://ist3-2.filesor.com/pimpandhost.com/1/_/_/_/1/2/S/I/j/2SIjR/0139_incest_roleplay_sex_xxx_video_l_s.jpg[/IMG][/URL]<BR><BR>[b]Incest roleplay, brother - sister, father - daughter, [/b]<BR>0139_ Molly Jane and Esmi Lee Help Me Fuck My Gay Brother 720p MP4 gaybrotherful<BR><BR>[b]0139_incest_roleplay_sex_xxx_video_l[/b]<BR>MPEG-4 | Size: 485 MiB | Duration: 17mn 39s | 1280x720<BR><BR>[b]~> Download video from KEEP2SHARE <~<BR>[url=http://k2s.cc/file/e40b21711558c/0138_incest_roleplay_sex_xxx_video_v.mp4]0138_incest_roleplay_sex_xxx_video_v.mp4[/url][/b]<BR><BR> ","1360","2371","3544","1324"
" Molly Jane andamp Cory Chase Mother And Daughter Share A C","[URL=http://pimpandhost.com/image/42592753-original.html][IMG]http://ist3-1.filesor.com/pimpandhost.com/1/_/_/_/1/2/S/I/j/2SIjT/0140_incest_roleplay_sex_xxx_video_e_s.jpg[/IMG][/URL]<BR><BR>[b]Incest roleplay, brother - sister, father - daughter, [/b]<BR>0140_ Molly Jane andamp Cory Chase Mother And Daughter Share A Creampie 540p MP4 Molly Jane Creampi<BR><BR>[b]0140_incest_roleplay_sex_xxx_video_e[/b]<BR>MPEG-4 | Size: 232 MiB | Duration: 12mn 53s | 960x540<BR><BR>[b]~> Download video from KEEP2SHARE <~<BR>[url=http://k2s.cc/file/dec7bf26bd196/0139_incest_roleplay_sex_xxx_video_l.mp4.part1.rar]0139_incest_roleplay_sex_xxx_video_l.mp4.part1.rar[/url]<BR>[url=http://k2s.cc/file/91c1e54d83c5a/0139_incest_roleplay_sex_xxx_video_l.mp4.part2.rar]0139_incest_roleplay_sex_xxx_video_l.mp4.part2.rar[/url][/b]<BR><BR> ","1337","2076","3511","1358"
" Primal Taboo Jealous Son Takes Mom Over and Over 1TAB 5900","[URL=http://pimpandhost.com/image/42592756-original.html][IMG]http://ist3-2.filesor.com/pimpandhost.com/1/_/_/_/1/2/S/I/j/2SIjW/0142_incest_roleplay_sex_xxx_video_3_s.jpg[/IMG][/URL]<BR><BR>[b]Incest roleplay, brother - sister, father - daughter, [/b]<BR>0142_ Primal Taboo Jealous Son Takes Mom Over and Over 1TAB 5900 mr mpHD<BR><BR>[b]0142_incest_roleplay_sex_xxx_video_3[/b]<BR>MPEG-4 | Size: 961 MiB | Duration: 41mn 39s | 1280x720<BR><BR>[b]~> Download video from KEEP2SHARE <~<BR>[url=http://k2s.cc/file/882f9a8cc6a00/0141_incest_roleplay_sex_xxx_video_d.mp4.part1.rar]0141_incest_roleplay_sex_xxx_video_d.mp4.part1.rar[/url]<BR>[url=http://k2s.cc/file/62cb3d5ac2c58/0141_incest_roleplay_sex_xxx_video_d.mp4.part2.rar]0141_incest_roleplay_sex_xxx_video_d.mp4.part2.rar[/url]<BR>[url=http://k2s.cc/file/8d1d74561c07e/0141_incest_roleplay_sex_xxx_video_d.mp4.part3.rar]0141_incest_roleplay_sex_xxx_video_d.mp4.part3.rar[/url][/b]<BR><BR> ","1351","2164","3567","1318"
" REQ Madisin Lee My Big Booty Mom 1080p WMV 69179 My Big Bo","[URL=http://pimpandhost.com/image/42592757-original.html][IMG]http://ist3-1.filesor.com/pimpandhost.com/1/_/_/_/1/2/S/I/j/2SIjX/0143_incest_roleplay_sex_xxx_video_m_s.jpg[/IMG][/URL]<BR><BR>[b]Incest roleplay, brother - sister, father - daughter, [/b]<BR>0143_ REQ Madisin Lee My Big Booty Mom 1080p WMV 69179 My Big Booty Mo<BR><BR>[b]0143_incest_roleplay_sex_xxx_video_m[/b]<BR>Windows Media | Size: 611 MiB | Duration: 10mn 52s | 1920x1080<BR><BR>[b]~> Download video from KEEP2SHARE <~<BR>[url=http://k2s.cc/file/60a2985d04e80/0142_incest_roleplay_sex_xxx_video_3.mp4.part1.rar]0142_incest_roleplay_sex_xxx_video_3.mp4.part1.rar[/url]<BR>[url=http://k2s.cc/file/98f68250963da/0142_incest_roleplay_sex_xxx_video_3.mp4.part2.rar]0142_incest_roleplay_sex_xxx_video_3.mp4.part2.rar[/url]<BR>[url=http://k2s.cc/file/7ac156415151f/0142_incest_roleplay_sex_xxx_video_3.mp4.part3.rar]0142_incest_roleplay_sex_xxx_video_3.mp4.part3.rar[/url][/b]<BR><BR> ","1349","1887","3591","1389"
" REQ Naomi Clark Mother Made Me Do It HD Mother Made Me Do ","[URL=http://pimpandhost.com/image/42592759-original.html][IMG]http://ist3-1.filesor.com/pimpandhost.com/1/_/_/_/1/2/S/I/j/2SIjZ/0144_incest_roleplay_sex_xxx_video_D_s.jpg[/IMG][/URL]<BR><BR>[b]Incest roleplay, brother - sister, father - daughter, [/b]<BR>0144_ REQ Naomi Clark Mother Made Me Do It HD Mother Made Me Do it H<BR><BR>[b]0144_incest_roleplay_sex_xxx_video_D[/b]<BR>Windows Media | Size: 570 MiB | Duration: 12mn 44s | 1280x720<BR><BR>[b]~> Download video from KEEP2SHARE <~<BR>[url=http://k2s.cc/file/5d3df05c7e98c/0143_incest_roleplay_sex_xxx_video_m.wmv.part1.rar]0143_incest_roleplay_sex_xxx_video_m.wmv.part1.rar[/url]<BR>[url=http://k2s.cc/file/f07dd770edf1a/0143_incest_roleplay_sex_xxx_video_m.wmv.part2.rar]0143_incest_roleplay_sex_xxx_video_m.wmv.part2.rar[/url][/b]<BR><BR> ","1337","2223","3664","1364"
" REQ Xev Bellringer Your Deal With Mommy 1080p Taboo MommyD","[URL=http://pimpandhost.com/image/42592760-original.html][IMG]http://ist3-2.filesor.com/pimpandhost.com/1/_/_/_/1/2/S/I/k/2SIk0/0145_incest_roleplay_sex_xxx_video_p_s.jpg[/IMG][/URL]<BR><BR>[b]Incest roleplay, brother - sister, father - daughter, [/b]<BR>0145_ REQ Xev Bellringer Your Deal With Mommy 1080p Taboo MommyDeal 1080<BR><BR>[b]0145_incest_roleplay_sex_xxx_video_p[/b]<BR>MPEG-4 | Size: 535 MiB | Duration: 14mn 22s | 1920x1080<BR><BR>[b]~> Download video from KEEP2SHARE <~<BR>[url=http://k2s.cc/file/2461203730bfa/0144_incest_roleplay_sex_xxx_video_D.wmv.part1.rar]0144_incest_roleplay_sex_xxx_video_D.wmv.part1.rar[/url]<BR>[url=http://k2s.cc/file/d57e14deb1709/0144_incest_roleplay_sex_xxx_video_D.wmv.part2.rar]0144_incest_roleplay_sex_xxx_video_D.wmv.part2.rar[/url][/b]<BR><BR> ","1378","1541","3562","1359"
" Sadieand 39s Daddy Desries Sadies Daddy Desire","[URL=http://pimpandhost.com/image/42592762-original.html][IMG]http://ist3-2.filesor.com/pimpandhost.com/1/_/_/_/1/2/S/I/k/2SIk2/0146_incest_roleplay_sex_xxx_video_s_s.jpg[/IMG][/URL]<BR><BR>[b]Incest roleplay, brother - sister, father - daughter, [/b]<BR>0146_ Sadieand 39s Daddy Desries Sadies Daddy Desire<BR><BR>[b]0146_incest_roleplay_sex_xxx_video_s[/b]<BR>Windows Media | Size: 195 MiB | Duration: 7mn 38s | 1280x720<BR><BR>[b]~> Download video from KEEP2SHARE <~<BR>[url=http://k2s.cc/file/06645cf49713a/0145_incest_roleplay_sex_xxx_video_p.mp4.part1.rar]0145_incest_roleplay_sex_xxx_video_p.mp4.part1.rar[/url]<BR>[url=http://k2s.cc/file/4f78cb222f083/0145_incest_roleplay_sex_xxx_video_p.mp4.part2.rar]0145_incest_roleplay_sex_xxx_video_p.mp4.part2.rar[/url][/b]<BR><BR> ","1347","2356","3667","1327"
" Xev Bellringer Mommy Edges You x bell mommy edgin","[URL=http://pimpandhost.com/image/42592765-original.html][IMG]http://ist3-1.filesor.com/pimpandhost.com/1/_/_/_/1/2/S/I/k/2SIk5/0148_incest_roleplay_sex_xxx_video_g_s.jpg[/IMG][/URL]<BR><BR>[b]Incest roleplay, brother - sister, father - daughter, [/b]<BR>0148_ Xev Bellringer Mommy Edges You x bell mommy edgin<BR><BR>[b]0148_incest_roleplay_sex_xxx_video_g[/b]<BR>MPEG-4 | Size: 1.81 GiB | Duration: 36mn 5s | 1920x1080<BR><BR>[b]~> Download video from KEEP2SHARE <~<BR>[url=http://k2s.cc/file/35494923eb98a/0147_incest_roleplay_sex_xxx_video_p.mp4.part1.rar]0147_incest_roleplay_sex_xxx_video_p.mp4.part1.rar[/url]<BR>[url=http://k2s.cc/file/046a2eaacf772/0147_incest_roleplay_sex_xxx_video_p.mp4.part2.rar]0147_incest_roleplay_sex_xxx_video_p.mp4.part2.rar[/url][/b]<BR><BR> ","1322","2276","3584","1382"
" Xev Bellringer Mommy Rewards You for Good Grades Xev Bellr","[URL=http://pimpandhost.com/image/42592766-original.html][IMG]http://ist3-1.filesor.com/pimpandhost.com/1/_/_/_/1/2/S/I/k/2SIk6/0149_incest_roleplay_sex_xxx_video_u_s.jpg[/IMG][/URL]<BR><BR>[b]Incest roleplay, brother - sister, father - daughter, [/b]<BR>0149_ Xev Bellringer Mommy Rewards You for Good Grades Xev Bellringer Mommy Rewards Yo<BR><BR>[b]0149_incest_roleplay_sex_xxx_video_u[/b]<BR>MPEG-4 | Size: 1.87 GiB | Duration: 22mn 36s | 1920x1080<BR><BR>[b]~> Download video from KEEP2SHARE <~<BR>[url=http://k2s.cc/file/1cf71450fe707/0148_incest_roleplay_sex_xxx_video_g.mp4.part1.rar]0148_incest_roleplay_sex_xxx_video_g.mp4.part1.rar[/url]<BR>[url=http://k2s.cc/file/f69ce5ce36683/0148_incest_roleplay_sex_xxx_video_g.mp4.part2.rar]0148_incest_roleplay_sex_xxx_video_g.mp4.part2.rar[/url]<BR>[url=http://k2s.cc/file/a3f1380ab5df1/0148_incest_roleplay_sex_xxx_video_g.mp4.part3.rar]0148_incest_roleplay_sex_xxx_video_g.mp4.part3.rar[/url]<BR>[url=http://k2s.cc/file/0bb56a8b6403b/0148_incest_roleplay_sex_xxx_video_g.mp4.part4.rar]0148_incest_roleplay_sex_xxx_video_g.mp4.part4.rar[/url][/b]<BR><BR> ","1383","2078","3511","1320"
" Xev Bellringer Mommy Swallows Taboo MommyB","[URL=http://pimpandhost.com/image/42592768-original.html][IMG]http://ist3-1.filesor.com/pimpandhost.com/1/_/_/_/1/2/S/I/k/2SIk8/0150_incest_roleplay_sex_xxx_video_J_s.jpg[/IMG][/URL]<BR><BR>[b]Incest roleplay, brother - sister, father - daughter, [/b]<BR>0150_ Xev Bellringer Mommy Swallows Taboo MommyB<BR><BR>[b]0150_incest_roleplay_sex_xxx_video_J[/b]<BR>MPEG-4 | Size: 1 012 MiB | Duration: 17mn 41s | 1920x1080<BR><BR>[b]~> Download video from KEEP2SHARE <~<BR>[url=http://k2s.cc/file/8b7c04b3d9f54/0149_incest_roleplay_sex_xxx_video_u.mp4.part1.rar]0149_incest_roleplay_sex_xxx_video_u.mp4.part1.rar[/url]<BR>[url=http://k2s.cc/file/9a1b060b92f07/0149_incest_roleplay_sex_xxx_video_u.mp4.part2.rar]0149_incest_roleplay_sex_xxx_video_u.mp4.part2.rar[/url]<BR>[url=http://k2s.cc/file/6f5ccdd9d643c/0149_incest_roleplay_sex_xxx_video_u.mp4.part3.rar]0149_incest_roleplay_sex_xxx_video_u.mp4.part3.rar[/url]<BR>[url=http://k2s.cc/file/299b9f4806f4c/0149_incest_roleplay_sex_xxx_video_u.mp4.part4.rar]0149_incest_roleplay_sex_xxx_video_u.mp4.part4.rar[/url]<BR>[url=http://k2s.cc/file/16f13cb583099/0149_incest_roleplay_sex_xxx_video_u.mp4.part5.rar]0149_incest_roleplay_sex_xxx_video_u.mp4.part5.rar[/url][/b]<BR><BR> ","1328","1602","3657","1380"
" Xev Bellringer Sex With Big Sister For The First Time Tabo","[URL=http://pimpandhost.com/image/42592770-original.html][IMG]http://ist3-2.filesor.com/pimpandhost.com/1/_/_/_/1/2/S/I/k/2SIka/0151_incest_roleplay_sex_xxx_video_p_s.jpg[/IMG][/URL]<BR><BR>[b]Incest roleplay, brother - sister, father - daughter, [/b]<BR>0151_ Xev Bellringer Sex With Big Sister For The First Time Taboo BigSister 1080<BR><BR>[b]0151_incest_roleplay_sex_xxx_video_p[/b]<BR>MPEG-4 | Size: 1 015 MiB | Duration: 27mn 24s | 1920x1080<BR><BR>[b]~> Download video from KEEP2SHARE <~<BR>[url=http://k2s.cc/file/89d339b67f417/0150_incest_roleplay_sex_xxx_video_J.mp4.part1.rar]0150_incest_roleplay_sex_xxx_video_J.mp4.part1.rar[/url]<BR>[url=http://k2s.cc/file/a3dd6a7aaeb4a/0150_incest_roleplay_sex_xxx_video_J.mp4.part2.rar]0150_incest_roleplay_sex_xxx_video_J.mp4.part2.rar[/url]<BR>[url=http://k2s.cc/file/5d75ab659d5a1/0150_incest_roleplay_sex_xxx_video_J.mp4.part3.rar]0150_incest_roleplay_sex_xxx_video_J.mp4.part3.rar[/url][/b]<BR><BR> ","1385","1608","3695","1334"
" Xev Bellringer Sister Needs a Boyfriend Taboo BrotherBoyfr","[URL=http://pimpandhost.com/image/42592772-original.html][IMG]http://ist3-1.filesor.com/pimpandhost.com/1/_/_/_/1/2/S/I/k/2SIkc/0152_incest_roleplay_sex_xxx_video_d_s.jpg[/IMG][/URL]<BR><BR>[b]Incest roleplay, brother - sister, father - daughter, [/b]<BR>0152_ Xev Bellringer Sister Needs a Boyfriend Taboo BrotherBoyfrien<BR><BR>[b]0152_incest_roleplay_sex_xxx_video_d[/b]<BR>MPEG-4 | Size: 1.02 GiB | Duration: 28mn 11s | 1920x1080<BR><BR>[b]~> Download video from KEEP2SHARE <~<BR>[url=http://k2s.cc/file/826e1d60adf76/0151_incest_roleplay_sex_xxx_video_p.mp4.part1.rar]0151_incest_roleplay_sex_xxx_video_p.mp4.part1.rar[/url]<BR>[url=http://k2s.cc/file/7785b6b8ce756/0151_incest_roleplay_sex_xxx_video_p.mp4.part2.rar]0151_incest_roleplay_sex_xxx_video_p.mp4.part2.rar[/url]<BR>[url=http://k2s.cc/file/0d93797a9a99a/0151_incest_roleplay_sex_xxx_video_p.mp4.part3.rar]0151_incest_roleplay_sex_xxx_video_p.mp4.part3.rar[/url][/b]<BR><BR> ","1355","1884","3545","1392"
" Xev Bellringer Slutty Stepdaughter Takes a Bath MP4 REQ Xe","[URL=http://pimpandhost.com/image/42592774-original.html][IMG]http://ist3-2.filesor.com/pimpandhost.com/1/_/_/_/1/2/S/I/k/2SIke/0153_incest_roleplay_sex_xxx_video_h_s.jpg[/IMG][/URL]<BR><BR>[b]Incest roleplay, brother - sister, father - daughter, [/b]<BR>0153_ Xev Bellringer Slutty Stepdaughter Takes a Bath MP4 REQ Xev Bellringer Taboo slutty stepdaughter bat<BR><BR>[b]0153_incest_roleplay_sex_xxx_video_h[/b]<BR>MPEG-4 | Size: 307 MiB | Duration: 17mn 8s | 720x400<BR><BR>[b]~> Download video from KEEP2SHARE <~<BR>[url=http://k2s.cc/file/ed81d0d18475a/0152_incest_roleplay_sex_xxx_video_d.mp4.part1.rar]0152_incest_roleplay_sex_xxx_video_d.mp4.part1.rar[/url]<BR>[url=http://k2s.cc/file/e755140fe1cbf/0152_incest_roleplay_sex_xxx_video_d.mp4.part2.rar]0152_incest_roleplay_sex_xxx_video_d.mp4.part2.rar[/url]<BR>[url=http://k2s.cc/file/00a7ef0a9aad8/0152_incest_roleplay_sex_xxx_video_d.mp4.part3.rar]0152_incest_roleplay_sex_xxx_video_d.mp4.part3.rar[/url][/b]<BR><BR> ","1323","1540","3612","1300"
