" 1000Giri 120929 Yuri.torrent 1000giri 120929 Yur","[URL=http://pimpandhost.com/image/39445120-original.html][IMG]http://ist3-2.filesor.com/pimpandhost.com/1/_/_/_/1/2/F/v/t/2FvtC/0001_jav_japanese_av_xxx_video_i_s.jpg[/IMG][/URL]<BR><BR>[b]JAV, Japanese AV, Japanese Adult Videos, Japanese XXX, [/b]<BR>0001_ 1000Giri 120929 Yuri.torrent 1000giri 120929 Yur<BR><BR>[b]0001_jav_japanese_av_xxx_video_i[/b]<BR>Windows Media | Size: 444 MiB | Duration: 14mn 57s | 1280x720<BR><BR>[b]~> Download video from KEEP2SHARE <~<BR>[url=http://k2s.cc/file/2a59151d9f7cb/0001_jav_japanese_av_xxx_video_i.wmv]0001_jav_japanese_av_xxx_video_i.wmv[/url][/b]<BR><BR> ","1319","2233","3630","1388"
" 1000giri 121105 Yuri.torrent 1000giri 121105 Yur","[URL=http://pimpandhost.com/image/39445121-original.html][IMG]http://ist3-2.filesor.com/pimpandhost.com/1/_/_/_/1/2/F/v/t/2FvtD/0002_jav_japanese_av_xxx_video_i_s.jpg[/IMG][/URL]<BR><BR>[b]JAV, Japanese AV, Japanese Adult Videos, Japanese XXX, [/b]<BR>0002_ 1000giri 121105 Yuri.torrent 1000giri 121105 Yur<BR><BR>[b]0002_jav_japanese_av_xxx_video_i[/b]<BR>Windows Media | Size: 733 MiB | Duration: 24mn 35s | 1280x720<BR><BR>[b]~> Download video from KEEP2SHARE <~<BR>[url=http://k2s.cc/file/c6b03a4cfd023/0002_jav_japanese_av_xxx_video_i.wmv]0002_jav_japanese_av_xxx_video_i.wmv[/url][/b]<BR><BR> ","1340","2089","3525","1301"
" ABNOMAL 018 JAV Compliant Meat Pet Tits Country Girl Out I","[URL=http://pimpandhost.com/image/39445122-original.html][IMG]http://ist3-1.filesor.com/pimpandhost.com/1/_/_/_/1/2/F/v/t/2FvtE/0003_jav_japanese_av_xxx_video_8_s.jpg[/IMG][/URL]<BR><BR>[b]JAV, Japanese AV, Japanese Adult Videos, Japanese XXX, [/b]<BR>0003_ ABNOMAL 018 JAV Compliant Meat Pet Tits Country Girl Out In The First Time Of AV Shooting Torture Dating.torrent ABNOMAL 01<BR><BR>[b]0003_jav_japanese_av_xxx_video_8[/b]<BR>MPEG-4 | Size: 1.87 GiB | Duration: 2h 56mn | 720x480<BR><BR>[b]~> Download video from KEEP2SHARE <~<BR>[url=http://k2s.cc/file/4d2911765caac/0003_jav_japanese_av_xxx_video_8.mp4]0003_jav_japanese_av_xxx_video_8.mp4[/url][/b]<BR><BR> ","1380","1877","3529","1391"
" BRAZZERS Jayden Lee in Asian Loves Wet Tifucking 720p.torr","[URL=http://pimpandhost.com/image/39445123-original.html][IMG]http://ist3-1.filesor.com/pimpandhost.com/1/_/_/_/1/2/F/v/t/2FvtF/0004_jav_japanese_av_xxx_video_S_s.jpg[/IMG][/URL]<BR><BR>[b]JAV, Japanese AV, Japanese Adult Videos, Japanese XXX, [/b]<BR>0004_ BRAZZERS Jayden Lee in Asian Loves Wet Tifucking 720p.torrent Asian Loves Wet Tifucking BRAZZER<BR><BR>[b]0004_jav_japanese_av_xxx_video_S[/b]<BR>MPEG-4 | Size: 975 MiB | Duration: 48mn 16s | 1280x720<BR><BR>[b]~> Download video from KEEP2SHARE <~<BR>[url=http://k2s.cc/file/00914173db788/0004_jav_japanese_av_xxx_video_S.mp4]0004_jav_japanese_av_xxx_video_S.mp4[/url][/b]<BR><BR> ","1336","1609","3670","1328"
" Baby Got Boobs 01.01.15 Jayden Lee Asian Loves Wet Tifucki","[URL=http://pimpandhost.com/image/39445124-original.html][IMG]http://ist3-2.filesor.com/pimpandhost.com/1/_/_/_/1/2/F/v/t/2FvtG/0005_jav_japanese_av_xxx_video_0_s.jpg[/IMG][/URL]<BR><BR>[b]JAV, Japanese AV, Japanese Adult Videos, Japanese XXX, [/b]<BR>0005_ Baby Got Boobs 01.01.15 Jayden Lee Asian Loves Wet Tifucking 1080p.torrent bgb jayden lee tt112514 1080p 1200<BR><BR>[b]0005_jav_japanese_av_xxx_video_0[/b]<BR>MPEG-4 | Size: 4.22 GiB | Duration: 48mn 16s | 1920x1080<BR><BR>[b]~> Download video from KEEP2SHARE <~<BR>[url=http://k2s.cc/file/1ce958c8e971b/0005_jav_japanese_av_xxx_video_0.mp4]0005_jav_japanese_av_xxx_video_0.mp4[/url][/b]<BR><BR> ","1358","1511","3673","1331"
" Baby Got Boobs 01.01.15 Jayden Lee Asian Loves Wet Tifucki","[URL=http://pimpandhost.com/image/39445125-original.html][IMG]http://ist3-2.filesor.com/pimpandhost.com/1/_/_/_/1/2/F/v/t/2FvtH/0006_jav_japanese_av_xxx_video_0_s.jpg[/IMG][/URL]<BR><BR>[b]JAV, Japanese AV, Japanese Adult Videos, Japanese XXX, [/b]<BR>0006_ Baby Got Boobs 01.01.15 Jayden Lee Asian Loves Wet Tifucking 480ps.torrent bgb jayden lee tt112514 480p 100<BR><BR>[b]0006_jav_japanese_av_xxx_video_0[/b]<BR>MPEG-4 | Size: 407 MiB | Duration: 48mn 16s | 854x480<BR><BR>[b]~> Download video from KEEP2SHARE <~<BR>[url=http://k2s.cc/file/2e8f20a833dcd/0006_jav_japanese_av_xxx_video_0.mp4]0006_jav_japanese_av_xxx_video_0.mp4[/url][/b]<BR><BR> ","1395","2305","3570","1354"
" Caribbeancom Maya Kawamura Sex At The Hot Spring Inn Uncen","[URL=http://pimpandhost.com/image/39445126-original.html][IMG]http://ist3-2.filesor.com/pimpandhost.com/1/_/_/_/1/2/F/v/t/2FvtI/0007_jav_japanese_av_xxx_video_p_s.jpg[/IMG][/URL]<BR><BR>[b]JAV, Japanese AV, Japanese Adult Videos, Japanese XXX, [/b]<BR>0007_ Caribbeancom Maya Kawamura Sex At The Hot Spring Inn Uncensored, 60fps, 1080p.torrent 010315 773 carib 1080<BR><BR>[b]0007_jav_japanese_av_xxx_video_p[/b]<BR>MPEG-4 | Size: 1.74 GiB | Duration: 1h 1mn | 1920x1080<BR><BR>[b]~> Download video from KEEP2SHARE <~<BR>[url=http://k2s.cc/file/df5c2a94899f5/0007_jav_japanese_av_xxx_video_p.mp4]0007_jav_japanese_av_xxx_video_p.mp4[/url][/b]<BR><BR> ","1300","1503","3565","1325"
" DANDY 386 Ruka Kanae vs Black Cocks Censored.torrent 021 3","[URL=http://pimpandhost.com/image/39445127-original.html][IMG]http://ist3-2.filesor.com/pimpandhost.com/1/_/_/_/1/2/F/v/t/2FvtJ/0008_jav_japanese_av_xxx_video_6_s.jpg[/IMG][/URL]<BR><BR>[b]JAV, Japanese AV, Japanese Adult Videos, Japanese XXX, [/b]<BR>0008_ DANDY 386 Ruka Kanae vs Black Cocks Censored.torrent 021 3xplanet DANDY 38<BR><BR>[b]0008_jav_japanese_av_xxx_video_6[/b]<BR>MPEG-4 | Size: 2.72 GiB | Duration: 3h 57mn | 720x432<BR><BR>[b]~> Download video from KEEP2SHARE <~<BR>[url=http://k2s.cc/file/b5378b6c6e330/0008_jav_japanese_av_xxx_video_6.mp4]0008_jav_japanese_av_xxx_video_6.mp4[/url][/b]<BR><BR> ","1373","1734","3540","1393"
" Francince Dee Assorted Hardcore Clips of hot Asian America","[URL=http://pimpandhost.com/image/39445128-original.html][IMG]http://ist3-1.filesor.com/pimpandhost.com/1/_/_/_/1/2/F/v/t/2FvtK/0009_jav_japanese_av_xxx_video_r_s.jpg[/IMG][/URL]<BR><BR>[b]JAV, Japanese AV, Japanese Adult Videos, Japanese XXX, [/b]<BR>0009_ Francince Dee Assorted Hardcore Clips of hot Asian American with fake tits.torrent Francince Dee Fucked on chai<BR><BR>[b]0009_jav_japanese_av_xxx_video_r[/b]<BR>Flash Video | Size: 18.1 MiB | Duration: 5mn 31s | 528x352<BR><BR>[b]~> Download video from KEEP2SHARE <~<BR>[url=http://k2s.cc/file/ec6440199c8c5/0009_jav_japanese_av_xxx_video_r.flv]0009_jav_japanese_av_xxx_video_r.flv[/url][/b]<BR><BR> ","1307","2266","3660","1348"
" Francince Dee Assorted Hardcore Clips of hot Asian America","[URL=http://pimpandhost.com/image/39445129-original.html][IMG]http://ist3-2.filesor.com/pimpandhost.com/1/_/_/_/1/2/F/v/t/2FvtL/0010_jav_japanese_av_xxx_video_g_s.jpg[/IMG][/URL]<BR><BR>[b]JAV, Japanese AV, Japanese Adult Videos, Japanese XXX, [/b]<BR>0010_ Francince Dee Assorted Hardcore Clips of hot Asian American with fake tits.torrent Francine Dee Fucks and her seat is drippin<BR><BR>[b]0010_jav_japanese_av_xxx_video_g[/b]<BR>Flash Video | Size: 25.9 MiB | Duration: 7mn 8s | 626x352<BR><BR>[b]~> Download video from KEEP2SHARE <~<BR>[url=http://k2s.cc/file/4382895995b18/0010_jav_japanese_av_xxx_video_g.flv]0010_jav_japanese_av_xxx_video_g.flv[/url][/b]<BR><BR> ","1351","2334","3599","1330"
" Francince Dee Assorted Hardcore Clips of hot Asian America","[URL=http://pimpandhost.com/image/39445130-original.html][IMG]http://ist3-1.filesor.com/pimpandhost.com/1/_/_/_/1/2/F/v/t/2FvtM/0011_jav_japanese_av_xxx_video_d_s.jpg[/IMG][/URL]<BR><BR>[b]JAV, Japanese AV, Japanese Adult Videos, Japanese XXX, [/b]<BR>0011_ Francince Dee Assorted Hardcore Clips of hot Asian American with fake tits.torrent Francine Dee Hardcore on Be<BR><BR>[b]0011_jav_japanese_av_xxx_video_d[/b]<BR>Flash Video | Size: 35.4 MiB | Duration: 9mn 48s | 646x364<BR><BR>[b]~> Download video from KEEP2SHARE <~<BR>[url=http://k2s.cc/file/27d071048c74e/0011_jav_japanese_av_xxx_video_d.flv]0011_jav_japanese_av_xxx_video_d.flv[/url][/b]<BR><BR> ","1334","2076","3540","1370"
" Francince Dee Assorted Hardcore Clips of hot Asian America","[URL=http://pimpandhost.com/image/39445131-original.html][IMG]http://ist3-1.filesor.com/pimpandhost.com/1/_/_/_/1/2/F/v/t/2FvtN/0012_jav_japanese_av_xxx_video_n_s.jpg[/IMG][/URL]<BR><BR>[b]JAV, Japanese AV, Japanese Adult Videos, Japanese XXX, [/b]<BR>0012_ Francince Dee Assorted Hardcore Clips of hot Asian American with fake tits.torrent Francine Dee Kitche<BR><BR>[b]0012_jav_japanese_av_xxx_video_n[/b]<BR>Flash Video | Size: 42.3 MiB | Duration: 10mn 10s | 352x240<BR><BR>[b]~> Download video from KEEP2SHARE <~<BR>[url=http://k2s.cc/file/6e97d1782535d/0012_jav_japanese_av_xxx_video_n.flv]0012_jav_japanese_av_xxx_video_n.flv[/url][/b]<BR><BR> ","1376","1547","3697","1334"
" Francince Dee Assorted Hardcore Clips of hot Asian America","[URL=http://pimpandhost.com/image/39445133-original.html][IMG]http://ist3-1.filesor.com/pimpandhost.com/1/_/_/_/1/2/F/v/t/2FvtP/0013_jav_japanese_av_xxx_video_e_s.jpg[/IMG][/URL]<BR><BR>[b]JAV, Japanese AV, Japanese Adult Videos, Japanese XXX, [/b]<BR>0013_ Francince Dee Assorted Hardcore Clips of hot Asian American with fake tits.torrent Francine Dee Sex Tape outsid<BR><BR>[b]0013_jav_japanese_av_xxx_video_e[/b]<BR>MPEG-4 | Size: 242 MiB | Duration: 8mn 10s | 640x360<BR><BR>[b]~> Download video from KEEP2SHARE <~<BR>[url=http://k2s.cc/file/9091bb84473be/0013_jav_japanese_av_xxx_video_e.mp4]0013_jav_japanese_av_xxx_video_e.mp4[/url][/b]<BR><BR> ","1306","2261","3630","1301"
" Francince Dee Assorted Hardcore Clips of hot Asian America","[URL=http://pimpandhost.com/image/39445134-original.html][IMG]http://ist3-1.filesor.com/pimpandhost.com/1/_/_/_/1/2/F/v/t/2FvtQ/0014_jav_japanese_av_xxx_video_s_s.jpg[/IMG][/URL]<BR><BR>[b]JAV, Japanese AV, Japanese Adult Videos, Japanese XXX, [/b]<BR>0014_ Francince Dee Assorted Hardcore Clips of hot Asian American with fake tits.torrent Francine Dee Tells Stripper Story and fuck<BR><BR>[b]0014_jav_japanese_av_xxx_video_s[/b]<BR>Flash Video | Size: 16.8 MiB | Duration: 8mn 49s | 384x288<BR><BR>[b]~> Download video from KEEP2SHARE <~<BR>[url=http://k2s.cc/file/0fd8e579f8f6e/0014_jav_japanese_av_xxx_video_s.flv]0014_jav_japanese_av_xxx_video_s.flv[/url][/b]<BR><BR> ","1374","1502","3610","1375"
" HONE 101 Incest Motherand 39s Big Boobs Dripping With Brea","[URL=http://pimpandhost.com/image/39445135-original.html][IMG]http://ist3-2.filesor.com/pimpandhost.com/1/_/_/_/1/2/F/v/t/2FvtR/0015_jav_japanese_av_xxx_video_1_s.jpg[/IMG][/URL]<BR><BR>[b]JAV, Japanese AV, Japanese Adult Videos, Japanese XXX, [/b]<BR>0015_ HONE 101 Incest Motherand 39s Big Boobs Dripping With Breast Milk Mako Kimura 432p.torrent HONE 10<BR><BR>[b]0015_jav_japanese_av_xxx_video_1[/b]<BR>AVI | Size: 743 MiB | Duration: 1h 24mn | 768x432<BR><BR>[b]~> Download video from KEEP2SHARE <~<BR>[url=http://k2s.cc/file/3d552b3ef524c/0015_jav_japanese_av_xxx_video_1.avi]0015_jav_japanese_av_xxx_video_1.avi[/url][/b]<BR><BR> ","1300","2288","3700","1374"
" Handjob Japan Aoi Yuuki 720p MP4.torrent Aoi Yuuk","[URL=http://pimpandhost.com/image/39445136-original.html][IMG]http://ist3-2.filesor.com/pimpandhost.com/1/_/_/_/1/2/F/v/t/2FvtS/0016_jav_japanese_av_xxx_video_i_s.jpg[/IMG][/URL]<BR><BR>[b]JAV, Japanese AV, Japanese Adult Videos, Japanese XXX, [/b]<BR>0016_ Handjob Japan Aoi Yuuki 720p MP4.torrent Aoi Yuuk<BR><BR>[b]0016_jav_japanese_av_xxx_video_i[/b]<BR>MPEG-4 | Size: 554 MiB | Duration: 18mn 29s | 1280x720<BR><BR>[b]~> Download video from KEEP2SHARE <~<BR>[url=http://k2s.cc/file/3cb732950c15c/0016_jav_japanese_av_xxx_video_i.mp4]0016_jav_japanese_av_xxx_video_i.mp4[/url][/b]<BR><BR> ","1313","1682","3632","1321"
" Handjob Japan Kaede Oshiro 720p MP4.torrent Kaede Oshir","[URL=http://pimpandhost.com/image/39445137-original.html][IMG]http://ist3-1.filesor.com/pimpandhost.com/1/_/_/_/1/2/F/v/t/2FvtT/0017_jav_japanese_av_xxx_video_o_s.jpg[/IMG][/URL]<BR><BR>[b]JAV, Japanese AV, Japanese Adult Videos, Japanese XXX, [/b]<BR>0017_ Handjob Japan Kaede Oshiro 720p MP4.torrent Kaede Oshir<BR><BR>[b]0017_jav_japanese_av_xxx_video_o[/b]<BR>MPEG-4 | Size: 715 MiB | Duration: 23mn 52s | 1280x720<BR><BR>[b]~> Download video from KEEP2SHARE <~<BR>[url=http://k2s.cc/file/4eaf885b63479/0017_jav_japanese_av_xxx_video_o.MP4]0017_jav_japanese_av_xxx_video_o.MP4[/url][/b]<BR><BR> ","1305","1912","3638","1356"
" JAV Horny Mom and Son Fuck Anytime Dad is Gone VENU 470.to","[URL=http://pimpandhost.com/image/39445138-original.html][IMG]http://ist3-1.filesor.com/pimpandhost.com/1/_/_/_/1/2/F/v/t/2FvtU/0018_jav_japanese_av_xxx_video_0_s.jpg[/IMG][/URL]<BR><BR>[b]JAV, Japanese AV, Japanese Adult Videos, Japanese XXX, [/b]<BR>0018_ JAV Horny Mom and Son Fuck Anytime Dad is Gone VENU 470.torrent VENU 47<BR><BR>[b]0018_jav_japanese_av_xxx_video_0[/b]<BR>MPEG-4 | Size: 833 MiB | Duration: 1h 27mn | 720x404<BR><BR>[b]~> Download video from KEEP2SHARE <~<BR>[url=http://k2s.cc/file/6babc2d275700/0018_jav_japanese_av_xxx_video_0.mp4]0018_jav_japanese_av_xxx_video_0.mp4[/url][/b]<BR><BR> ","1338","1666","3672","1373"
" JAV Super Slutty School Girls Reverse Bus Molesting NHDTA ","[URL=http://pimpandhost.com/image/39445139-original.html][IMG]http://ist3-1.filesor.com/pimpandhost.com/1/_/_/_/1/2/F/v/t/2FvtV/0019_jav_japanese_av_xxx_video_0_s.jpg[/IMG][/URL]<BR><BR>[b]JAV, Japanese AV, Japanese Adult Videos, Japanese XXX, [/b]<BR>0019_ JAV Super Slutty School Girls Reverse Bus Molesting NHDTA 620.torrent big cup.tv NHDTA62<BR><BR>[b]0019_jav_japanese_av_xxx_video_0[/b]<BR>AVI | Size: 1.66 GiB | Duration: 2h 56mn | 720x406<BR><BR>[b]~> Download video from KEEP2SHARE <~<BR>[url=http://k2s.cc/file/22b9689a029a6/0019_jav_japanese_av_xxx_video_0.avi]0019_jav_japanese_av_xxx_video_0.avi[/url][/b]<BR><BR> ","1383","1553","3586","1359"
" JUX 005 My Superiorand 39s Beautiful Mom Waka Takatsuki 41","[URL=http://pimpandhost.com/image/39445140-original.html][IMG]http://ist3-2.filesor.com/pimpandhost.com/1/_/_/_/1/2/F/v/t/2FvtW/0020_jav_japanese_av_xxx_video_5_s.jpg[/IMG][/URL]<BR><BR>[b]JAV, Japanese AV, Japanese Adult Videos, Japanese XXX, [/b]<BR>0020_ JUX 005 My Superiorand 39s Beautiful Mom Waka Takatsuki 410p.torrent JUX 00<BR><BR>[b]0020_jav_japanese_av_xxx_video_5[/b]<BR>AVI | Size: 981 MiB | Duration: 2h 0mn | 720x410<BR><BR>[b]~> Download video from KEEP2SHARE <~<BR>[url=http://k2s.cc/file/50480713dce6e/0020_jav_japanese_av_xxx_video_5.avi]0020_jav_japanese_av_xxx_video_5.avi[/url][/b]<BR><BR> ","1311","1873","3687","1318"
" JYH 0001 Yuma Asami Jucy Honey.torrent JYH0001 Yuma Asami ","[URL=http://pimpandhost.com/image/39445141-original.html][IMG]http://ist3-2.filesor.com/pimpandhost.com/1/_/_/_/1/2/F/v/t/2FvtX/0021_jav_japanese_av_xxx_video_y_s.jpg[/IMG][/URL]<BR><BR>[b]JAV, Japanese AV, Japanese Adult Videos, Japanese XXX, [/b]<BR>0021_ JYH 0001 Yuma Asami Jucy Honey.torrent JYH0001 Yuma Asami Juicy Hone<BR><BR>[b]0021_jav_japanese_av_xxx_video_y[/b]<BR>AVI | Size: 915 MiB | Duration: 1h 0mn | 640x480<BR><BR>[b]~> Download video from KEEP2SHARE <~<BR>[url=http://k2s.cc/file/a1a36f845917e/0021_jav_japanese_av_xxx_video_y.avi]0021_jav_japanese_av_xxx_video_y.avi[/url][/b]<BR><BR> ","1326","2023","3538","1400"
" Japan Teen Creampie 12 uncensored The Rat Bastards.torrent","[URL=http://pimpandhost.com/image/39445144-original.html][IMG]http://ist3-2.filesor.com/pimpandhost.com/1/_/_/_/1/2/F/v/u/2Fvu0/0022_jav_japanese_av_xxx_video_7_s.jpg[/IMG][/URL]<BR><BR>[b]JAV, Japanese AV, Japanese Adult Videos, Japanese XXX, [/b]<BR>0022_ Japan Teen Creampie 12 uncensored The Rat Bastards.torrent hiroko.kuwata.417<BR><BR>[b]0022_jav_japanese_av_xxx_video_7[/b]<BR>MPEG-4 | Size: 1.15 GiB | Duration: 50mn 28s | 1920x1080<BR><BR>[b]~> Download video from KEEP2SHARE <~<BR>[url=http://k2s.cc/file/ee9f4ad2c78c3/0022_jav_japanese_av_xxx_video_7.mov]0022_jav_japanese_av_xxx_video_7.mov[/url][/b]<BR><BR> ","1359","2164","3649","1359"
" Japan Teen Creampie 12 uncensored The Rat Bastards.torrent","[URL=http://pimpandhost.com/image/39445145-original.html][IMG]http://ist3-1.filesor.com/pimpandhost.com/1/_/_/_/1/2/F/v/u/2Fvu1/0023_jav_japanese_av_xxx_video_9_s.jpg[/IMG][/URL]<BR><BR>[b]JAV, Japanese AV, Japanese Adult Videos, Japanese XXX, [/b]<BR>0023_ Japan Teen Creampie 12 uncensored The Rat Bastards.torrent junko.ishibashi.417<BR><BR>[b]0023_jav_japanese_av_xxx_video_9[/b]<BR>MPEG-4 | Size: 939 MiB | Duration: 40mn 18s | 1920x1080<BR><BR>[b]~> Download video from KEEP2SHARE <~<BR>[url=http://k2s.cc/file/39095f06d8f2a/0023_jav_japanese_av_xxx_video_9.mov]0023_jav_japanese_av_xxx_video_9.mov[/url][/b]<BR><BR> ","1361","2167","3566","1375"
" Japan Teen Creampie 12 uncensored The Rat Bastards.torrent","[URL=http://pimpandhost.com/image/39445147-original.html][IMG]http://ist3-2.filesor.com/pimpandhost.com/1/_/_/_/1/2/F/v/u/2Fvu3/0024_jav_japanese_av_xxx_video_8_s.jpg[/IMG][/URL]<BR><BR>[b]JAV, Japanese AV, Japanese Adult Videos, Japanese XXX, [/b]<BR>0024_ Japan Teen Creampie 12 uncensored The Rat Bastards.torrent misao.hamaguchi.417<BR><BR>[b]0024_jav_japanese_av_xxx_video_8[/b]<BR>MPEG-4 | Size: 1.33 GiB | Duration: 58mn 7s | 1920x1080<BR><BR>[b]~> Download video from KEEP2SHARE <~<BR>[url=http://k2s.cc/file/3e06aa3dd5507/0024_jav_japanese_av_xxx_video_8.mov]0024_jav_japanese_av_xxx_video_8.mov[/url][/b]<BR><BR> ","1395","2394","3692","1400"
" Japan Teen Creampie 13 uncensored The Rat Bastards.torrent","[URL=http://pimpandhost.com/image/39445149-original.html][IMG]http://ist3-1.filesor.com/pimpandhost.com/1/_/_/_/1/2/F/v/u/2Fvu5/0025_jav_japanese_av_xxx_video_7_s.jpg[/IMG][/URL]<BR><BR>[b]JAV, Japanese AV, Japanese Adult Videos, Japanese XXX, [/b]<BR>0025_ Japan Teen Creampie 13 uncensored The Rat Bastards.torrent kaname.aono.495<BR><BR>[b]0025_jav_japanese_av_xxx_video_7[/b]<BR>MPEG-4 | Size: 1.38 GiB | Duration: 1h 0mn | 1920x1080<BR><BR>[b]~> Download video from KEEP2SHARE <~<BR>[url=http://k2s.cc/file/1f7f59201d0b2/0025_jav_japanese_av_xxx_video_7.mov]0025_jav_japanese_av_xxx_video_7.mov[/url][/b]<BR><BR> ","1345","2086","3611","1384"
" Japan Teen Creampie 13 uncensored The Rat Bastards.torrent","[URL=http://pimpandhost.com/image/39445154-original.html][IMG]http://ist3-2.filesor.com/pimpandhost.com/1/_/_/_/1/2/F/v/u/2Fvua/0026_jav_japanese_av_xxx_video_6_s.jpg[/IMG][/URL]<BR><BR>[b]JAV, Japanese AV, Japanese Adult Videos, Japanese XXX, [/b]<BR>0026_ Japan Teen Creampie 13 uncensored The Rat Bastards.torrent kumi.tokunaga.495<BR><BR>[b]0026_jav_japanese_av_xxx_video_6[/b]<BR>MPEG-4 | Size: 1.41 GiB | Duration: 1h 1mn | 1920x1080<BR><BR>[b]~> Download video from KEEP2SHARE <~<BR>[url=http://k2s.cc/file/8dded3ab6a161/0026_jav_japanese_av_xxx_video_6.mov]0026_jav_japanese_av_xxx_video_6.mov[/url][/b]<BR><BR> ","1384","1871","3613","1366"
" Japan Teen Creampie 13 uncensored The Rat Bastards.torrent","[URL=http://pimpandhost.com/image/39445156-original.html][IMG]http://ist3-2.filesor.com/pimpandhost.com/1/_/_/_/1/2/F/v/u/2Fvuc/0027_jav_japanese_av_xxx_video_5_s.jpg[/IMG][/URL]<BR><BR>[b]JAV, Japanese AV, Japanese Adult Videos, Japanese XXX, [/b]<BR>0027_ Japan Teen Creampie 13 uncensored The Rat Bastards.torrent mako.sakurai.495<BR><BR>[b]0027_jav_japanese_av_xxx_video_5[/b]<BR>MPEG-4 | Size: 1.40 GiB | Duration: 1h 1mn | 1920x1080<BR><BR>[b]~> Download video from KEEP2SHARE <~<BR>[url=http://k2s.cc/file/fc1241d44548a/0027_jav_japanese_av_xxx_video_5.mov]0027_jav_japanese_av_xxx_video_5.mov[/url][/b]<BR><BR> ","1347","2398","3549","1359"
" Japan Teen Creampie 13 uncensored The Rat Bastards.torrent","[URL=http://pimpandhost.com/image/39445157-original.html][IMG]http://ist3-2.filesor.com/pimpandhost.com/1/_/_/_/1/2/F/v/u/2Fvud/0028_jav_japanese_av_xxx_video_4_s.jpg[/IMG][/URL]<BR><BR>[b]JAV, Japanese AV, Japanese Adult Videos, Japanese XXX, [/b]<BR>0028_ Japan Teen Creampie 13 uncensored The Rat Bastards.torrent ria.aoyama.495<BR><BR>[b]0028_jav_japanese_av_xxx_video_4[/b]<BR>MPEG-4 | Size: 1.39 GiB | Duration: 1h 1mn | 1920x1080<BR><BR>[b]~> Download video from KEEP2SHARE <~<BR>[url=http://k2s.cc/file/6ed7eb8623cf5/0028_jav_japanese_av_xxx_video_4.mov]0028_jav_japanese_av_xxx_video_4.mov[/url][/b]<BR><BR> ","1341","1659","3653","1367"
" Japan Teen Creampie 15 uncensored The Rat Bastards.torrent","[URL=http://pimpandhost.com/image/39445159-original.html][IMG]http://ist3-1.filesor.com/pimpandhost.com/1/_/_/_/1/2/F/v/u/2Fvuf/0029_jav_japanese_av_xxx_video_3_s.jpg[/IMG][/URL]<BR><BR>[b]JAV, Japanese AV, Japanese Adult Videos, Japanese XXX, [/b]<BR>0029_ Japan Teen Creampie 15 uncensored The Rat Bastards.torrent megumi.morishima.545<BR><BR>[b]0029_jav_japanese_av_xxx_video_3[/b]<BR>MPEG-4 | Size: 1.09 GiB | Duration: 47mn 30s | 1920x1080<BR><BR>[b]~> Download video from KEEP2SHARE <~<BR>[url=http://k2s.cc/file/616a2657a74e2/0029_jav_japanese_av_xxx_video_3.mov]0029_jav_japanese_av_xxx_video_3.mov[/url][/b]<BR><BR> ","1376","2358","3634","1334"
" Japan Teen Creampie 15 uncensored The Rat Bastards.torrent","[URL=http://pimpandhost.com/image/39445161-original.html][IMG]http://ist3-1.filesor.com/pimpandhost.com/1/_/_/_/1/2/F/v/u/2Fvuh/0030_jav_japanese_av_xxx_video_4_s.jpg[/IMG][/URL]<BR><BR>[b]JAV, Japanese AV, Japanese Adult Videos, Japanese XXX, [/b]<BR>0030_ Japan Teen Creampie 15 uncensored The Rat Bastards.torrent mika.sakamoto.545<BR><BR>[b]0030_jav_japanese_av_xxx_video_4[/b]<BR>MPEG-4 | Size: 958 MiB | Duration: 40mn 51s | 1920x1080<BR><BR>[b]~> Download video from KEEP2SHARE <~<BR>[url=http://k2s.cc/file/aeae0b228679f/0030_jav_japanese_av_xxx_video_4.mov]0030_jav_japanese_av_xxx_video_4.mov[/url][/b]<BR><BR> ","1369","1871","3687","1330"
" Japan Teen Creampie 15 uncensored The Rat Bastards.torrent","[URL=http://pimpandhost.com/image/39445162-original.html][IMG]http://ist3-1.filesor.com/pimpandhost.com/1/_/_/_/1/2/F/v/u/2Fvui/0031_jav_japanese_av_xxx_video_5_s.jpg[/IMG][/URL]<BR><BR>[b]JAV, Japanese AV, Japanese Adult Videos, Japanese XXX, [/b]<BR>0031_ Japan Teen Creampie 15 uncensored The Rat Bastards.torrent misao.hamaguchi.545<BR><BR>[b]0031_jav_japanese_av_xxx_video_5[/b]<BR>MPEG-4 | Size: 1.25 GiB | Duration: 54mn 58s | 1920x1080<BR><BR>[b]~> Download video from KEEP2SHARE <~<BR>[url=http://k2s.cc/file/5b088c2c8f516/0031_jav_japanese_av_xxx_video_5.mov]0031_jav_japanese_av_xxx_video_5.mov[/url][/b]<BR><BR> ","1315","1739","3510","1309"
" Japan Teen Creampie 15 uncensored The Rat Bastards.torrent","[URL=http://pimpandhost.com/image/39445163-original.html][IMG]http://ist3-1.filesor.com/pimpandhost.com/1/_/_/_/1/2/F/v/u/2Fvuj/0032_jav_japanese_av_xxx_video_6_s.jpg[/IMG][/URL]<BR><BR>[b]JAV, Japanese AV, Japanese Adult Videos, Japanese XXX, [/b]<BR>0032_ Japan Teen Creampie 15 uncensored The Rat Bastards.torrent yukari.tsuda.545<BR><BR>[b]0032_jav_japanese_av_xxx_video_6[/b]<BR>MPEG-4 | Size: 1.25 GiB | Duration: 54mn 53s | 1920x1080<BR><BR>[b]~> Download video from KEEP2SHARE <~<BR>[url=http://k2s.cc/file/5269dd820e309/0032_jav_japanese_av_xxx_video_6.mov]0032_jav_japanese_av_xxx_video_6.mov[/url][/b]<BR><BR> ","1326","1512","3518","1371"
" Japan Teen Innocence 12 uncensored The Rat Bastards.torren","[URL=http://pimpandhost.com/image/39445164-original.html][IMG]http://ist3-2.filesor.com/pimpandhost.com/1/_/_/_/1/2/F/v/u/2Fvuk/0033_jav_japanese_av_xxx_video_7_s.jpg[/IMG][/URL]<BR><BR>[b]JAV, Japanese AV, Japanese Adult Videos, Japanese XXX, [/b]<BR>0033_ Japan Teen Innocence 12 uncensored The Rat Bastards.torrent aya.takemura.545<BR><BR>[b]0033_jav_japanese_av_xxx_video_7[/b]<BR>MPEG-4 | Size: 1.01 GiB | Duration: 43mn 45s | 1920x1080<BR><BR>[b]~> Download video from KEEP2SHARE <~<BR>[url=http://k2s.cc/file/eb7132f23a0f0/0033_jav_japanese_av_xxx_video_7.mov]0033_jav_japanese_av_xxx_video_7.mov[/url][/b]<BR><BR> ","1367","2084","3609","1350"
" Japan Teen Innocence 12 uncensored The Rat Bastards.torren","[URL=http://pimpandhost.com/image/39445165-original.html][IMG]http://ist3-2.filesor.com/pimpandhost.com/1/_/_/_/1/2/F/v/u/2Fvul/0034_jav_japanese_av_xxx_video_8_s.jpg[/IMG][/URL]<BR><BR>[b]JAV, Japanese AV, Japanese Adult Videos, Japanese XXX, [/b]<BR>0034_ Japan Teen Innocence 12 uncensored The Rat Bastards.torrent ayame.yashiro.545<BR><BR>[b]0034_jav_japanese_av_xxx_video_8[/b]<BR>MPEG-4 | Size: 1.25 GiB | Duration: 54mn 46s | 1920x1080<BR><BR>[b]~> Download video from KEEP2SHARE <~<BR>[url=http://k2s.cc/file/3edb9c78047c1/0034_jav_japanese_av_xxx_video_8.mov]0034_jav_japanese_av_xxx_video_8.mov[/url][/b]<BR><BR> ","1306","1598","3532","1353"
" Japan Teen Innocence 12 uncensored The Rat Bastards.torren","[URL=http://pimpandhost.com/image/39445166-original.html][IMG]http://ist3-2.filesor.com/pimpandhost.com/1/_/_/_/1/2/F/v/u/2Fvum/0035_jav_japanese_av_xxx_video_9_s.jpg[/IMG][/URL]<BR><BR>[b]JAV, Japanese AV, Japanese Adult Videos, Japanese XXX, [/b]<BR>0035_ Japan Teen Innocence 12 uncensored The Rat Bastards.torrent yayoi.awano.545<BR><BR>[b]0035_jav_japanese_av_xxx_video_9[/b]<BR>MPEG-4 | Size: 1.59 GiB | Duration: 1h 9mn | 1920x1080<BR><BR>[b]~> Download video from KEEP2SHARE <~<BR>[url=http://k2s.cc/file/cfa1ba5b78b76/0035_jav_japanese_av_xxx_video_9.mov]0035_jav_japanese_av_xxx_video_9.mov[/url][/b]<BR><BR> ","1310","1866","3523","1352"
" Japan Teen Innocence 12 uncensored The Rat Bastards.torren","[URL=http://pimpandhost.com/image/39445167-original.html][IMG]http://ist3-2.filesor.com/pimpandhost.com/1/_/_/_/1/2/F/v/u/2Fvun/0036_jav_japanese_av_xxx_video_0_s.jpg[/IMG][/URL]<BR><BR>[b]JAV, Japanese AV, Japanese Adult Videos, Japanese XXX, [/b]<BR>0036_ Japan Teen Innocence 12 uncensored The Rat Bastards.torrent yui.amemiya.546<BR><BR>[b]0036_jav_japanese_av_xxx_video_0[/b]<BR>MPEG-4 | Size: 1.26 GiB | Duration: 55mn 33s | 1920x1080<BR><BR>[b]~> Download video from KEEP2SHARE <~<BR>[url=http://k2s.cc/file/387651296a59c/0036_jav_japanese_av_xxx_video_0.mov]0036_jav_japanese_av_xxx_video_0.mov[/url][/b]<BR><BR> ","1358","2293","3538","1334"
" JavXXX AV 21825 2014 12 26 F Cup First Shot Ayano 18 Uncen","[URL=http://pimpandhost.com/image/39445171-original.html][IMG]http://ist3-1.filesor.com/pimpandhost.com/1/_/_/_/1/2/F/v/u/2Fvur/0037_jav_japanese_av_xxx_video_p_s.jpg[/IMG][/URL]<BR><BR>[b]JAV, Japanese AV, Japanese Adult Videos, Japanese XXX, [/b]<BR>0037_ JavXXX AV 21825 2014 12 26 F Cup First Shot Ayano 18 Uncensoredwmv1280x720.torrent Uncensored XXX AV – 21825 – Ayano HD 720<BR><BR>[b]0037_jav_japanese_av_xxx_video_p[/b]<BR>Windows Media | Size: 1.15 GiB | Duration: 51mn 21s | 1280x720<BR><BR>[b]~> Download video from KEEP2SHARE <~<BR>[url=http://k2s.cc/file/7eac9ba3a91f1/0037_jav_japanese_av_xxx_video_p.wmv]0037_jav_japanese_av_xxx_video_p.wmv[/url][/b]<BR><BR> ","1384","2274","3637","1352"
" MDLD 370 Sex With Black Men, Censored Nana 480p.torrent MD","[URL=http://pimpandhost.com/image/39445172-original.html][IMG]http://ist3-2.filesor.com/pimpandhost.com/1/_/_/_/1/2/F/v/u/2Fvus/0038_jav_japanese_av_xxx_video_0_s.jpg[/IMG][/URL]<BR><BR>[b]JAV, Japanese AV, Japanese Adult Videos, Japanese XXX, [/b]<BR>0038_ MDLD 370 Sex With Black Men, Censored Nana 480p.torrent MDLD 37<BR><BR>[b]0038_jav_japanese_av_xxx_video_0[/b]<BR>AVI | Size: 1.37 GiB | Duration: 1h 59mn | 720x480<BR><BR>[b]~> Download video from KEEP2SHARE <~<BR>[url=http://k2s.cc/file/bff76ee2bf7b0/0038_jav_japanese_av_xxx_video_0.avi]0038_jav_japanese_av_xxx_video_0.avi[/url][/b]<BR><BR> ","1327","2057","3666","1342"
" MIAD 513 Julia Both Hands Unavailable.torrent MIAD 513 Bot","[URL=http://pimpandhost.com/image/39445173-original.html][IMG]http://ist3-2.filesor.com/pimpandhost.com/1/_/_/_/1/2/F/v/u/2Fvut/0039_jav_japanese_av_xxx_video_e_s.jpg[/IMG][/URL]<BR><BR>[b]JAV, Japanese AV, Japanese Adult Videos, Japanese XXX, [/b]<BR>0039_ MIAD 513 Julia Both Hands Unavailable.torrent MIAD 513 Both Hands Unavailabl<BR><BR>[b]0039_jav_japanese_av_xxx_video_e[/b]<BR>Windows Media | Size: 2.43 GiB | Duration: 1h 57mn | 800x450<BR><BR>[b]~> Download video from KEEP2SHARE <~<BR>[url=http://k2s.cc/file/a326619481c24/0039_jav_japanese_av_xxx_video_e.wmv]0039_jav_japanese_av_xxx_video_e.wmv[/url][/b]<BR><BR> ","1389","2294","3604","1314"
" MVSD 161 Yuka Osawa and Marika Anal Creampie and Piss Drin","[URL=http://pimpandhost.com/image/39445174-original.html][IMG]http://ist3-2.filesor.com/pimpandhost.com/1/_/_/_/1/2/F/v/u/2Fvuu/0040_jav_japanese_av_xxx_video_a_s.jpg[/IMG][/URL]<BR><BR>[b]JAV, Japanese AV, Japanese Adult Videos, Japanese XXX, [/b]<BR>0040_ MVSD 161 Yuka Osawa and Marika Anal Creampie and Piss Drinking Women 1080p HD.torrent MVSD 161<BR><BR>[b]0040_jav_japanese_av_xxx_video_a[/b]<BR>Windows Media | Size: 3.09 GiB | Duration: 1h 13mn | 1920x1080<BR><BR>[b]~> Download video from KEEP2SHARE <~<BR>[url=http://k2s.cc/file/5229f46bd17b7/0040_jav_japanese_av_xxx_video_a.wmv]0040_jav_japanese_av_xxx_video_a.wmv[/url][/b]<BR><BR> ","1390","2054","3671","1356"
" MVSD 161 Yuka Osawa and Marika Anal Creampie and Piss Drin","[URL=http://pimpandhost.com/image/39445175-original.html][IMG]http://ist3-1.filesor.com/pimpandhost.com/1/_/_/_/1/2/F/v/u/2Fvuv/0041_jav_japanese_av_xxx_video_b_s.jpg[/IMG][/URL]<BR><BR>[b]JAV, Japanese AV, Japanese Adult Videos, Japanese XXX, [/b]<BR>0041_ MVSD 161 Yuka Osawa and Marika Anal Creampie and Piss Drinking Women 1080p HD.torrent MVSD 161<BR><BR>[b]0041_jav_japanese_av_xxx_video_b[/b]<BR>Windows Media | Size: 3.25 GiB | Duration: 1h 17mn | 1920x1080<BR><BR>[b]~> Download video from KEEP2SHARE <~<BR>[url=http://k2s.cc/file/52e62d2af7ff2/0041_jav_japanese_av_xxx_video_b.wmv]0041_jav_japanese_av_xxx_video_b.wmv[/url][/b]<BR><BR> ","1326","1855","3511","1332"
" PSB 006 Milky Prin 2006.05.19 Minami Ogura Condensed Milky","[URL=http://pimpandhost.com/image/39445176-original.html][IMG]http://ist3-1.filesor.com/pimpandhost.com/1/_/_/_/1/2/F/v/u/2Fvuw/0042_jav_japanese_av_xxx_video_n_s.jpg[/IMG][/URL]<BR><BR>[b]JAV, Japanese AV, Japanese Adult Videos, Japanese XXX, [/b]<BR>0042_ PSB 006 Milky Prin 2006.05.19 Minami Ogura Condensed Milky Physical Education Compilation JAVCensored480p.torrent PSB 006 Milky Prin 2006.05.19 Minami Ogura Condensed Milky Physical Education Compilatio<BR><BR>[b]0042_jav_japanese_av_xxx_video_n[/b]<BR>Windows Media | Size: 1.52 GiB | Duration: 2h 20mn | 640x480<BR><BR>[b]~> Download video from KEEP2SHARE <~<BR>[url=http://k2s.cc/file/11f4cb2a74429/0042_jav_japanese_av_xxx_video_n.wmv]0042_jav_japanese_av_xxx_video_n.wmv[/url][/b]<BR><BR> ","1350","1697","3672","1361"
" Req HBAD 263 Rape Gangbang Landlady School Iron Lady Humil","[URL=http://pimpandhost.com/image/39445179-original.html][IMG]http://ist3-1.filesor.com/pimpandhost.com/1/_/_/_/1/2/F/v/u/2Fvuz/0043_jav_japanese_av_xxx_video_3_s.jpg[/IMG][/URL]<BR><BR>[b]JAV, Japanese AV, Japanese Adult Videos, Japanese XXX, [/b]<BR>0043_ Req HBAD 263 Rape Gangbang Landlady School Iron Lady Humiliation.torrent HBAD 26<BR><BR>[b]0043_jav_japanese_av_xxx_video_3[/b]<BR>AVI | Size: 782 MiB | Duration: 2h 1mn | 856x480<BR><BR>[b]~> Download video from KEEP2SHARE <~<BR>[url=http://k2s.cc/file/a771407628410/0043_jav_japanese_av_xxx_video_3.avi]0043_jav_japanese_av_xxx_video_3.avi[/url][/b]<BR><BR> ","1363","2380","3526","1321"
" RubATeen 2012 10 13 Slevie Cant Fool Us 360pMP40.8Mbps.tor","[URL=http://pimpandhost.com/image/39445180-original.html][IMG]http://ist3-1.filesor.com/pimpandhost.com/1/_/_/_/1/2/F/v/u/2FvuA/0044_jav_japanese_av_xxx_video_w_s.jpg[/IMG][/URL]<BR><BR>[b]JAV, Japanese AV, Japanese Adult Videos, Japanese XXX, [/b]<BR>0044_ RubATeen 2012 10 13 Slevie Cant Fool Us 360pMP40.8Mbps.torrent rubateen slevie full lo<BR><BR>[b]0044_jav_japanese_av_xxx_video_w[/b]<BR>MPEG-4 | Size: 147 MiB | Duration: 24mn 36s | 640x360<BR><BR>[b]~> Download video from KEEP2SHARE <~<BR>[url=http://k2s.cc/file/aa677eb16b8ab/0044_jav_japanese_av_xxx_video_w.mp4]0044_jav_japanese_av_xxx_video_w.mp4[/url][/b]<BR><BR> ","1386","1788","3610","1369"
" RubATeen 2012 10 13 Slevie Cant Fool Us 720pMP42.5Mbps.tor","[URL=http://pimpandhost.com/image/39445181-original.html][IMG]http://ist3-1.filesor.com/pimpandhost.com/1/_/_/_/1/2/F/v/u/2FvuB/0045_jav_japanese_av_xxx_video_i_s.jpg[/IMG][/URL]<BR><BR>[b]JAV, Japanese AV, Japanese Adult Videos, Japanese XXX, [/b]<BR>0045_ RubATeen 2012 10 13 Slevie Cant Fool Us 720pMP42.5Mbps.torrent rubateen slevie full h<BR><BR>[b]0045_jav_japanese_av_xxx_video_i[/b]<BR>MPEG-4 | Size: 464 MiB | Duration: 24mn 36s | 1280x720<BR><BR>[b]~> Download video from KEEP2SHARE <~<BR>[url=http://k2s.cc/file/679fa536f62e7/0045_jav_japanese_av_xxx_video_i.mp4]0045_jav_japanese_av_xxx_video_i.mp4[/url][/b]<BR><BR> ","1318","1712","3543","1345"
" RubATeen 2012 10 13 Slevie Cant Fool Us 720pMP45Mbps.torre","[URL=http://pimpandhost.com/image/39445182-original.html][IMG]http://ist3-2.filesor.com/pimpandhost.com/1/_/_/_/1/2/F/v/u/2FvuC/0046_jav_japanese_av_xxx_video_d_s.jpg[/IMG][/URL]<BR><BR>[b]JAV, Japanese AV, Japanese Adult Videos, Japanese XXX, [/b]<BR>0046_ RubATeen 2012 10 13 Slevie Cant Fool Us 720pMP45Mbps.torrent rubateen slevie full hi 720h<BR><BR>[b]0046_jav_japanese_av_xxx_video_d[/b]<BR>MPEG-4 | Size: 904 MiB | Duration: 24mn 36s | 1280x720<BR><BR>[b]~> Download video from KEEP2SHARE <~<BR>[url=http://k2s.cc/file/1840c9ea59d9e/0046_jav_japanese_av_xxx_video_d.mp4]0046_jav_japanese_av_xxx_video_d.mp4[/url][/b]<BR><BR> ","1386","1541","3676","1374"
" RubATeen 2012 11 10 Jade Down To Fuck 360pMP40.8Mbps.torre","[URL=http://pimpandhost.com/image/39445183-original.html][IMG]http://ist3-2.filesor.com/pimpandhost.com/1/_/_/_/1/2/F/v/u/2FvuD/0047_jav_japanese_av_xxx_video_w_s.jpg[/IMG][/URL]<BR><BR>[b]JAV, Japanese AV, Japanese Adult Videos, Japanese XXX, [/b]<BR>0047_ RubATeen 2012 11 10 Jade Down To Fuck 360pMP40.8Mbps.torrent rubateen jade full lo<BR><BR>[b]0047_jav_japanese_av_xxx_video_w[/b]<BR>MPEG-4 | Size: 157 MiB | Duration: 26mn 17s | 640x360<BR><BR>[b]~> Download video from KEEP2SHARE <~<BR>[url=http://k2s.cc/file/fc8972be3e1a4/0047_jav_japanese_av_xxx_video_w.mp4]0047_jav_japanese_av_xxx_video_w.mp4[/url][/b]<BR><BR> ","1393","1860","3677","1383"
" RubATeen 2012 11 10 Jade Down To Fuck 720pMP42.5Mbps.torre","[URL=http://pimpandhost.com/image/39445184-original.html][IMG]http://ist3-1.filesor.com/pimpandhost.com/1/_/_/_/1/2/F/v/u/2FvuE/0048_jav_japanese_av_xxx_video_i_s.jpg[/IMG][/URL]<BR><BR>[b]JAV, Japanese AV, Japanese Adult Videos, Japanese XXX, [/b]<BR>0048_ RubATeen 2012 11 10 Jade Down To Fuck 720pMP42.5Mbps.torrent rubateen jade full h<BR><BR>[b]0048_jav_japanese_av_xxx_video_i[/b]<BR>MPEG-4 | Size: 496 MiB | Duration: 26mn 17s | 1280x720<BR><BR>[b]~> Download video from KEEP2SHARE <~<BR>[url=http://k2s.cc/file/ef561a0adc0f1/0048_jav_japanese_av_xxx_video_i.mp4]0048_jav_japanese_av_xxx_video_i.mp4[/url][/b]<BR><BR> ","1301","2161","3577","1328"
" RubATeen 2012 11 10 Jade Down To Fuck 720pMP45Mbps.torrent","[URL=http://pimpandhost.com/image/39445185-original.html][IMG]http://ist3-2.filesor.com/pimpandhost.com/1/_/_/_/1/2/F/v/u/2FvuF/0049_jav_japanese_av_xxx_video_d_s.jpg[/IMG][/URL]<BR><BR>[b]JAV, Japanese AV, Japanese Adult Videos, Japanese XXX, [/b]<BR>0049_ RubATeen 2012 11 10 Jade Down To Fuck 720pMP45Mbps.torrent rubateen jade full hi 720h<BR><BR>[b]0049_jav_japanese_av_xxx_video_d[/b]<BR>MPEG-4 | Size: 966 MiB | Duration: 26mn 17s | 1280x720<BR><BR>[b]~> Download video from KEEP2SHARE <~<BR>[url=http://k2s.cc/file/173a621508770/0049_jav_japanese_av_xxx_video_d.mp4]0049_jav_japanese_av_xxx_video_d.mp4[/url][/b]<BR><BR> ","1312","1899","3622","1363"
" SMTV 020 Maki Sakurai Tsurutsurupu to the Puni pie Purunpu","[URL=http://pimpandhost.com/image/39445186-original.html][IMG]http://ist3-2.filesor.com/pimpandhost.com/1/_/_/_/1/2/F/v/u/2FvuG/0050_jav_japanese_av_xxx_video_n_s.jpg[/IMG][/URL]<BR><BR>[b]JAV, Japanese AV, Japanese Adult Videos, Japanese XXX, [/b]<BR>0050_ SMTV 020 Maki Sakurai Tsurutsurupu to the Puni pie Purunpurun.torrent SMTV 020 Maki Sakurai Tsurutsurupu to the Puni pie Purunpuru<BR><BR>[b]0050_jav_japanese_av_xxx_video_n[/b]<BR>AVI | Size: 1.28 GiB | Duration: 1h 32mn | 704x396<BR><BR>[b]~> Download video from KEEP2SHARE <~<BR>[url=http://k2s.cc/file/88f45c516715e/0050_jav_japanese_av_xxx_video_n.avi]0050_jav_japanese_av_xxx_video_n.avi[/url][/b]<BR><BR> ","1366","1920","3549","1329"
" Tokyo Hot Sperm Shooting Camera CUMpilation.torrent Tokyo.","[URL=http://pimpandhost.com/image/39445189-original.html][IMG]http://ist3-2.filesor.com/pimpandhost.com/1/_/_/_/1/2/F/v/u/2FvuJ/0053_jav_japanese_av_xxx_video_a_s.jpg[/IMG][/URL]<BR><BR>[b]JAV, Japanese AV, Japanese Adult Videos, Japanese XXX, [/b]<BR>0053_ Tokyo Hot Sperm Shooting Camera CUMpilation.torrent Tokyo.Hot.Sperm.Shooting.Camer<BR><BR>[b]0052_jav_japanese_av_xxx_video_5[/b]<BR> | Size: 332 Bytes | Duration:  |[b]0053_jav_japanese_av_xxx_video_a[/b]<BR>MPEG-4 | Size: 635 MiB | Duration: 47mn 21s | 1280x720<BR><BR>[b]~> Download video from KEEP2SHARE <~<BR>[url=http://k2s.cc/file/ff159afd2cf76/0053_jav_japanese_av_xxx_video_a.mp4]0053_jav_japanese_av_xxx_video_a.mp4[/url][/b]<BR><BR> ","1344","1836","3599","1330"
" ZEX 004 Elly Akiraand 39s Wonderland Camp Her First Fan Ap","[URL=http://pimpandhost.com/image/39445190-original.html][IMG]http://ist3-1.filesor.com/pimpandhost.com/1/_/_/_/1/2/F/v/u/2FvuK/0054_jav_japanese_av_xxx_video_4_s.jpg[/IMG][/URL]<BR><BR>[b]JAV, Japanese AV, Japanese Adult Videos, Japanese XXX, [/b]<BR>0054_ ZEX 004 Elly Akiraand 39s Wonderland Camp Her First Fan Appreciation Filming 480p.torrent ZEX 00<BR><BR>[b]0054_jav_japanese_av_xxx_video_4[/b]<BR>AVI | Size: 1.86 GiB | Duration: 3h 59mn | 854x480<BR><BR>[b]~> Download video from KEEP2SHARE <~<BR>[url=http://k2s.cc/file/eb420c4e3c847/0054_jav_japanese_av_xxx_video_4.avi]0054_jav_japanese_av_xxx_video_4.avi[/url][/b]<BR><BR> ","1370","1543","3700","1388"
