"","[URL=http://pimpandhost.com/image/55317745-original.html][IMG]http://ist3-1.filesor.com/pimpandhost.com/1/_/_/_/1/3/K/6/F/3K6FH/0001_bdsm_sex_xxx_video_1_s.jpg[/IMG][/URL]<BR><BR>[b]BDSMs sex, bondage, pain, forced orgasm, submission, sex slave, humiliation, rough sex, [/b]<BR>0001_<BR><BR>[b]0001_bdsm_sex_xxx_video_1[/b]<BR>MPEG-4 | Size: 454 MiB | Duration: 22mn 58s | 1920x1080<BR><BR>[b]~> Download video from KEEP2SHARE <~<BR>[url=http://k2s.cc/file/ec4bdfb292b1a/0001_bdsm_sex_xxx_video_1.mp4]0001_bdsm_sex_xxx_video_1.mp4[/url][/b]<BR><BR>More screenshots:<BR>[URL=http://pimpandhost.com/image/55317777-medium.html][IMG]http://ist3-2.filesor.com/pimpandhost.com/1/_/_/_/1/3/K/6/G/3K6Gd/0001_bdsm_sex_xxx_video_1_s_0.jpg[/IMG][/URL]<BR><BR><BR>","1386","1878","3518","1382"
"","[URL=http://pimpandhost.com/image/55317746-original.html][IMG]http://ist3-1.filesor.com/pimpandhost.com/1/_/_/_/1/3/K/6/F/3K6FI/0002_bdsm_sex_xxx_video_7_s.jpg[/IMG][/URL]<BR><BR>[b]BDSMs sex, bondage, pain, forced orgasm, submission, sex slave, humiliation, rough sex, [/b]<BR><BR><BR>[b]0002_bdsm_sex_xxx_video_7[/b]<BR>Windows Media | Size: 177 MiB | Duration: 4mn 34s | 1280x720<BR><BR>[b]~> Download video from KEEP2SHARE <~<BR>[url=http://k2s.cc/file/d7b63bef3997b/0002_bdsm_sex_xxx_video_7.wmv]0002_bdsm_sex_xxx_video_7.wmv[/url][/b]<BR><BR>More screenshots:<BR>[URL=http://pimpandhost.com/image/55317782-medium.html][IMG]http://ist3-1.filesor.com/pimpandhost.com/1/_/_/_/1/3/K/6/G/3K6Gi/0002_bdsm_sex_xxx_video_7_s_0.jpg[/IMG][/URL]<BR><BR><BR>","1384","1581","3573","1349"
"","[URL=http://pimpandhost.com/image/55317748-original.html][IMG]http://ist3-2.filesor.com/pimpandhost.com/1/_/_/_/1/3/K/6/F/3K6FK/0003_bdsm_sex_xxx_video_0_s.jpg[/IMG][/URL]<BR><BR>[b]BDSMs sex, bondage, pain, forced orgasm, submission, sex slave, humiliation, rough sex, [/b]<BR><BR><BR>[b]0003_bdsm_sex_xxx_video_0[/b]<BR>MPEG-4 | Size: 892 MiB | Duration: 42mn 29s | 1280x720<BR><BR>[b]~> Download video from KEEP2SHARE <~<BR>[url=http://k2s.cc/file/c99c9f662fa62/0003_bdsm_sex_xxx_video_0.mp4.part1.rar]0003_bdsm_sex_xxx_video_0.mp4.part1.rar[/url]<BR>[url=http://k2s.cc/file/76169144ff62f/0003_bdsm_sex_xxx_video_0.mp4.part2.rar]0003_bdsm_sex_xxx_video_0.mp4.part2.rar[/url][/b]<BR><BR>More screenshots:<BR>[URL=http://pimpandhost.com/image/55317786-medium.html][IMG]http://ist3-1.filesor.com/pimpandhost.com/1/_/_/_/1/3/K/6/G/3K6Gm/0003_bdsm_sex_xxx_video_0_s_0.jpg[/IMG][/URL]<BR><BR><BR>","1364","1774","3570","1313"
"","[URL=http://pimpandhost.com/image/55317750-original.html][IMG]http://ist3-1.filesor.com/pimpandhost.com/1/_/_/_/1/3/K/6/F/3K6FM/0004_bdsm_sex_xxx_video_0_s.jpg[/IMG][/URL]<BR><BR>[b]BDSMs sex, bondage, pain, forced orgasm, submission, sex slave, humiliation, rough sex, [/b]<BR><BR><BR>[b]0004_bdsm_sex_xxx_video_0[/b]<BR>MPEG-4 | Size: 696 MiB | Duration: 44mn 55s | 960x540<BR><BR>[b]~> Download video from KEEP2SHARE <~<BR>[url=http://k2s.cc/file/d225c92bf1ce3/0004_bdsm_sex_xxx_video_0.mp4.part1.rar]0004_bdsm_sex_xxx_video_0.mp4.part1.rar[/url]<BR>[url=http://k2s.cc/file/a1a0d62163865/0004_bdsm_sex_xxx_video_0.mp4.part2.rar]0004_bdsm_sex_xxx_video_0.mp4.part2.rar[/url][/b]<BR><BR>More screenshots:<BR>[URL=http://pimpandhost.com/image/55317790-medium.html][IMG]http://ist3-1.filesor.com/pimpandhost.com/1/_/_/_/1/3/K/6/G/3K6Gq/0004_bdsm_sex_xxx_video_0_s_0.jpg[/IMG][/URL]<BR><BR><BR>","1306","2283","3626","1327"
"","[URL=http://pimpandhost.com/image/55317756-original.html][IMG]http://ist3-1.filesor.com/pimpandhost.com/1/_/_/_/1/3/K/6/F/3K6FS/0005_bdsm_sex_xxx_video_0_s.jpg[/IMG][/URL]<BR><BR>[b]BDSMs sex, bondage, pain, forced orgasm, submission, sex slave, humiliation, rough sex, [/b]<BR><BR><BR>[b]0005_bdsm_sex_xxx_video_0[/b]<BR>MPEG-4 | Size: 561 MiB | Duration: 49mn 28s | 960x540<BR><BR>[b]~> Download video from KEEP2SHARE <~<BR>[url=http://k2s.cc/file/d5bde425bd09c/0005_bdsm_sex_xxx_video_0.mp4.part1.rar]0005_bdsm_sex_xxx_video_0.mp4.part1.rar[/url]<BR>[url=http://k2s.cc/file/5076f7fab2ee3/0005_bdsm_sex_xxx_video_0.mp4.part2.rar]0005_bdsm_sex_xxx_video_0.mp4.part2.rar[/url][/b]<BR><BR>More screenshots:<BR>[URL=http://pimpandhost.com/image/55317793-medium.html][IMG]http://ist3-2.filesor.com/pimpandhost.com/1/_/_/_/1/3/K/6/G/3K6Gt/0005_bdsm_sex_xxx_video_0_s_0.jpg[/IMG][/URL]<BR><BR><BR>","1352","1878","3694","1313"
"","[URL=http://pimpandhost.com/image/55317757-original.html][IMG]http://ist3-1.filesor.com/pimpandhost.com/1/_/_/_/1/3/K/6/F/3K6FT/0006_bdsm_sex_xxx_video_1_s.jpg[/IMG][/URL]<BR><BR>[b]BDSMs sex, bondage, pain, forced orgasm, submission, sex slave, humiliation, rough sex, [/b]<BR><BR><BR>[b]0006_bdsm_sex_xxx_video_1[/b]<BR>MPEG-4 | Size: 182 MiB | Duration: 16mn 55s | 1280x720<BR><BR>[b]~> Download video from KEEP2SHARE <~<BR>[url=http://k2s.cc/file/46dc54c42091c/0006_bdsm_sex_xxx_video_1.mp4]0006_bdsm_sex_xxx_video_1.mp4[/url][/b]<BR><BR>More screenshots:<BR>[URL=http://pimpandhost.com/image/55317798-medium.html][IMG]http://ist3-2.filesor.com/pimpandhost.com/1/_/_/_/1/3/K/6/G/3K6Gy/0006_bdsm_sex_xxx_video_1_s_0.jpg[/IMG][/URL]<BR><BR><BR>","1357","2157","3528","1329"
"","[URL=http://pimpandhost.com/image/55317759-original.html][IMG]http://ist3-1.filesor.com/pimpandhost.com/1/_/_/_/1/3/K/6/F/3K6FV/0007_bdsm_sex_xxx_video_1_s.jpg[/IMG][/URL]<BR><BR>[b]BDSMs sex, bondage, pain, forced orgasm, submission, sex slave, humiliation, rough sex, [/b]<BR><BR><BR>[b]0007_bdsm_sex_xxx_video_1[/b]<BR>MPEG-4 | Size: 146 MiB | Duration: 13mn 36s | 1280x720<BR><BR>[b]~> Download video from KEEP2SHARE <~<BR>[url=http://k2s.cc/file/d7e65bdf2615f/0007_bdsm_sex_xxx_video_1.mp4]0007_bdsm_sex_xxx_video_1.mp4[/url][/b]<BR><BR>More screenshots:<BR>[URL=http://pimpandhost.com/image/55317805-medium.html][IMG]http://ist3-1.filesor.com/pimpandhost.com/1/_/_/_/1/3/K/6/G/3K6GF/0007_bdsm_sex_xxx_video_1_s_0.jpg[/IMG][/URL]<BR><BR><BR>","1357","2072","3642","1339"
"","[URL=http://pimpandhost.com/image/55317761-original.html][IMG]http://ist3-2.filesor.com/pimpandhost.com/1/_/_/_/1/3/K/6/F/3K6FX/0008_bdsm_sex_xxx_video_1_s.jpg[/IMG][/URL]<BR><BR>[b]BDSMs sex, bondage, pain, forced orgasm, submission, sex slave, humiliation, rough sex, [/b]<BR><BR><BR>[b]0008_bdsm_sex_xxx_video_1[/b]<BR>MPEG-4 | Size: 145 MiB | Duration: 13mn 27s | 1280x720<BR><BR>[b]~> Download video from KEEP2SHARE <~<BR>[url=http://k2s.cc/file/9f0c5c2378ba0/0008_bdsm_sex_xxx_video_1.mp4]0008_bdsm_sex_xxx_video_1.mp4[/url][/b]<BR><BR>More screenshots:<BR>[URL=http://pimpandhost.com/image/55317813-medium.html][IMG]http://ist3-1.filesor.com/pimpandhost.com/1/_/_/_/1/3/K/6/G/3K6GN/0008_bdsm_sex_xxx_video_1_s_0.jpg[/IMG][/URL]<BR><BR><BR>","1328","1633","3599","1314"
"","[URL=http://pimpandhost.com/image/55317763-original.html][IMG]http://ist3-2.filesor.com/pimpandhost.com/1/_/_/_/1/3/K/6/F/3K6FZ/0009_bdsm_sex_xxx_video_1_s.jpg[/IMG][/URL]<BR><BR>[b]BDSMs sex, bondage, pain, forced orgasm, submission, sex slave, humiliation, rough sex, [/b]<BR><BR><BR>[b]0009_bdsm_sex_xxx_video_1[/b]<BR>MPEG-4 | Size: 185 MiB | Duration: 17mn 14s | 1280x720<BR><BR>[b]~> Download video from KEEP2SHARE <~<BR>[url=http://k2s.cc/file/7e39f5281ba02/0009_bdsm_sex_xxx_video_1.mp4]0009_bdsm_sex_xxx_video_1.mp4[/url][/b]<BR><BR>More screenshots:<BR>[URL=http://pimpandhost.com/image/55317817-medium.html][IMG]http://ist3-1.filesor.com/pimpandhost.com/1/_/_/_/1/3/K/6/G/3K6GR/0009_bdsm_sex_xxx_video_1_s_0.jpg[/IMG][/URL]<BR><BR><BR>","1357","2028","3692","1341"
"","[URL=http://pimpandhost.com/image/55317765-original.html][IMG]http://ist3-1.filesor.com/pimpandhost.com/1/_/_/_/1/3/K/6/G/3K6G1/0010_bdsm_sex_xxx_video_2_s.jpg[/IMG][/URL]<BR><BR>[b]BDSMs sex, bondage, pain, forced orgasm, submission, sex slave, humiliation, rough sex, [/b]<BR><BR><BR>[b]0010_bdsm_sex_xxx_video_2[/b]<BR>Windows Media | Size: 1.18 GiB | Duration: 31mn 16s | 1280x720<BR><BR>[b]~> Download video from KEEP2SHARE <~<BR>[url=http://k2s.cc/file/3826d725965fa/0010_bdsm_sex_xxx_video_2.wmv.part1.rar]0010_bdsm_sex_xxx_video_2.wmv.part1.rar[/url]<BR>[url=http://k2s.cc/file/66f7425f5172c/0010_bdsm_sex_xxx_video_2.wmv.part2.rar]0010_bdsm_sex_xxx_video_2.wmv.part2.rar[/url]<BR>[url=http://k2s.cc/file/a99c631ad7747/0010_bdsm_sex_xxx_video_2.wmv.part3.rar]0010_bdsm_sex_xxx_video_2.wmv.part3.rar[/url][/b]<BR><BR>More screenshots:<BR>[URL=http://pimpandhost.com/image/55317821-medium.html][IMG]http://ist3-1.filesor.com/pimpandhost.com/1/_/_/_/1/3/K/6/G/3K6GV/0010_bdsm_sex_xxx_video_2_s_0.jpg[/IMG][/URL]<BR><BR><BR>","1368","1791","3681","1331"
"","[URL=http://pimpandhost.com/image/55317766-original.html][IMG]http://ist3-2.filesor.com/pimpandhost.com/1/_/_/_/1/3/K/6/G/3K6G2/0011_bdsm_sex_xxx_video_D_s.jpg[/IMG][/URL]<BR><BR>[b]BDSMs sex, bondage, pain, forced orgasm, submission, sex slave, humiliation, rough sex, [/b]<BR><BR><BR>[b]0011_bdsm_sex_xxx_video_D[/b]<BR>MPEG-4 | Size: 1.56 GiB | Duration: 41mn 55s | 1920x1080<BR><BR>[b]~> Download video from KEEP2SHARE <~<BR>[url=http://k2s.cc/file/ad9c69e528a2d/0011_bdsm_sex_xxx_video_D.mp4.part1.rar]0011_bdsm_sex_xxx_video_D.mp4.part1.rar[/url]<BR>[url=http://k2s.cc/file/8736b0406a4d9/0011_bdsm_sex_xxx_video_D.mp4.part2.rar]0011_bdsm_sex_xxx_video_D.mp4.part2.rar[/url]<BR>[url=http://k2s.cc/file/e16050420cd82/0011_bdsm_sex_xxx_video_D.mp4.part3.rar]0011_bdsm_sex_xxx_video_D.mp4.part3.rar[/url]<BR>[url=http://k2s.cc/file/7ef4986543978/0011_bdsm_sex_xxx_video_D.mp4.part4.rar]0011_bdsm_sex_xxx_video_D.mp4.part4.rar[/url][/b]<BR><BR>More screenshots:<BR>[URL=http://pimpandhost.com/image/55317826-medium.html][IMG]http://ist3-1.filesor.com/pimpandhost.com/1/_/_/_/1/3/K/6/H/3K6H0/0011_bdsm_sex_xxx_video_D_s_0.jpg[/IMG][/URL]<BR><BR><BR>","1363","1727","3590","1369"
"","[URL=http://pimpandhost.com/image/55317768-original.html][IMG]http://ist3-1.filesor.com/pimpandhost.com/1/_/_/_/1/3/K/6/G/3K6G4/0012_bdsm_sex_xxx_video_y_s.jpg[/IMG][/URL]<BR><BR>[b]BDSMs sex, bondage, pain, forced orgasm, submission, sex slave, humiliation, rough sex, [/b]<BR><BR><BR>[b]0012_bdsm_sex_xxx_video_y[/b]<BR>Windows Media | Size: 280 MiB | Duration: 6mn 11s | 1280x720<BR><BR>[b]~> Download video from KEEP2SHARE <~<BR>[url=http://k2s.cc/file/ef4081a4f5e60/0012_bdsm_sex_xxx_video_y.wmv]0012_bdsm_sex_xxx_video_y.wmv[/url][/b]<BR><BR>More screenshots:<BR>[URL=http://pimpandhost.com/image/55317841-medium.html][IMG]http://ist3-2.filesor.com/pimpandhost.com/1/_/_/_/1/3/K/6/H/3K6Hf/0012_bdsm_sex_xxx_video_y_s_0.jpg[/IMG][/URL]<BR><BR><BR>","1312","1569","3692","1364"
"","[URL=http://pimpandhost.com/image/55317769-original.html][IMG]http://ist3-2.filesor.com/pimpandhost.com/1/_/_/_/1/3/K/6/G/3K6G5/0013_bdsm_sex_xxx_video_2_s.jpg[/IMG][/URL]<BR><BR>[b]BDSMs sex, bondage, pain, forced orgasm, submission, sex slave, humiliation, rough sex, [/b]<BR><BR><BR>[b]0013_bdsm_sex_xxx_video_2[/b]<BR>MPEG-4 | Size: 589 MiB | Duration: 26mn 23s | 1280x720<BR><BR>[b]~> Download video from KEEP2SHARE <~<BR>[url=http://k2s.cc/file/20d29903762f5/0013_bdsm_sex_xxx_video_2.mp4.part1.rar]0013_bdsm_sex_xxx_video_2.mp4.part1.rar[/url]<BR>[url=http://k2s.cc/file/7e181f9fc3845/0013_bdsm_sex_xxx_video_2.mp4.part2.rar]0013_bdsm_sex_xxx_video_2.mp4.part2.rar[/url][/b]<BR><BR>More screenshots:<BR>[URL=http://pimpandhost.com/image/55317847-medium.html][IMG]http://ist3-2.filesor.com/pimpandhost.com/1/_/_/_/1/3/K/6/H/3K6Hl/0013_bdsm_sex_xxx_video_2_s_0.jpg[/IMG][/URL]<BR><BR><BR>","1350","2336","3654","1306"
"","[URL=http://pimpandhost.com/image/55317770-original.html][IMG]http://ist3-1.filesor.com/pimpandhost.com/1/_/_/_/1/3/K/6/G/3K6G6/0014_bdsm_sex_xxx_video_2_s.jpg[/IMG][/URL]<BR><BR>[b]BDSMs sex, bondage, pain, forced orgasm, submission, sex slave, humiliation, rough sex, [/b]<BR><BR><BR>[b]0014_bdsm_sex_xxx_video_2[/b]<BR>MPEG-4 | Size: 340 MiB | Duration: 15mn 15s | 1280x720<BR><BR>[b]~> Download video from KEEP2SHARE <~<BR>[url=http://k2s.cc/file/2323d55e8b015/0014_bdsm_sex_xxx_video_2.mp4]0014_bdsm_sex_xxx_video_2.mp4[/url][/b]<BR><BR>More screenshots:<BR>[URL=http://pimpandhost.com/image/55317859-medium.html][IMG]http://ist3-2.filesor.com/pimpandhost.com/1/_/_/_/1/3/K/6/H/3K6Hx/0014_bdsm_sex_xxx_video_2_s_0.jpg[/IMG][/URL]<BR><BR><BR>","1366","2323","3571","1323"
"","[URL=http://pimpandhost.com/image/55317772-original.html][IMG]http://ist3-1.filesor.com/pimpandhost.com/1/_/_/_/1/3/K/6/G/3K6G8/0015_bdsm_sex_xxx_video_4_s.jpg[/IMG][/URL]<BR><BR>[b]BDSMs sex, bondage, pain, forced orgasm, submission, sex slave, humiliation, rough sex, [/b]<BR><BR><BR>[b]0015_bdsm_sex_xxx_video_4[/b]<BR>MPEG-4 | Size: 378 MiB | Duration: 17mn 4s | 1280x720<BR><BR>[b]~> Download video from KEEP2SHARE <~<BR>[url=http://k2s.cc/file/71bb76f26936f/0015_bdsm_sex_xxx_video_4.mp4]0015_bdsm_sex_xxx_video_4.mp4[/url][/b]<BR><BR>More screenshots:<BR>[URL=http://pimpandhost.com/image/55317872-medium.html][IMG]http://ist3-1.filesor.com/pimpandhost.com/1/_/_/_/1/3/K/6/H/3K6HK/0015_bdsm_sex_xxx_video_4_s_0.jpg[/IMG][/URL]<BR><BR><BR>","1355","1557","3626","1384"
"","[URL=http://pimpandhost.com/image/55317774-original.html][IMG]http://ist3-2.filesor.com/pimpandhost.com/1/_/_/_/1/3/K/6/G/3K6Ga/0016_bdsm_sex_xxx_video_3_s.jpg[/IMG][/URL]<BR><BR>[b]BDSMs sex, bondage, pain, forced orgasm, submission, sex slave, humiliation, rough sex, [/b]<BR><BR><BR>[b]0016_bdsm_sex_xxx_video_3[/b]<BR>MPEG-4 | Size: 551 MiB | Duration: 24mn 35s | 1280x720<BR><BR>[b]~> Download video from KEEP2SHARE <~<BR>[url=http://k2s.cc/file/187af7e5253fc/0016_bdsm_sex_xxx_video_3.mp4.part1.rar]0016_bdsm_sex_xxx_video_3.mp4.part1.rar[/url]<BR>[url=http://k2s.cc/file/44ae1d2e38a7d/0016_bdsm_sex_xxx_video_3.mp4.part2.rar]0016_bdsm_sex_xxx_video_3.mp4.part2.rar[/url][/b]<BR><BR>More screenshots:<BR>[URL=http://pimpandhost.com/image/55317877-medium.html][IMG]http://ist3-1.filesor.com/pimpandhost.com/1/_/_/_/1/3/K/6/H/3K6HP/0016_bdsm_sex_xxx_video_3_s_0.jpg[/IMG][/URL]<BR><BR><BR>","1321","1609","3696","1378"
"","[URL=http://pimpandhost.com/image/55317775-original.html][IMG]http://ist3-1.filesor.com/pimpandhost.com/1/_/_/_/1/3/K/6/G/3K6Gb/0017_bdsm_sex_xxx_video_p_s.jpg[/IMG][/URL]<BR><BR>[b]BDSMs sex, bondage, pain, forced orgasm, submission, sex slave, humiliation, rough sex, [/b]<BR><BR><BR>[b]0017_bdsm_sex_xxx_video_p[/b]<BR>MPEG-4 | Size: 504 MiB | Duration: 45mn 56s | 960x540<BR><BR>[b]~> Download video from KEEP2SHARE <~<BR>[url=http://k2s.cc/file/3432787102d7b/0017_bdsm_sex_xxx_video_p.mp4.part1.rar]0017_bdsm_sex_xxx_video_p.mp4.part1.rar[/url]<BR>[url=http://k2s.cc/file/23ea0cbb81b7b/0017_bdsm_sex_xxx_video_p.mp4.part2.rar]0017_bdsm_sex_xxx_video_p.mp4.part2.rar[/url][/b]<BR><BR>More screenshots:<BR>[URL=http://pimpandhost.com/image/55317894-medium.html][IMG]http://ist3-2.filesor.com/pimpandhost.com/1/_/_/_/1/3/K/6/I/3K6I6/0017_bdsm_sex_xxx_video_p_s_0.jpg[/IMG][/URL]<BR><BR><BR>","1371","2340","3537","1338"
"","[URL=http://pimpandhost.com/image/55317780-original.html][IMG]http://ist3-2.filesor.com/pimpandhost.com/1/_/_/_/1/3/K/6/G/3K6Gg/0018_bdsm_sex_xxx_video_d_s.jpg[/IMG][/URL]<BR><BR>[b]BDSMs sex, bondage, pain, forced orgasm, submission, sex slave, humiliation, rough sex, [/b]<BR><BR><BR>[b]0018_bdsm_sex_xxx_video_d[/b]<BR>MPEG-4 | Size: 1.59 GiB | Duration: 44mn 17s | 1280x720<BR><BR>[b]~> Download video from KEEP2SHARE <~<BR>[url=http://k2s.cc/file/1bb7195b1a7c0/0018_bdsm_sex_xxx_video_d.mp4.part1.rar]0018_bdsm_sex_xxx_video_d.mp4.part1.rar[/url]<BR>[url=http://k2s.cc/file/92a9fdb718773/0018_bdsm_sex_xxx_video_d.mp4.part2.rar]0018_bdsm_sex_xxx_video_d.mp4.part2.rar[/url]<BR>[url=http://k2s.cc/file/53928db19735b/0018_bdsm_sex_xxx_video_d.mp4.part3.rar]0018_bdsm_sex_xxx_video_d.mp4.part3.rar[/url]<BR>[url=http://k2s.cc/file/f27ecedffdaf2/0018_bdsm_sex_xxx_video_d.mp4.part4.rar]0018_bdsm_sex_xxx_video_d.mp4.part4.rar[/url][/b]<BR><BR>More screenshots:<BR>[URL=http://pimpandhost.com/image/55317898-medium.html][IMG]http://ist3-2.filesor.com/pimpandhost.com/1/_/_/_/1/3/K/6/I/3K6Ia/0018_bdsm_sex_xxx_video_d_s_0.jpg[/IMG][/URL]<BR><BR><BR>","1325","1580","3640","1389"
"","[URL=http://pimpandhost.com/image/55317783-original.html][IMG]http://ist3-2.filesor.com/pimpandhost.com/1/_/_/_/1/3/K/6/G/3K6Gj/0019_bdsm_sex_xxx_video_0_s.jpg[/IMG][/URL]<BR><BR>[b]BDSMs sex, bondage, pain, forced orgasm, submission, sex slave, humiliation, rough sex, [/b]<BR><BR><BR>[b]0019_bdsm_sex_xxx_video_0[/b]<BR>MPEG-4 | Size: 1.61 GiB | Duration: 44mn 56s | 1280x720<BR><BR>[b]~> Download video from KEEP2SHARE <~<BR>[url=http://k2s.cc/file/aeb2d081e56e4/0019_bdsm_sex_xxx_video_0.mp4.part1.rar]0019_bdsm_sex_xxx_video_0.mp4.part1.rar[/url]<BR>[url=http://k2s.cc/file/22ec543e9fb3d/0019_bdsm_sex_xxx_video_0.mp4.part2.rar]0019_bdsm_sex_xxx_video_0.mp4.part2.rar[/url]<BR>[url=http://k2s.cc/file/38b1defee88c9/0019_bdsm_sex_xxx_video_0.mp4.part3.rar]0019_bdsm_sex_xxx_video_0.mp4.part3.rar[/url]<BR>[url=http://k2s.cc/file/6d6e841f50825/0019_bdsm_sex_xxx_video_0.mp4.part4.rar]0019_bdsm_sex_xxx_video_0.mp4.part4.rar[/url][/b]<BR><BR>More screenshots:<BR>[URL=http://pimpandhost.com/image/55317901-medium.html][IMG]http://ist3-1.filesor.com/pimpandhost.com/1/_/_/_/1/3/K/6/I/3K6Id/0019_bdsm_sex_xxx_video_0_s_0.jpg[/IMG][/URL]<BR><BR><BR>","1334","1634","3614","1346"
"","[URL=http://pimpandhost.com/image/55317785-original.html][IMG]http://ist3-1.filesor.com/pimpandhost.com/1/_/_/_/1/3/K/6/G/3K6Gl/0020_bdsm_sex_xxx_video_T_s.jpg[/IMG][/URL]<BR><BR>[b]BDSMs sex, bondage, pain, forced orgasm, submission, sex slave, humiliation, rough sex, [/b]<BR><BR><BR>[b]0020_bdsm_sex_xxx_video_T[/b]<BR>MPEG-4 | Size: 1.96 GiB | Duration: 54mn 59s | 1280x720<BR><BR>[b]~> Download video from KEEP2SHARE <~<BR>[url=http://k2s.cc/file/d5f557aa50fd1/0020_bdsm_sex_xxx_video_T.mp4.part1.rar]0020_bdsm_sex_xxx_video_T.mp4.part1.rar[/url]<BR>[url=http://k2s.cc/file/4a0bcc5cd06e9/0020_bdsm_sex_xxx_video_T.mp4.part2.rar]0020_bdsm_sex_xxx_video_T.mp4.part2.rar[/url]<BR>[url=http://k2s.cc/file/3784bdbb72970/0020_bdsm_sex_xxx_video_T.mp4.part3.rar]0020_bdsm_sex_xxx_video_T.mp4.part3.rar[/url]<BR>[url=http://k2s.cc/file/cd06b850c2f38/0020_bdsm_sex_xxx_video_T.mp4.part4.rar]0020_bdsm_sex_xxx_video_T.mp4.part4.rar[/url]<BR>[url=http://k2s.cc/file/6be0ef7d906a1/0020_bdsm_sex_xxx_video_T.mp4.part5.rar]0020_bdsm_sex_xxx_video_T.mp4.part5.rar[/url][/b]<BR><BR>More screenshots:<BR>[URL=http://pimpandhost.com/image/55317903-medium.html][IMG]http://ist3-1.filesor.com/pimpandhost.com/1/_/_/_/1/3/K/6/I/3K6If/0020_bdsm_sex_xxx_video_T_s_0.jpg[/IMG][/URL]<BR><BR><BR>","1322","1977","3520","1373"
"","[URL=http://pimpandhost.com/image/55317787-original.html][IMG]http://ist3-2.filesor.com/pimpandhost.com/1/_/_/_/1/3/K/6/G/3K6Gn/0021_bdsm_sex_xxx_video_0_s.jpg[/IMG][/URL]<BR><BR>[b]BDSMs sex, bondage, pain, forced orgasm, submission, sex slave, humiliation, rough sex, [/b]<BR><BR><BR>[b]0021_bdsm_sex_xxx_video_0[/b]<BR>MPEG-4 | Size: 3.43 GiB | Duration: 1h 9mn | 1280x720<BR><BR>[b]~> Download video from KEEP2SHARE <~<BR>[url=http://k2s.cc/file/ba920af6da67d/0021_bdsm_sex_xxx_video_0.mp4.part1.rar]0021_bdsm_sex_xxx_video_0.mp4.part1.rar[/url]<BR>[url=http://k2s.cc/file/5adfe0d333977/0021_bdsm_sex_xxx_video_0.mp4.part2.rar]0021_bdsm_sex_xxx_video_0.mp4.part2.rar[/url]<BR>[url=http://k2s.cc/file/6de5e6904df39/0021_bdsm_sex_xxx_video_0.mp4.part3.rar]0021_bdsm_sex_xxx_video_0.mp4.part3.rar[/url]<BR>[url=http://k2s.cc/file/6246715eab489/0021_bdsm_sex_xxx_video_0.mp4.part4.rar]0021_bdsm_sex_xxx_video_0.mp4.part4.rar[/url]<BR>[url=http://k2s.cc/file/f7fe6b8a29b77/0021_bdsm_sex_xxx_video_0.mp4.part5.rar]0021_bdsm_sex_xxx_video_0.mp4.part5.rar[/url]<BR>[url=http://k2s.cc/file/f77fee4005118/0021_bdsm_sex_xxx_video_0.mp4.part6.rar]0021_bdsm_sex_xxx_video_0.mp4.part6.rar[/url]<BR>[url=http://k2s.cc/file/014a8934d681d/0021_bdsm_sex_xxx_video_0.mp4.part7.rar]0021_bdsm_sex_xxx_video_0.mp4.part7.rar[/url]<BR>[url=http://k2s.cc/file/41e5e5ef29148/0021_bdsm_sex_xxx_video_0.mp4.part8.rar]0021_bdsm_sex_xxx_video_0.mp4.part8.rar[/url][/b]<BR><BR>More screenshots:<BR>[URL=http://pimpandhost.com/image/55317905-medium.html][IMG]http://ist3-1.filesor.com/pimpandhost.com/1/_/_/_/1/3/K/6/I/3K6Ih/0021_bdsm_sex_xxx_video_0_s_0.jpg[/IMG][/URL]<BR><BR><BR>","1346","2285","3658","1311"
"","[URL=http://pimpandhost.com/image/55317789-original.html][IMG]http://ist3-1.filesor.com/pimpandhost.com/1/_/_/_/1/3/K/6/G/3K6Gp/0022_bdsm_sex_xxx_video_0_s.jpg[/IMG][/URL]<BR><BR>[b]BDSMs sex, bondage, pain, forced orgasm, submission, sex slave, humiliation, rough sex, [/b]<BR><BR><BR>[b]0022_bdsm_sex_xxx_video_0[/b]<BR>MPEG-4 | Size: 2.20 GiB | Duration: 44mn 39s | 1280x720<BR><BR>[b]~> Download video from KEEP2SHARE <~<BR>[url=http://k2s.cc/file/cd7cddfcfd4d2/0022_bdsm_sex_xxx_video_0.mp4.part1.rar]0022_bdsm_sex_xxx_video_0.mp4.part1.rar[/url]<BR>[url=http://k2s.cc/file/69e818fa3676a/0022_bdsm_sex_xxx_video_0.mp4.part2.rar]0022_bdsm_sex_xxx_video_0.mp4.part2.rar[/url]<BR>[url=http://k2s.cc/file/7efc77deac491/0022_bdsm_sex_xxx_video_0.mp4.part3.rar]0022_bdsm_sex_xxx_video_0.mp4.part3.rar[/url]<BR>[url=http://k2s.cc/file/5d4cdf6702cb2/0022_bdsm_sex_xxx_video_0.mp4.part4.rar]0022_bdsm_sex_xxx_video_0.mp4.part4.rar[/url]<BR>[url=http://k2s.cc/file/1348db851ffe5/0022_bdsm_sex_xxx_video_0.mp4.part5.rar]0022_bdsm_sex_xxx_video_0.mp4.part5.rar[/url][/b]<BR><BR>More screenshots:<BR>[URL=http://pimpandhost.com/image/55317907-medium.html][IMG]http://ist3-1.filesor.com/pimpandhost.com/1/_/_/_/1/3/K/6/I/3K6Ij/0022_bdsm_sex_xxx_video_0_s_0.jpg[/IMG][/URL]<BR><BR><BR>","1379","1630","3570","1333"
"","[URL=http://pimpandhost.com/image/55317792-original.html][IMG]http://ist3-2.filesor.com/pimpandhost.com/1/_/_/_/1/3/K/6/G/3K6Gs/0023_bdsm_sex_xxx_video_l_s.jpg[/IMG][/URL]<BR><BR>[b]BDSMs sex, bondage, pain, forced orgasm, submission, sex slave, humiliation, rough sex, [/b]<BR><BR><BR>[b]0023_bdsm_sex_xxx_video_l[/b]<BR>MPEG-4 | Size: 998 MiB | Duration: 43mn 20s | 1280x720<BR><BR>[b]~> Download video from KEEP2SHARE <~<BR>[url=http://k2s.cc/file/29d6d6ad9443b/0023_bdsm_sex_xxx_video_l.mp4.part1.rar]0023_bdsm_sex_xxx_video_l.mp4.part1.rar[/url]<BR>[url=http://k2s.cc/file/105c74b0eb781/0023_bdsm_sex_xxx_video_l.mp4.part2.rar]0023_bdsm_sex_xxx_video_l.mp4.part2.rar[/url]<BR>[url=http://k2s.cc/file/303b9bb6dfbc8/0023_bdsm_sex_xxx_video_l.mp4.part3.rar]0023_bdsm_sex_xxx_video_l.mp4.part3.rar[/url][/b]<BR><BR>More screenshots:<BR>[URL=http://pimpandhost.com/image/55317909-medium.html][IMG]http://ist3-2.filesor.com/pimpandhost.com/1/_/_/_/1/3/K/6/I/3K6Il/0023_bdsm_sex_xxx_video_l_s_0.jpg[/IMG][/URL]<BR><BR><BR>","1321","2381","3534","1342"
"","[URL=http://pimpandhost.com/image/55317796-original.html][IMG]http://ist3-2.filesor.com/pimpandhost.com/1/_/_/_/1/3/K/6/G/3K6Gw/0024_bdsm_sex_xxx_video_s.jpg[/IMG][/URL]<BR><BR>[b]BDSMs sex, bondage, pain, forced orgasm, submission, sex slave, humiliation, rough sex, [/b]<BR><BR><BR>[b]0024_bdsm_sex_xxx_video[/b]<BR>MPEG-PS | Size: 188 MiB | Duration: 21mn 9s | 320x240<BR><BR>[b]~> Download video from KEEP2SHARE <~<BR>[url=http://k2s.cc/file/8663893ac7ccf/0024_bdsm_sex_xxx_video.mpg]0024_bdsm_sex_xxx_video.mpg[/url][/b]<BR><BR>More screenshots:<BR>[URL=http://pimpandhost.com/image/55317913-medium.html][IMG]http://ist3-1.filesor.com/pimpandhost.com/1/_/_/_/1/3/K/6/I/3K6Ip/0024_bdsm_sex_xxx_video_s_0.jpg[/IMG][/URL]<BR><BR><BR>","1310","1632","3540","1381"
"","[URL=http://pimpandhost.com/image/55317797-original.html][IMG]http://ist3-1.filesor.com/pimpandhost.com/1/_/_/_/1/3/K/6/G/3K6Gx/0025_bdsm_sex_xxx_video_0_s.jpg[/IMG][/URL]<BR><BR>[b]BDSMs sex, bondage, pain, forced orgasm, submission, sex slave, humiliation, rough sex, [/b]<BR><BR><BR>[b]0025_bdsm_sex_xxx_video_0[/b]<BR>MPEG-4 | Size: 1.88 GiB | Duration: 32mn 31s | 1920x1080<BR><BR>[b]~> Download video from KEEP2SHARE <~<BR>[url=http://k2s.cc/file/2f169539116e8/0025_bdsm_sex_xxx_video_0.mp4.part1.rar]0025_bdsm_sex_xxx_video_0.mp4.part1.rar[/url]<BR>[url=http://k2s.cc/file/56b5a4b2f3f5c/0025_bdsm_sex_xxx_video_0.mp4.part2.rar]0025_bdsm_sex_xxx_video_0.mp4.part2.rar[/url]<BR>[url=http://k2s.cc/file/d3ded2ced50fa/0025_bdsm_sex_xxx_video_0.mp4.part3.rar]0025_bdsm_sex_xxx_video_0.mp4.part3.rar[/url]<BR>[url=http://k2s.cc/file/2e9907c8b16d2/0025_bdsm_sex_xxx_video_0.mp4.part4.rar]0025_bdsm_sex_xxx_video_0.mp4.part4.rar[/url]<BR>[url=http://k2s.cc/file/04ea844f30d13/0025_bdsm_sex_xxx_video_0.mp4.part5.rar]0025_bdsm_sex_xxx_video_0.mp4.part5.rar[/url][/b]<BR><BR>More screenshots:<BR>[URL=http://pimpandhost.com/image/55317916-medium.html][IMG]http://ist3-1.filesor.com/pimpandhost.com/1/_/_/_/1/3/K/6/I/3K6Is/0025_bdsm_sex_xxx_video_0_s_0.jpg[/IMG][/URL]<BR><BR><BR>","1308","1849","3538","1333"
"","[URL=http://pimpandhost.com/image/55317802-original.html][IMG]http://ist3-2.filesor.com/pimpandhost.com/1/_/_/_/1/3/K/6/G/3K6GC/0026_bdsm_sex_xxx_video_0_s.jpg[/IMG][/URL]<BR><BR>[b]BDSMs sex, bondage, pain, forced orgasm, submission, sex slave, humiliation, rough sex, [/b]<BR><BR><BR>[b]0026_bdsm_sex_xxx_video_0[/b]<BR>MPEG-4 | Size: 1.60 GiB | Duration: 27mn 30s | 1920x1080<BR><BR>[b]~> Download video from KEEP2SHARE <~<BR>[url=http://k2s.cc/file/f17cd54c4e3f1/0026_bdsm_sex_xxx_video_0.mp4.part1.rar]0026_bdsm_sex_xxx_video_0.mp4.part1.rar[/url]<BR>[url=http://k2s.cc/file/bf73e4a9d2dd5/0026_bdsm_sex_xxx_video_0.mp4.part2.rar]0026_bdsm_sex_xxx_video_0.mp4.part2.rar[/url]<BR>[url=http://k2s.cc/file/f62e6ca51a839/0026_bdsm_sex_xxx_video_0.mp4.part3.rar]0026_bdsm_sex_xxx_video_0.mp4.part3.rar[/url]<BR>[url=http://k2s.cc/file/10ec300068c24/0026_bdsm_sex_xxx_video_0.mp4.part4.rar]0026_bdsm_sex_xxx_video_0.mp4.part4.rar[/url][/b]<BR><BR>More screenshots:<BR>[URL=http://pimpandhost.com/image/55317923-medium.html][IMG]http://ist3-1.filesor.com/pimpandhost.com/1/_/_/_/1/3/K/6/I/3K6Iz/0026_bdsm_sex_xxx_video_0_s_0.jpg[/IMG][/URL]<BR><BR><BR>","1348","2305","3544","1382"
"","[URL=http://pimpandhost.com/image/55317804-original.html][IMG]http://ist3-1.filesor.com/pimpandhost.com/1/_/_/_/1/3/K/6/G/3K6GE/0027_bdsm_sex_xxx_video_0_s.jpg[/IMG][/URL]<BR><BR>[b]BDSMs sex, bondage, pain, forced orgasm, submission, sex slave, humiliation, rough sex, [/b]<BR><BR><BR>[b]0027_bdsm_sex_xxx_video_0[/b]<BR>MPEG-4 | Size: 1.51 GiB | Duration: 26mn 54s | 1280x720<BR><BR>[b]~> Download video from KEEP2SHARE <~<BR>[url=http://k2s.cc/file/c792fa6e5e4e3/0027_bdsm_sex_xxx_video_0.mp4.part1.rar]0027_bdsm_sex_xxx_video_0.mp4.part1.rar[/url]<BR>[url=http://k2s.cc/file/d6885503d230a/0027_bdsm_sex_xxx_video_0.mp4.part2.rar]0027_bdsm_sex_xxx_video_0.mp4.part2.rar[/url]<BR>[url=http://k2s.cc/file/ca01e295ba9fc/0027_bdsm_sex_xxx_video_0.mp4.part3.rar]0027_bdsm_sex_xxx_video_0.mp4.part3.rar[/url]<BR>[url=http://k2s.cc/file/d7363e1f0a4f8/0027_bdsm_sex_xxx_video_0.mp4.part4.rar]0027_bdsm_sex_xxx_video_0.mp4.part4.rar[/url][/b]<BR><BR>More screenshots:<BR>[URL=http://pimpandhost.com/image/55317924-medium.html][IMG]http://ist3-1.filesor.com/pimpandhost.com/1/_/_/_/1/3/K/6/I/3K6IA/0027_bdsm_sex_xxx_video_0_s_0.jpg[/IMG][/URL]<BR><BR><BR>","1304","2212","3556","1327"
"","[URL=http://pimpandhost.com/image/55317806-original.html][IMG]http://ist3-1.filesor.com/pimpandhost.com/1/_/_/_/1/3/K/6/G/3K6GG/0028_bdsm_sex_xxx_video_0_s.jpg[/IMG][/URL]<BR><BR>[b]BDSMs sex, bondage, pain, forced orgasm, submission, sex slave, humiliation, rough sex, [/b]<BR><BR><BR>[b]0028_bdsm_sex_xxx_video_0[/b]<BR>MPEG-4 | Size: 861 MiB | Duration: 17mn 1s | 1280x720<BR><BR>[b]~> Download video from KEEP2SHARE <~<BR>[url=http://k2s.cc/file/1a57a6814e89e/0028_bdsm_sex_xxx_video_0.mp4.part1.rar]0028_bdsm_sex_xxx_video_0.mp4.part1.rar[/url]<BR>[url=http://k2s.cc/file/8ce76268494ce/0028_bdsm_sex_xxx_video_0.mp4.part2.rar]0028_bdsm_sex_xxx_video_0.mp4.part2.rar[/url][/b]<BR><BR>More screenshots:<BR>[URL=http://pimpandhost.com/image/55317928-medium.html][IMG]http://ist3-2.filesor.com/pimpandhost.com/1/_/_/_/1/3/K/6/I/3K6IE/0028_bdsm_sex_xxx_video_0_s_0.jpg[/IMG][/URL]<BR><BR><BR>","1332","1846","3699","1378"
"","[URL=http://pimpandhost.com/image/55317808-original.html][IMG]http://ist3-2.filesor.com/pimpandhost.com/1/_/_/_/1/3/K/6/G/3K6GI/0029_bdsm_sex_xxx_video_y_s.jpg[/IMG][/URL]<BR><BR>[b]BDSMs sex, bondage, pain, forced orgasm, submission, sex slave, humiliation, rough sex, [/b]<BR><BR><BR>[b]0029_bdsm_sex_xxx_video_y[/b]<BR>Windows Media | Size: 674 MiB | Duration: 19mn 1s | 1280x720<BR><BR>[b]~> Download video from KEEP2SHARE <~<BR>[url=http://k2s.cc/file/0225827db4ef2/0029_bdsm_sex_xxx_video_y.wmv.part1.rar]0029_bdsm_sex_xxx_video_y.wmv.part1.rar[/url]<BR>[url=http://k2s.cc/file/61784eee11338/0029_bdsm_sex_xxx_video_y.wmv.part2.rar]0029_bdsm_sex_xxx_video_y.wmv.part2.rar[/url][/b]<BR><BR>More screenshots:<BR>[URL=http://pimpandhost.com/image/55317933-medium.html][IMG]http://ist3-2.filesor.com/pimpandhost.com/1/_/_/_/1/3/K/6/I/3K6IJ/0029_bdsm_sex_xxx_video_y_s_0.jpg[/IMG][/URL]<BR><BR><BR>","1325","2202","3680","1304"
"","[URL=http://pimpandhost.com/image/55317814-original.html][IMG]http://ist3-1.filesor.com/pimpandhost.com/1/_/_/_/1/3/K/6/G/3K6GO/0030_bdsm_sex_xxx_video_7_s.jpg[/IMG][/URL]<BR><BR>[b]BDSMs sex, bondage, pain, forced orgasm, submission, sex slave, humiliation, rough sex, [/b]<BR><BR><BR>[b]0030_bdsm_sex_xxx_video_7[/b]<BR>MPEG-4 | Size: 270 MiB | Duration: 5mn 13s | 1280x720<BR><BR>[b]~> Download video from KEEP2SHARE <~<BR>[url=http://k2s.cc/file/336f53d13e840/0030_bdsm_sex_xxx_video_7.mp4]0030_bdsm_sex_xxx_video_7.mp4[/url][/b]<BR><BR>More screenshots:<BR>[URL=http://pimpandhost.com/image/55317935-medium.html][IMG]http://ist3-2.filesor.com/pimpandhost.com/1/_/_/_/1/3/K/6/I/3K6IL/0030_bdsm_sex_xxx_video_7_s_0.jpg[/IMG][/URL]<BR><BR><BR>","1393","1722","3575","1313"
"","[URL=http://pimpandhost.com/image/55317816-original.html][IMG]http://ist3-1.filesor.com/pimpandhost.com/1/_/_/_/1/3/K/6/G/3K6GQ/0031_bdsm_sex_xxx_video_3_s.jpg[/IMG][/URL]<BR><BR>[b]BDSMs sex, bondage, pain, forced orgasm, submission, sex slave, humiliation, rough sex, [/b]<BR><BR><BR>[b]0031_bdsm_sex_xxx_video_3[/b]<BR>MPEG-4 | Size: 167 MiB | Duration: 3mn 20s | 1280x720<BR><BR>[b]~> Download video from KEEP2SHARE <~<BR>[url=http://k2s.cc/file/8875c7042cde8/0031_bdsm_sex_xxx_video_3.mp4]0031_bdsm_sex_xxx_video_3.mp4[/url][/b]<BR><BR>More screenshots:<BR>[URL=http://pimpandhost.com/image/55317939-medium.html][IMG]http://ist3-1.filesor.com/pimpandhost.com/1/_/_/_/1/3/K/6/I/3K6IP/0031_bdsm_sex_xxx_video_3_s_0.jpg[/IMG][/URL]<BR><BR><BR>","1322","1993","3611","1332"
"","[URL=http://pimpandhost.com/image/55317819-original.html][IMG]http://ist3-2.filesor.com/pimpandhost.com/1/_/_/_/1/3/K/6/G/3K6GT/0032_bdsm_sex_xxx_video_0_s.jpg[/IMG][/URL]<BR><BR>[b]BDSMs sex, bondage, pain, forced orgasm, submission, sex slave, humiliation, rough sex, [/b]<BR><BR><BR>[b]0032_bdsm_sex_xxx_video_0[/b]<BR>MPEG-4 | Size: 1.99 GiB | Duration: 55mn 10s | 1280x720<BR><BR>[b]~> Download video from KEEP2SHARE <~<BR>[url=http://k2s.cc/file/fe38cc59335a2/0032_bdsm_sex_xxx_video_0.mp4.part1.rar]0032_bdsm_sex_xxx_video_0.mp4.part1.rar[/url]<BR>[url=http://k2s.cc/file/d4a55d37bb296/0032_bdsm_sex_xxx_video_0.mp4.part2.rar]0032_bdsm_sex_xxx_video_0.mp4.part2.rar[/url]<BR>[url=http://k2s.cc/file/f3dc618993ea1/0032_bdsm_sex_xxx_video_0.mp4.part3.rar]0032_bdsm_sex_xxx_video_0.mp4.part3.rar[/url]<BR>[url=http://k2s.cc/file/1190e5f864eab/0032_bdsm_sex_xxx_video_0.mp4.part4.rar]0032_bdsm_sex_xxx_video_0.mp4.part4.rar[/url]<BR>[url=http://k2s.cc/file/d206f76787277/0032_bdsm_sex_xxx_video_0.mp4.part5.rar]0032_bdsm_sex_xxx_video_0.mp4.part5.rar[/url][/b]<BR><BR>More screenshots:<BR>[URL=http://pimpandhost.com/image/55317940-medium.html][IMG]http://ist3-1.filesor.com/pimpandhost.com/1/_/_/_/1/3/K/6/I/3K6IQ/0032_bdsm_sex_xxx_video_0_s_0.jpg[/IMG][/URL]<BR><BR><BR>","1370","2181","3526","1378"
"","[URL=http://pimpandhost.com/image/55317823-original.html][IMG]http://ist3-2.filesor.com/pimpandhost.com/1/_/_/_/1/3/K/6/G/3K6GX/0033_bdsm_sex_xxx_video_p_s.jpg[/IMG][/URL]<BR><BR>[b]BDSMs sex, bondage, pain, forced orgasm, submission, sex slave, humiliation, rough sex, [/b]<BR><BR><BR>[b]0033_bdsm_sex_xxx_video_p[/b]<BR>MPEG-4 | Size: 1.79 GiB | Duration: 50mn 16s | 1280x720<BR><BR>[b]~> Download video from KEEP2SHARE <~<BR>[url=http://k2s.cc/file/301bab43e9260/0033_bdsm_sex_xxx_video_p.mp4.part1.rar]0033_bdsm_sex_xxx_video_p.mp4.part1.rar[/url]<BR>[url=http://k2s.cc/file/b33e545d8e5f3/0033_bdsm_sex_xxx_video_p.mp4.part2.rar]0033_bdsm_sex_xxx_video_p.mp4.part2.rar[/url]<BR>[url=http://k2s.cc/file/f5ca050b54a74/0033_bdsm_sex_xxx_video_p.mp4.part3.rar]0033_bdsm_sex_xxx_video_p.mp4.part3.rar[/url]<BR>[url=http://k2s.cc/file/c29560ac309bf/0033_bdsm_sex_xxx_video_p.mp4.part4.rar]0033_bdsm_sex_xxx_video_p.mp4.part4.rar[/url][/b]<BR><BR>More screenshots:<BR>[URL=http://pimpandhost.com/image/55317942-medium.html][IMG]http://ist3-1.filesor.com/pimpandhost.com/1/_/_/_/1/3/K/6/I/3K6IS/0033_bdsm_sex_xxx_video_p_s_0.jpg[/IMG][/URL]<BR><BR><BR>","1314","1795","3522","1362"
"","[URL=http://pimpandhost.com/image/55317825-original.html][IMG]http://ist3-2.filesor.com/pimpandhost.com/1/_/_/_/1/3/K/6/G/3K6GZ/0034_bdsm_sex_xxx_video_0_s.jpg[/IMG][/URL]<BR><BR>[b]BDSMs sex, bondage, pain, forced orgasm, submission, sex slave, humiliation, rough sex, [/b]<BR><BR><BR>[b]0034_bdsm_sex_xxx_video_0[/b]<BR>MPEG-4 | Size: 736 MiB | Duration: 1h 6mn | 960x540<BR><BR>[b]~> Download video from KEEP2SHARE <~<BR>[url=http://k2s.cc/file/ca5296753c712/0034_bdsm_sex_xxx_video_0.mp4.part1.rar]0034_bdsm_sex_xxx_video_0.mp4.part1.rar[/url]<BR>[url=http://k2s.cc/file/456277197d10d/0034_bdsm_sex_xxx_video_0.mp4.part2.rar]0034_bdsm_sex_xxx_video_0.mp4.part2.rar[/url][/b]<BR><BR>More screenshots:<BR>[URL=http://pimpandhost.com/image/55317944-medium.html][IMG]http://ist3-1.filesor.com/pimpandhost.com/1/_/_/_/1/3/K/6/I/3K6IU/0034_bdsm_sex_xxx_video_0_s_0.jpg[/IMG][/URL]<BR><BR><BR>","1322","1796","3588","1326"
"","[URL=http://pimpandhost.com/image/55317835-original.html][IMG]http://ist3-1.filesor.com/pimpandhost.com/1/_/_/_/1/3/K/6/H/3K6H9/0035_bdsm_sex_xxx_video_0_s.jpg[/IMG][/URL]<BR><BR>[b]BDSMs sex, bondage, pain, forced orgasm, submission, sex slave, humiliation, rough sex, [/b]<BR><BR><BR>[b]0035_bdsm_sex_xxx_video_0[/b]<BR>MPEG-4 | Size: 491 MiB | Duration: 40mn 39s | 960x540<BR><BR>[b]~> Download video from KEEP2SHARE <~<BR>[url=http://k2s.cc/file/73528cfd3ace4/0035_bdsm_sex_xxx_video_0.mp4.part1.rar]0035_bdsm_sex_xxx_video_0.mp4.part1.rar[/url]<BR>[url=http://k2s.cc/file/4edfb781f6dda/0035_bdsm_sex_xxx_video_0.mp4.part2.rar]0035_bdsm_sex_xxx_video_0.mp4.part2.rar[/url][/b]<BR><BR>More screenshots:<BR>[URL=http://pimpandhost.com/image/55317946-medium.html][IMG]http://ist3-2.filesor.com/pimpandhost.com/1/_/_/_/1/3/K/6/I/3K6IW/0035_bdsm_sex_xxx_video_0_s_0.jpg[/IMG][/URL]<BR><BR><BR>","1312","2153","3607","1344"
"","[URL=http://pimpandhost.com/image/55317839-original.html][IMG]http://ist3-2.filesor.com/pimpandhost.com/1/_/_/_/1/3/K/6/H/3K6Hd/0036_bdsm_sex_xxx_video_8_s.jpg[/IMG][/URL]<BR><BR>[b]BDSMs sex, bondage, pain, forced orgasm, submission, sex slave, humiliation, rough sex, [/b]<BR><BR><BR>[b]0036_bdsm_sex_xxx_video_8[/b]<BR>MPEG-4 | Size: 247 MiB | Duration: 14mn 48s | 1280x720<BR><BR>[b]~> Download video from KEEP2SHARE <~<BR>[url=http://k2s.cc/file/e35ac78306455/0036_bdsm_sex_xxx_video_8.mp4]0036_bdsm_sex_xxx_video_8.mp4[/url][/b]<BR><BR>More screenshots:<BR>[URL=http://pimpandhost.com/image/55317948-medium.html][IMG]http://ist3-2.filesor.com/pimpandhost.com/1/_/_/_/1/3/K/6/I/3K6IY/0036_bdsm_sex_xxx_video_8_s_0.jpg[/IMG][/URL]<BR><BR><BR>","1311","1972","3544","1337"
"","[URL=http://pimpandhost.com/image/55317846-original.html][IMG]http://ist3-1.filesor.com/pimpandhost.com/1/_/_/_/1/3/K/6/H/3K6Hk/0037_bdsm_sex_xxx_video_0_s.jpg[/IMG][/URL]<BR><BR>[b]BDSMs sex, bondage, pain, forced orgasm, submission, sex slave, humiliation, rough sex, [/b]<BR><BR><BR>[b]0037_bdsm_sex_xxx_video_0[/b]<BR>MPEG-4 | Size: 167 MiB | Duration: 10mn 0s | 1280x720<BR><BR>[b]~> Download video from KEEP2SHARE <~<BR>[url=http://k2s.cc/file/9b84ec4e10747/0037_bdsm_sex_xxx_video_0.mp4]0037_bdsm_sex_xxx_video_0.mp4[/url][/b]<BR><BR>More screenshots:<BR>[URL=http://pimpandhost.com/image/55317951-medium.html][IMG]http://ist3-1.filesor.com/pimpandhost.com/1/_/_/_/1/3/K/6/J/3K6J1/0037_bdsm_sex_xxx_video_0_s_0.jpg[/IMG][/URL]<BR><BR><BR>","1330","1605","3582","1323"
"","[URL=http://pimpandhost.com/image/55317850-original.html][IMG]http://ist3-2.filesor.com/pimpandhost.com/1/_/_/_/1/3/K/6/H/3K6Ho/0038_bdsm_sex_xxx_video_6_s.jpg[/IMG][/URL]<BR><BR>[b]BDSMs sex, bondage, pain, forced orgasm, submission, sex slave, humiliation, rough sex, [/b]<BR><BR><BR>[b]0038_bdsm_sex_xxx_video_6[/b]<BR>MPEG-4 | Size: 227 MiB | Duration: 13mn 36s | 1280x720<BR><BR>[b]~> Download video from KEEP2SHARE <~<BR>[url=http://k2s.cc/file/31ae3b3ccd3cc/0038_bdsm_sex_xxx_video_6.mp4]0038_bdsm_sex_xxx_video_6.mp4[/url][/b]<BR><BR>More screenshots:<BR>[URL=http://pimpandhost.com/image/55317954-medium.html][IMG]http://ist3-2.filesor.com/pimpandhost.com/1/_/_/_/1/3/K/6/J/3K6J4/0038_bdsm_sex_xxx_video_6_s_0.jpg[/IMG][/URL]<BR><BR><BR>","1336","2208","3572","1359"
"","[URL=http://pimpandhost.com/image/55317855-original.html][IMG]http://ist3-2.filesor.com/pimpandhost.com/1/_/_/_/1/3/K/6/H/3K6Ht/0039_bdsm_sex_xxx_video_2_s.jpg[/IMG][/URL]<BR><BR>[b]BDSMs sex, bondage, pain, forced orgasm, submission, sex slave, humiliation, rough sex, [/b]<BR><BR><BR>[b]0039_bdsm_sex_xxx_video_2[/b]<BR>MPEG-4 | Size: 269 MiB | Duration: 16mn 12s | 1280x720<BR><BR>[b]~> Download video from KEEP2SHARE <~<BR>[url=http://k2s.cc/file/d5e8363ab83f3/0039_bdsm_sex_xxx_video_2.mp4]0039_bdsm_sex_xxx_video_2.mp4[/url][/b]<BR><BR>More screenshots:<BR>[URL=http://pimpandhost.com/image/55317959-medium.html][IMG]http://ist3-2.filesor.com/pimpandhost.com/1/_/_/_/1/3/K/6/J/3K6J9/0039_bdsm_sex_xxx_video_2_s_0.jpg[/IMG][/URL]<BR><BR><BR>","1333","2327","3683","1302"
"","[URL=http://pimpandhost.com/image/55317863-original.html][IMG]http://ist3-1.filesor.com/pimpandhost.com/1/_/_/_/1/3/K/6/H/3K6HB/0040_bdsm_sex_xxx_video_6_s.jpg[/IMG][/URL]<BR><BR>[b]BDSMs sex, bondage, pain, forced orgasm, submission, sex slave, humiliation, rough sex, [/b]<BR><BR><BR>[b]0040_bdsm_sex_xxx_video_6[/b]<BR>MPEG-4 | Size: 168 MiB | Duration: 10mn 6s | 1280x720<BR><BR>[b]~> Download video from KEEP2SHARE <~<BR>[url=http://k2s.cc/file/317c146fdbe9e/0040_bdsm_sex_xxx_video_6.mp4]0040_bdsm_sex_xxx_video_6.mp4[/url][/b]<BR><BR>More screenshots:<BR>[URL=http://pimpandhost.com/image/55317964-medium.html][IMG]http://ist3-2.filesor.com/pimpandhost.com/1/_/_/_/1/3/K/6/J/3K6Je/0040_bdsm_sex_xxx_video_6_s_0.jpg[/IMG][/URL]<BR><BR><BR>","1368","1544","3661","1382"
