" Amarna Miller Before the Guests Arrive gush.lc.ambtguestar","[URL=http://pimpandhost.com/image/44383261-original.html][IMG]http://ist3-2.filesor.com/pimpandhost.com/1/_/_/_/1/3/0/e/7/30e73/0001_lingerie_sex_xxx_video_e_s.jpg[/IMG][/URL]<BR><BR>[b]Sexy lingerie, Stockings, Bra, Panties, Fetish, Teasing, Undressing, [/b]<BR>0001_ Amarna Miller Before the Guests Arrive gush.lc.ambtguestarriv<BR><BR>[b]0001_lingerie_sex_xxx_video_e[/b]<BR>MPEG-4 | Size: 165 MiB | Duration: 5mn 27s | 1920x1080<BR><BR>[b]~> Download video from KEEP2SHARE <~<BR>[url=http://rapidgator.net/file/033ac0dd3e1ed7a384c303dbc891dc96/0001_lingerie_sex_xxx_video_e.mp4.html]0001_lingerie_sex_xxx_video_e.mp4[/url][/b]<BR><BR> ","1385","2357","3565","1327"
" Amateur Woman Does Her Boyfriend wwllccw","[URL=http://pimpandhost.com/image/44383263-original.html][IMG]http://ist3-1.filesor.com/pimpandhost.com/1/_/_/_/1/3/0/e/7/30e75/0002_lingerie_sex_xxx_video_w_s.jpg[/IMG][/URL]<BR><BR>[b]Sexy lingerie, Stockings, Bra, Panties, Fetish, Teasing, Undressing, [/b]<BR>0002_ Amateur Woman Does Her Boyfriend wwllccw<BR><BR>[b]0002_lingerie_sex_xxx_video_w[/b]<BR>MPEG-4 | Size: 140 MiB | Duration: 5mn 12s | 1280x720<BR><BR>[b]~> Download video from KEEP2SHARE <~<BR>[url=http://rapidgator.net/file/e93834b1fb90e4e353570f33c3321ce9/0002_lingerie_sex_xxx_video_w.mp4.html]0002_lingerie_sex_xxx_video_w.mp4[/url][/b]<BR><BR> ","1368","1923","3617","1337"
" Art Lingerie Barka 6.10.14 HD Art Lingerie.14.06.10.Bark","[URL=http://pimpandhost.com/image/44383266-original.html][IMG]http://ist3-1.filesor.com/pimpandhost.com/1/_/_/_/1/3/0/e/7/30e78/0003_lingerie_sex_xxx_video_a_s.jpg[/IMG][/URL]<BR><BR>[b]Sexy lingerie, Stockings, Bra, Panties, Fetish, Teasing, Undressing, [/b]<BR>0003_ Art Lingerie Barka 6.10.14 HD Art Lingerie.14.06.10.Bark<BR><BR>[b]0003_lingerie_sex_xxx_video_a[/b]<BR>Windows Media | Size: 285 MiB | Duration: 4mn 51s | 1280x720<BR><BR>[b]~> Download video from KEEP2SHARE <~<BR>[url=http://rapidgator.net/file/7591e310ef76571cb0bef491f5bb34bf/0003_lingerie_sex_xxx_video_a.wmv.html]0003_lingerie_sex_xxx_video_a.wmv[/url][/b]<BR><BR> ","1315","1845","3638","1303"
" Art Lingerie Barka 6.30.14 HD Art Lingerie.14.06.30.Bark","[URL=http://pimpandhost.com/image/44383267-original.html][IMG]http://ist3-2.filesor.com/pimpandhost.com/1/_/_/_/1/3/0/e/7/30e79/0004_lingerie_sex_xxx_video_a_s.jpg[/IMG][/URL]<BR><BR>[b]Sexy lingerie, Stockings, Bra, Panties, Fetish, Teasing, Undressing, [/b]<BR>0004_ Art Lingerie Barka 6.30.14 HD Art Lingerie.14.06.30.Bark<BR><BR>[b]0004_lingerie_sex_xxx_video_a[/b]<BR>Windows Media | Size: 293 MiB | Duration: 4mn 59s | 1280x720<BR><BR>[b]~> Download video from KEEP2SHARE <~<BR>[url=http://rapidgator.net/file/f3d2731d99276d5df842b50584a511ea/0004_lingerie_sex_xxx_video_a.wmv.html]0004_lingerie_sex_xxx_video_a.wmv[/url][/b]<BR><BR> ","1387","2029","3603","1313"
" Art Lingerie Chelsea French 9.23.14 HD Art Lingerie.14.09.","[URL=http://pimpandhost.com/image/44383269-original.html][IMG]http://ist3-1.filesor.com/pimpandhost.com/1/_/_/_/1/3/0/e/7/30e7b/0005_lingerie_sex_xxx_video_h_s.jpg[/IMG][/URL]<BR><BR>[b]Sexy lingerie, Stockings, Bra, Panties, Fetish, Teasing, Undressing, [/b]<BR>0005_ Art Lingerie Chelsea French 9.23.14 HD Art Lingerie.14.09.23.Chelsea.Frenc<BR><BR>[b]0005_lingerie_sex_xxx_video_h[/b]<BR>Windows Media | Size: 301 MiB | Duration: 5mn 6s | 1280x720<BR><BR>[b]~> Download video from KEEP2SHARE <~<BR>[url=http://rapidgator.net/file/bfed3da7643a8979e0e460218fed78f0/0005_lingerie_sex_xxx_video_h.wmv.html]0005_lingerie_sex_xxx_video_h.wmv[/url][/b]<BR><BR> ","1372","1504","3664","1329"
" Art Lingerie Cikita 7.31.14 HD Art Lingerie.14.07.31.Cikit","[URL=http://pimpandhost.com/image/44383270-original.html][IMG]http://ist3-2.filesor.com/pimpandhost.com/1/_/_/_/1/3/0/e/7/30e7c/0006_lingerie_sex_xxx_video_a_s.jpg[/IMG][/URL]<BR><BR>[b]Sexy lingerie, Stockings, Bra, Panties, Fetish, Teasing, Undressing, [/b]<BR>0006_ Art Lingerie Cikita 7.31.14 HD Art Lingerie.14.07.31.Cikit<BR><BR>[b]0006_lingerie_sex_xxx_video_a[/b]<BR>Windows Media | Size: 426 MiB | Duration: 7mn 15s | 1280x720<BR><BR>[b]~> Download video from KEEP2SHARE <~<BR>[url=http://rapidgator.net/file/d64e1ae571cd2ef231d6763215415f2f/0006_lingerie_sex_xxx_video_a.wmv.html]0006_lingerie_sex_xxx_video_a.wmv[/url][/b]<BR><BR> ","1377","1600","3631","1352"
" Art Lingerie Dominika C. 6.2.14 HD Art Lingerie.14.06.02.D","[URL=http://pimpandhost.com/image/44383272-original.html][IMG]http://ist3-1.filesor.com/pimpandhost.com/1/_/_/_/1/3/0/e/7/30e7e/0007_lingerie_sex_xxx_video_C_s.jpg[/IMG][/URL]<BR><BR>[b]Sexy lingerie, Stockings, Bra, Panties, Fetish, Teasing, Undressing, [/b]<BR>0007_ Art Lingerie Dominika C. 6.2.14 HD Art Lingerie.14.06.02.Dominika.<BR><BR>[b]0007_lingerie_sex_xxx_video_C[/b]<BR>Windows Media | Size: 342 MiB | Duration: 5mn 49s | 1280x720<BR><BR>[b]~> Download video from KEEP2SHARE <~<BR>[url=http://rapidgator.net/file/0d782da25e1034f88c686211497a2844/0007_lingerie_sex_xxx_video_C.wmv.html]0007_lingerie_sex_xxx_video_C.wmv[/url][/b]<BR><BR> ","1368","2213","3616","1380"
" Art Lingerie Emma Green 7.24.14 HD Art Lingerie.14.07.24.E","[URL=http://pimpandhost.com/image/44383274-original.html][IMG]http://ist3-1.filesor.com/pimpandhost.com/1/_/_/_/1/3/0/e/7/30e7g/0008_lingerie_sex_xxx_video_n_s.jpg[/IMG][/URL]<BR><BR>[b]Sexy lingerie, Stockings, Bra, Panties, Fetish, Teasing, Undressing, [/b]<BR>0008_ Art Lingerie Emma Green 7.24.14 HD Art Lingerie.14.07.24.Emma.Gree<BR><BR>[b]0008_lingerie_sex_xxx_video_n[/b]<BR>Windows Media | Size: 422 MiB | Duration: 7mn 11s | 1280x720<BR><BR>[b]~> Download video from KEEP2SHARE <~<BR>[url=http://rapidgator.net/file/11ea4e268e3caec2fb3e834cecba51f0/0008_lingerie_sex_xxx_video_n.wmv.html]0008_lingerie_sex_xxx_video_n.wmv[/url][/b]<BR><BR> ","1371","1604","3645","1356"
" Art Lingerie Eva K. 8.14.14 HD Art Lingerie.14.08.14.Eva.","[URL=http://pimpandhost.com/image/44383277-original.html][IMG]http://ist3-2.filesor.com/pimpandhost.com/1/_/_/_/1/3/0/e/7/30e7j/0009_lingerie_sex_xxx_video_K_s.jpg[/IMG][/URL]<BR><BR>[b]Sexy lingerie, Stockings, Bra, Panties, Fetish, Teasing, Undressing, [/b]<BR>0009_ Art Lingerie Eva K. 8.14.14 HD Art Lingerie.14.08.14.Eva.<BR><BR>[b]0009_lingerie_sex_xxx_video_K[/b]<BR>Windows Media | Size: 377 MiB | Duration: 6mn 25s | 1280x720<BR><BR>[b]~> Download video from KEEP2SHARE <~<BR>[url=http://rapidgator.net/file/3835ddfa8318a7000746ef3e49b6c0a5/0009_lingerie_sex_xxx_video_K.wmv.html]0009_lingerie_sex_xxx_video_K.wmv[/url][/b]<BR><BR> ","1306","1544","3667","1375"
" Art Lingerie Eveline 6.5.14 HD Art Lingerie.14.06.05.Eveli","[URL=http://pimpandhost.com/image/44383278-original.html][IMG]http://ist3-2.filesor.com/pimpandhost.com/1/_/_/_/1/3/0/e/7/30e7k/0010_lingerie_sex_xxx_video_e_s.jpg[/IMG][/URL]<BR><BR>[b]Sexy lingerie, Stockings, Bra, Panties, Fetish, Teasing, Undressing, [/b]<BR>0010_ Art Lingerie Eveline 6.5.14 HD Art Lingerie.14.06.05.Evelin<BR><BR>[b]0010_lingerie_sex_xxx_video_e[/b]<BR>Windows Media | Size: 359 MiB | Duration: 6mn 7s | 1280x720<BR><BR>[b]~> Download video from KEEP2SHARE <~<BR>[url=http://rapidgator.net/file/47c2ba4afa42aa41cf8b2ddc91555ff7/0010_lingerie_sex_xxx_video_e.wmv.html]0010_lingerie_sex_xxx_video_e.wmv[/url][/b]<BR><BR> ","1352","1875","3524","1368"
" Art Lingerie Frida 7.8.14 HD Art Lingerie.14.07.08.Frid","[URL=http://pimpandhost.com/image/44383280-original.html][IMG]http://ist3-2.filesor.com/pimpandhost.com/1/_/_/_/1/3/0/e/7/30e7m/0011_lingerie_sex_xxx_video_a_s.jpg[/IMG][/URL]<BR><BR>[b]Sexy lingerie, Stockings, Bra, Panties, Fetish, Teasing, Undressing, [/b]<BR>0011_ Art Lingerie Frida 7.8.14 HD Art Lingerie.14.07.08.Frid<BR><BR>[b]0011_lingerie_sex_xxx_video_a[/b]<BR>Windows Media | Size: 308 MiB | Duration: 5mn 15s | 1280x720<BR><BR>[b]~> Download video from KEEP2SHARE <~<BR>[url=http://rapidgator.net/file/08c2a9f559f6212a78c567d718b39997/0011_lingerie_sex_xxx_video_a.wmv.html]0011_lingerie_sex_xxx_video_a.wmv[/url][/b]<BR><BR> ","1380","2231","3643","1367"
" Art Lingerie Frida 9.11.14 HD Art Lingerie.14.09.11.Frid","[URL=http://pimpandhost.com/image/44383284-original.html][IMG]http://ist3-1.filesor.com/pimpandhost.com/1/_/_/_/1/3/0/e/7/30e7q/0012_lingerie_sex_xxx_video_a_s.jpg[/IMG][/URL]<BR><BR>[b]Sexy lingerie, Stockings, Bra, Panties, Fetish, Teasing, Undressing, [/b]<BR>0012_ Art Lingerie Frida 9.11.14 HD Art Lingerie.14.09.11.Frid<BR><BR>[b]0012_lingerie_sex_xxx_video_a[/b]<BR>Windows Media | Size: 295 MiB | Duration: 5mn 2s | 1280x720<BR><BR>[b]~> Download video from KEEP2SHARE <~<BR>[url=http://rapidgator.net/file/b69ef8325cd90c86e7c4c498ef64ab9c/0012_lingerie_sex_xxx_video_a.wmv.html]0012_lingerie_sex_xxx_video_a.wmv[/url][/b]<BR><BR> ","1340","1706","3661","1312"
" Art Lingerie Kacie 7.14.14 HD Art Lingerie.14.07.14.Kaci","[URL=http://pimpandhost.com/image/44383286-original.html][IMG]http://ist3-2.filesor.com/pimpandhost.com/1/_/_/_/1/3/0/e/7/30e7s/0013_lingerie_sex_xxx_video_e_s.jpg[/IMG][/URL]<BR><BR>[b]Sexy lingerie, Stockings, Bra, Panties, Fetish, Teasing, Undressing, [/b]<BR>0013_ Art Lingerie Kacie 7.14.14 HD Art Lingerie.14.07.14.Kaci<BR><BR>[b]0013_lingerie_sex_xxx_video_e[/b]<BR>Windows Media | Size: 333 MiB | Duration: 5mn 40s | 1280x720<BR><BR>[b]~> Download video from KEEP2SHARE <~<BR>[url=http://rapidgator.net/file/610e23f389947ffe7225e9f8152b9898/0013_lingerie_sex_xxx_video_e.wmv.html]0013_lingerie_sex_xxx_video_e.wmv[/url][/b]<BR><BR> ","1323","2060","3583","1400"
" Art Lingerie Kara D. 8.25.14 HD Art Lingerie.14.08.25.Kara","[URL=http://pimpandhost.com/image/44383287-original.html][IMG]http://ist3-1.filesor.com/pimpandhost.com/1/_/_/_/1/3/0/e/7/30e7t/0014_lingerie_sex_xxx_video_D_s.jpg[/IMG][/URL]<BR><BR>[b]Sexy lingerie, Stockings, Bra, Panties, Fetish, Teasing, Undressing, [/b]<BR>0014_ Art Lingerie Kara D. 8.25.14 HD Art Lingerie.14.08.25.Kara.<BR><BR>[b]0014_lingerie_sex_xxx_video_D[/b]<BR>Windows Media | Size: 519 MiB | Duration: 8mn 50s | 1280x720<BR><BR>[b]~> Download video from KEEP2SHARE <~<BR>[url=http://rapidgator.net/file/42948b63f1d6a94124bb05d47bdea663/0014_lingerie_sex_xxx_video_D.wmv.part1.rar.html]0014_lingerie_sex_xxx_video_D.wmv.part1.rar[/url]<BR>[url=http://rapidgator.net/file/9171b9d37b3a4d24428e2669ae053845/0014_lingerie_sex_xxx_video_D.wmv.part2.rar.html]0014_lingerie_sex_xxx_video_D.wmv.part2.rar[/url][/b]<BR><BR> ","1374","1561","3604","1341"
" Art Lingerie Kristina U. 9.29.14 HD Art Lingerie.14.09.29.","[URL=http://pimpandhost.com/image/44383290-original.html][IMG]http://ist3-1.filesor.com/pimpandhost.com/1/_/_/_/1/3/0/e/7/30e7w/0015_lingerie_sex_xxx_video_U_s.jpg[/IMG][/URL]<BR><BR>[b]Sexy lingerie, Stockings, Bra, Panties, Fetish, Teasing, Undressing, [/b]<BR>0015_ Art Lingerie Kristina U. 9.29.14 HD Art Lingerie.14.09.29.Kristina.<BR><BR>[b]0015_lingerie_sex_xxx_video_U[/b]<BR>Windows Media | Size: 482 MiB | Duration: 8mn 12s | 1280x720<BR><BR>[b]~> Download video from KEEP2SHARE <~<BR>[url=http://rapidgator.net/file/f96dc7deccf6f8fa0ab70cee01400e02/0015_lingerie_sex_xxx_video_U.wmv.part1.rar.html]0015_lingerie_sex_xxx_video_U.wmv.part1.rar[/url]<BR>[url=http://rapidgator.net/file/ab3ca823e7fec03511158dc410983a1d/0015_lingerie_sex_xxx_video_U.wmv.part2.rar.html]0015_lingerie_sex_xxx_video_U.wmv.part2.rar[/url][/b]<BR><BR> ","1386","1589","3541","1357"
" Art Lingerie Lily S. 8.5.14 HD Art Lingerie.14.08.05.Lily.","[URL=http://pimpandhost.com/image/44383292-original.html][IMG]http://ist3-1.filesor.com/pimpandhost.com/1/_/_/_/1/3/0/e/7/30e7y/0016_lingerie_sex_xxx_video_S_s.jpg[/IMG][/URL]<BR><BR>[b]Sexy lingerie, Stockings, Bra, Panties, Fetish, Teasing, Undressing, [/b]<BR>0016_ Art Lingerie Lily S. 8.5.14 HD Art Lingerie.14.08.05.Lily.<BR><BR>[b]0016_lingerie_sex_xxx_video_S[/b]<BR>Windows Media | Size: 294 MiB | Duration: 4mn 59s | 1280x720<BR><BR>[b]~> Download video from KEEP2SHARE <~<BR>[url=http://rapidgator.net/file/a738b3e772f0a164a2baefbd741137e1/0016_lingerie_sex_xxx_video_S.wmv.html]0016_lingerie_sex_xxx_video_S.wmv[/url][/b]<BR><BR> ","1321","2336","3525","1328"
" Art Lingerie Michelle Moist 8.11.14 HD Art Lingerie.14.08.","[URL=http://pimpandhost.com/image/44383295-original.html][IMG]http://ist3-2.filesor.com/pimpandhost.com/1/_/_/_/1/3/0/e/7/30e7B/0017_lingerie_sex_xxx_video_t_s.jpg[/IMG][/URL]<BR><BR>[b]Sexy lingerie, Stockings, Bra, Panties, Fetish, Teasing, Undressing, [/b]<BR>0017_ Art Lingerie Michelle Moist 8.11.14 HD Art Lingerie.14.08.11.Michelle.Mois<BR><BR>[b]0017_lingerie_sex_xxx_video_t[/b]<BR>Windows Media | Size: 383 MiB | Duration: 6mn 31s | 1280x720<BR><BR>[b]~> Download video from KEEP2SHARE <~<BR>[url=http://rapidgator.net/file/d13d376dfdbd0bc3c76b96f76400ad48/0017_lingerie_sex_xxx_video_t.wmv.html]0017_lingerie_sex_xxx_video_t.wmv[/url][/b]<BR><BR> ","1398","2367","3506","1350"
" Art Lingerie Monika 7.22.14 HD Art Lingerie.14.07.22.Monik","[URL=http://pimpandhost.com/image/44383296-original.html][IMG]http://ist3-1.filesor.com/pimpandhost.com/1/_/_/_/1/3/0/e/7/30e7C/0018_lingerie_sex_xxx_video_a_s.jpg[/IMG][/URL]<BR><BR>[b]Sexy lingerie, Stockings, Bra, Panties, Fetish, Teasing, Undressing, [/b]<BR>0018_ Art Lingerie Monika 7.22.14 HD Art Lingerie.14.07.22.Monik<BR><BR>[b]0018_lingerie_sex_xxx_video_a[/b]<BR>Windows Media | Size: 320 MiB | Duration: 5mn 27s | 1280x720<BR><BR>[b]~> Download video from KEEP2SHARE <~<BR>[url=http://rapidgator.net/file/738bf8b6e10362ca72c6301ef8d6dfb1/0018_lingerie_sex_xxx_video_a.wmv.html]0018_lingerie_sex_xxx_video_a.wmv[/url][/b]<BR><BR> ","1338","1638","3535","1318"
" Art Lingerie Monika 9.7.14 HD Art Lingerie.14.09.07.Monik","[URL=http://pimpandhost.com/image/44383297-original.html][IMG]http://ist3-1.filesor.com/pimpandhost.com/1/_/_/_/1/3/0/e/7/30e7D/0019_lingerie_sex_xxx_video_a_s.jpg[/IMG][/URL]<BR><BR>[b]Sexy lingerie, Stockings, Bra, Panties, Fetish, Teasing, Undressing, [/b]<BR>0019_ Art Lingerie Monika 9.7.14 HD Art Lingerie.14.09.07.Monik<BR><BR>[b]0019_lingerie_sex_xxx_video_a[/b]<BR>Windows Media | Size: 346 MiB | Duration: 5mn 53s | 1280x720<BR><BR>[b]~> Download video from KEEP2SHARE <~<BR>[url=http://rapidgator.net/file/69c4f8d5d63e8801f8a2cfac069f3d9b/0019_lingerie_sex_xxx_video_a.wmv.html]0019_lingerie_sex_xxx_video_a.wmv[/url][/b]<BR><BR> ","1397","2302","3670","1337"
" Art Lingerie Natalia X 6.20.14 HD Art Lingerie.14.06.20.Na","[URL=http://pimpandhost.com/image/44383298-original.html][IMG]http://ist3-2.filesor.com/pimpandhost.com/1/_/_/_/1/3/0/e/7/30e7E/0020_lingerie_sex_xxx_video_X_s.jpg[/IMG][/URL]<BR><BR>[b]Sexy lingerie, Stockings, Bra, Panties, Fetish, Teasing, Undressing, [/b]<BR>0020_ Art Lingerie Natalia X 6.20.14 HD Art Lingerie.14.06.20.Natalia.<BR><BR>[b]0020_lingerie_sex_xxx_video_X[/b]<BR>Windows Media | Size: 378 MiB | Duration: 6mn 26s | 1280x720<BR><BR>[b]~> Download video from KEEP2SHARE <~<BR>[url=http://rapidgator.net/file/b2c387e00e2274b02ceaaae8bdf1755e/0020_lingerie_sex_xxx_video_X.wmv.html]0020_lingerie_sex_xxx_video_X.wmv[/url][/b]<BR><BR> ","1312","2090","3597","1335"
" Art Lingerie Nici Dee 6.19.14 HD Art Lingerie.14.06.19.Nic","[URL=http://pimpandhost.com/image/44383299-original.html][IMG]http://ist3-2.filesor.com/pimpandhost.com/1/_/_/_/1/3/0/e/7/30e7F/0021_lingerie_sex_xxx_video_i_s.jpg[/IMG][/URL]<BR><BR>[b]Sexy lingerie, Stockings, Bra, Panties, Fetish, Teasing, Undressing, [/b]<BR>0021_ Art Lingerie Nici Dee 6.19.14 HD Art Lingerie.14.06.19.Nic<BR><BR>[b]0021_lingerie_sex_xxx_video_i[/b]<BR>Windows Media | Size: 291 MiB | Duration: 4mn 57s | 1280x720<BR><BR>[b]~> Download video from KEEP2SHARE <~<BR>[url=http://rapidgator.net/file/98a46a514d99e673399ca6db9db6b977/0021_lingerie_sex_xxx_video_i.wmv.html]0021_lingerie_sex_xxx_video_i.wmv[/url][/b]<BR><BR> ","1328","2312","3571","1301"
" Art Lingerie Nici Dee 8.26.14 HD Art Lingerie.14.08.26.Nic","[URL=http://pimpandhost.com/image/44383301-original.html][IMG]http://ist3-2.filesor.com/pimpandhost.com/1/_/_/_/1/3/0/e/7/30e7H/0022_lingerie_sex_xxx_video_i_s.jpg[/IMG][/URL]<BR><BR>[b]Sexy lingerie, Stockings, Bra, Panties, Fetish, Teasing, Undressing, [/b]<BR>0022_ Art Lingerie Nici Dee 8.26.14 HD Art Lingerie.14.08.26.Nic<BR><BR>[b]0022_lingerie_sex_xxx_video_i[/b]<BR>Windows Media | Size: 291 MiB | Duration: 4mn 58s | 1280x720<BR><BR>[b]~> Download video from KEEP2SHARE <~<BR>[url=http://rapidgator.net/file/3660c3bd2ff6d8483ec8b4b02c449ba3/0022_lingerie_sex_xxx_video_i.wmv.html]0022_lingerie_sex_xxx_video_i.wmv[/url][/b]<BR><BR> ","1397","2288","3584","1383"
" Art Lingerie Rachelle 7.30.14 HD Art Lingerie.14.07.30.Rac","[URL=http://pimpandhost.com/image/44383302-original.html][IMG]http://ist3-1.filesor.com/pimpandhost.com/1/_/_/_/1/3/0/e/7/30e7I/0023_lingerie_sex_xxx_video_e_s.jpg[/IMG][/URL]<BR><BR>[b]Sexy lingerie, Stockings, Bra, Panties, Fetish, Teasing, Undressing, [/b]<BR>0023_ Art Lingerie Rachelle 7.30.14 HD Art Lingerie.14.07.30.Rachell<BR><BR>[b]0023_lingerie_sex_xxx_video_e[/b]<BR>Windows Media | Size: 400 MiB | Duration: 6mn 49s | 1280x720<BR><BR>[b]~> Download video from KEEP2SHARE <~<BR>[url=http://rapidgator.net/file/598cafe9a129bb637c655018de036ade/0023_lingerie_sex_xxx_video_e.wmv.html]0023_lingerie_sex_xxx_video_e.wmv[/url][/b]<BR><BR> ","1398","2064","3580","1319"
" Art Lingerie Very 8.7.14 HD Art Lingerie.14.08.07.Ver","[URL=http://pimpandhost.com/image/44383303-original.html][IMG]http://ist3-2.filesor.com/pimpandhost.com/1/_/_/_/1/3/0/e/7/30e7J/0024_lingerie_sex_xxx_video_y_s.jpg[/IMG][/URL]<BR><BR>[b]Sexy lingerie, Stockings, Bra, Panties, Fetish, Teasing, Undressing, [/b]<BR>0024_ Art Lingerie Very 8.7.14 HD Art Lingerie.14.08.07.Ver<BR><BR>[b]0024_lingerie_sex_xxx_video_y[/b]<BR>Windows Media | Size: 325 MiB | Duration: 5mn 33s | 1280x720<BR><BR>[b]~> Download video from KEEP2SHARE <~<BR>[url=http://rapidgator.net/file/5d0a744b0f2073178d190111bef27c15/0024_lingerie_sex_xxx_video_y.wmv.html]0024_lingerie_sex_xxx_video_y.wmv[/url][/b]<BR><BR> ","1356","1975","3594","1353"
" Art Lingerie Whitney Conroy 7.17.14 HD Art Lingerie.14.07.","[URL=http://pimpandhost.com/image/44383304-original.html][IMG]http://ist3-1.filesor.com/pimpandhost.com/1/_/_/_/1/3/0/e/7/30e7K/0025_lingerie_sex_xxx_video_y_s.jpg[/IMG][/URL]<BR><BR>[b]Sexy lingerie, Stockings, Bra, Panties, Fetish, Teasing, Undressing, [/b]<BR>0025_ Art Lingerie Whitney Conroy 7.17.14 HD Art Lingerie.14.07.17.Whitney.Conro<BR><BR>[b]0025_lingerie_sex_xxx_video_y[/b]<BR>Windows Media | Size: 301 MiB | Duration: 5mn 7s | 1280x720<BR><BR>[b]~> Download video from KEEP2SHARE <~<BR>[url=http://rapidgator.net/file/c3aff7c898134c4b5a56f1d3199152e3/0025_lingerie_sex_xxx_video_y.wmv.html]0025_lingerie_sex_xxx_video_y.wmv[/url][/b]<BR><BR> ","1349","1951","3506","1387"
" Chubby Girl Does Her Boyfriend bbbcccrr","[URL=http://pimpandhost.com/image/44383307-original.html][IMG]http://ist3-2.filesor.com/pimpandhost.com/1/_/_/_/1/3/0/e/7/30e7N/0026_lingerie_sex_xxx_video_r_s.jpg[/IMG][/URL]<BR><BR>[b]Sexy lingerie, Stockings, Bra, Panties, Fetish, Teasing, Undressing, [/b]<BR>0026_ Chubby Girl Does Her Boyfriend bbbcccrr<BR><BR>[b]0026_lingerie_sex_xxx_video_r[/b]<BR>MPEG-4 | Size: 110 MiB | Duration: 3mn 51s | 1280x720<BR><BR>[b]~> Download video from KEEP2SHARE <~<BR>[url=http://rapidgator.net/file/6c68aaba3cf7facacba328c005fd48b8/0026_lingerie_sex_xxx_video_r.mp4.html]0026_lingerie_sex_xxx_video_r.mp4[/url][/b]<BR><BR> ","1366","1685","3510","1362"
" LadiesKissLadies FerroNetwork Florence A, Fiona A ladieski","[URL=http://pimpandhost.com/image/44383308-original.html][IMG]http://ist3-1.filesor.com/pimpandhost.com/1/_/_/_/1/3/0/e/7/30e7O/0027_lingerie_sex_xxx_video_p_s.jpg[/IMG][/URL]<BR><BR>[b]Sexy lingerie, Stockings, Bra, Panties, Fetish, Teasing, Undressing, [/b]<BR>0027_ LadiesKissLadies FerroNetwork Florence A, Fiona A ladieskissladies g702 cli<BR><BR>[b]0027_lingerie_sex_xxx_video_p[/b]<BR>Windows Media | Size: 281 MiB | Duration: 11mn 54s | 1280x720<BR><BR>[b]~> Download video from KEEP2SHARE <~<BR>[url=http://rapidgator.net/file/7d7b5cb50b305a1d211d6d960f681d4c/0027_lingerie_sex_xxx_video_p.wmv.html]0027_lingerie_sex_xxx_video_p.wmv[/url][/b]<BR><BR> ","1309","2311","3698","1321"
" Lifeselector The Doll Collector SC2 HD Handsfree Edition T","[URL=http://pimpandhost.com/image/44383310-original.html][IMG]http://ist3-2.filesor.com/pimpandhost.com/1/_/_/_/1/3/0/e/7/30e7Q/0028_lingerie_sex_xxx_video_2_s.jpg[/IMG][/URL]<BR><BR>[b]Sexy lingerie, Stockings, Bra, Panties, Fetish, Teasing, Undressing, [/b]<BR>0028_ Lifeselector The Doll Collector SC2 HD Handsfree Edition The Doll Collector SC<BR><BR>[b]0028_lingerie_sex_xxx_video_2[/b]<BR>MPEG-4 | Size: 1.40 GiB | Duration: 20mn 36s | 1280x720<BR><BR>[b]~> Download video from KEEP2SHARE <~<BR>[url=http://rapidgator.net/file/9eff815fb7d13de99d49af067551cf73/0028_lingerie_sex_xxx_video_2.mp4.part1.rar.html]0028_lingerie_sex_xxx_video_2.mp4.part1.rar[/url]<BR>[url=http://rapidgator.net/file/6ddc4df51586b0b208b9d26528c0322a/0028_lingerie_sex_xxx_video_2.mp4.part2.rar.html]0028_lingerie_sex_xxx_video_2.mp4.part2.rar[/url]<BR>[url=http://rapidgator.net/file/281ccf6bca6efe6c8fe71d92ea52a36f/0028_lingerie_sex_xxx_video_2.mp4.part3.rar.html]0028_lingerie_sex_xxx_video_2.mp4.part3.rar[/url]<BR>[url=http://rapidgator.net/file/23641188c3fbc937b2312a336eac63ed/0028_lingerie_sex_xxx_video_2.mp4.part4.rar.html]0028_lingerie_sex_xxx_video_2.mp4.part4.rar[/url][/b]<BR><BR> ","1356","1928","3614","1384"
" Scoreland Katie Thornton Eyecandy Girl KatieThornton Eyeca","[URL=http://pimpandhost.com/image/44383311-original.html][IMG]http://ist3-1.filesor.com/pimpandhost.com/1/_/_/_/1/3/0/e/7/30e7R/0029_lingerie_sex_xxx_video_l_s.jpg[/IMG][/URL]<BR><BR>[b]Sexy lingerie, Stockings, Bra, Panties, Fetish, Teasing, Undressing, [/b]<BR>0029_ Scoreland Katie Thornton Eyecandy Girl KatieThornton Eyecandy Gir<BR><BR>[b]0029_lingerie_sex_xxx_video_l[/b]<BR>MPEG-4 | Size: 540 MiB | Duration: 19mn 15s | 1280x720<BR><BR>[b]~> Download video from KEEP2SHARE <~<BR>[url=http://rapidgator.net/file/563bffe6f43a60422337c38f36d49f5f/0029_lingerie_sex_xxx_video_l.mp4.part1.rar.html]0029_lingerie_sex_xxx_video_l.mp4.part1.rar[/url]<BR>[url=http://rapidgator.net/file/8c07f95637b34a731863e0edf92a70e6/0029_lingerie_sex_xxx_video_l.mp4.part2.rar.html]0029_lingerie_sex_xxx_video_l.mp4.part2.rar[/url][/b]<BR><BR> ","1338","2332","3669","1335"
" Scoreland Samantha Lily A Pair of Queens SamanthaLily A Pa","[URL=http://pimpandhost.com/image/44383314-original.html][IMG]http://ist3-2.filesor.com/pimpandhost.com/1/_/_/_/1/3/0/e/7/30e7U/0030_lingerie_sex_xxx_video_s_s.jpg[/IMG][/URL]<BR><BR>[b]Sexy lingerie, Stockings, Bra, Panties, Fetish, Teasing, Undressing, [/b]<BR>0030_ Scoreland Samantha Lily A Pair of Queens SamanthaLily A Pair of Queen<BR><BR>[b]0030_lingerie_sex_xxx_video_s[/b]<BR>MPEG-4 | Size: 332 MiB | Duration: 11mn 51s | 1280x720<BR><BR>[b]~> Download video from KEEP2SHARE <~<BR>[url=http://rapidgator.net/file/fd468585b988f39a1361f18c3e22cf60/0030_lingerie_sex_xxx_video_s.mp4.html]0030_lingerie_sex_xxx_video_s.mp4[/url][/b]<BR><BR> ","1380","1738","3535","1378"
" Stocking Videos 2001 2010 FF and Stocking Videos Does Your","[URL=http://pimpandhost.com/image/44383319-original.html][IMG]http://ist3-1.filesor.com/pimpandhost.com/1/_/_/_/1/3/0/e/7/30e7Z/0031_lingerie_sex_xxx_video_s_s.jpg[/IMG][/URL]<BR><BR>[b]Sexy lingerie, Stockings, Bra, Panties, Fetish, Teasing, Undressing, [/b]<BR>0031_ Stocking Videos 2001 2010 FF and Stocking Videos Does Your Wife Know You Have Seen My Tits Movie<BR><BR>[b]0031_lingerie_sex_xxx_video_s[/b]<BR>Flash Video | Size: 94.3 MiB | Duration: 8mn 22s | 768x432<BR><BR>[b]~> Download video from KEEP2SHARE <~<BR>[url=http://rapidgator.net/file/4f58ba894a87a639a14b9758fe260a0b/0031_lingerie_sex_xxx_video_s.flv.html]0031_lingerie_sex_xxx_video_s.flv[/url][/b]<BR><BR> ","1389","2019","3693","1345"
" Stocking Videos 2001 2010 FF and Stocking Videos Nylon,Ang","[URL=http://pimpandhost.com/image/44383322-original.html][IMG]http://ist3-2.filesor.com/pimpandhost.com/1/_/_/_/1/3/0/e/8/30e82/0032_lingerie_sex_xxx_video_3_s.jpg[/IMG][/URL]<BR><BR>[b]Sexy lingerie, Stockings, Bra, Panties, Fetish, Teasing, Undressing, [/b]<BR>0032_ Stocking Videos 2001 2010 FF and Stocking Videos Nylon,Angie0<BR><BR>[b]0032_lingerie_sex_xxx_video_3[/b]<BR>Windows Media | Size: 19.9 MiB | Duration: 2mn 10s | 640x480<BR><BR>[b]~> Download video from KEEP2SHARE <~<BR>[url=http://rapidgator.net/file/3c6a22df112913d4a6b1756a08bd39d5/0032_lingerie_sex_xxx_video_3.wmv.html]0032_lingerie_sex_xxx_video_3.wmv[/url][/b]<BR><BR> ","1310","1889","3696","1360"
" Stocking Videos 2001 2010 FF and Stocking Videos Nylon.Ang","[URL=http://pimpandhost.com/image/44383324-original.html][IMG]http://ist3-1.filesor.com/pimpandhost.com/1/_/_/_/1/3/0/e/8/30e84/0033_lingerie_sex_xxx_video_1_s.jpg[/IMG][/URL]<BR><BR>[b]Sexy lingerie, Stockings, Bra, Panties, Fetish, Teasing, Undressing, [/b]<BR>0033_ Stocking Videos 2001 2010 FF and Stocking Videos Nylon.Angie0<BR><BR>[b]0033_lingerie_sex_xxx_video_1[/b]<BR>Windows Media | Size: 21.7 MiB | Duration: 2mn 17s | 640x480<BR><BR>[b]~> Download video from KEEP2SHARE <~<BR>[url=http://rapidgator.net/file/11bf12751282de2d18776a315c7a820e/0033_lingerie_sex_xxx_video_1.wmv.html]0033_lingerie_sex_xxx_video_1.wmv[/url][/b]<BR><BR> ","1394","1509","3593","1359"
" Stocking Videos 2001 2010 FF and Stocking Videos Nylon.Ang","[URL=http://pimpandhost.com/image/44383325-original.html][IMG]http://ist3-2.filesor.com/pimpandhost.com/1/_/_/_/1/3/0/e/8/30e85/0034_lingerie_sex_xxx_video_2_s.jpg[/IMG][/URL]<BR><BR>[b]Sexy lingerie, Stockings, Bra, Panties, Fetish, Teasing, Undressing, [/b]<BR>0034_ Stocking Videos 2001 2010 FF and Stocking Videos Nylon.Angie0<BR><BR>[b]0034_lingerie_sex_xxx_video_2[/b]<BR>Windows Media | Size: 25.4 MiB | Duration: 2mn 42s | 640x480<BR><BR>[b]~> Download video from KEEP2SHARE <~<BR>[url=http://rapidgator.net/file/dc21d8e6d9eaa99f0ad7d6d8ba1db2b8/0034_lingerie_sex_xxx_video_2.wmv.html]0034_lingerie_sex_xxx_video_2.wmv[/url][/b]<BR><BR> ","1321","1964","3542","1331"
" Stocking Videos 2001 2010 FF and Stocking Videos Nylon.Ang","[URL=http://pimpandhost.com/image/44383328-original.html][IMG]http://ist3-1.filesor.com/pimpandhost.com/1/_/_/_/1/3/0/e/8/30e88/0035_lingerie_sex_xxx_video_4_s.jpg[/IMG][/URL]<BR><BR>[b]Sexy lingerie, Stockings, Bra, Panties, Fetish, Teasing, Undressing, [/b]<BR>0035_ Stocking Videos 2001 2010 FF and Stocking Videos Nylon.Angie0<BR><BR>[b]0035_lingerie_sex_xxx_video_4[/b]<BR>Windows Media | Size: 20.7 MiB | Duration: 2mn 12s | 640x480<BR><BR>[b]~> Download video from KEEP2SHARE <~<BR>[url=http://rapidgator.net/file/517aa7ecbe41b7ab9db4936eb926debd/0035_lingerie_sex_xxx_video_4.wmv.html]0035_lingerie_sex_xxx_video_4.wmv[/url][/b]<BR><BR> ","1341","1679","3606","1398"
" Stocking Videos 2001 2010 FF and Stocking Videos Nylon.Ang","[URL=http://pimpandhost.com/image/44383329-original.html][IMG]http://ist3-2.filesor.com/pimpandhost.com/1/_/_/_/1/3/0/e/8/30e89/0036_lingerie_sex_xxx_video_6_s.jpg[/IMG][/URL]<BR><BR>[b]Sexy lingerie, Stockings, Bra, Panties, Fetish, Teasing, Undressing, [/b]<BR>0036_ Stocking Videos 2001 2010 FF and Stocking Videos Nylon.Angie0<BR><BR>[b]0036_lingerie_sex_xxx_video_6[/b]<BR>Windows Media | Size: 21.8 MiB | Duration: 2mn 20s | 640x480<BR><BR>[b]~> Download video from KEEP2SHARE <~<BR>[url=http://rapidgator.net/file/ac7b71aa2e56548266e9c4db07b044e3/0036_lingerie_sex_xxx_video_6.wmv.html]0036_lingerie_sex_xxx_video_6.wmv[/url][/b]<BR><BR> ","1368","1589","3661","1305"
" Stocking Videos 2001 2010 FF and Stocking Videos Panty Lin","[URL=http://pimpandhost.com/image/44383331-original.html][IMG]http://ist3-1.filesor.com/pimpandhost.com/1/_/_/_/1/3/0/e/8/30e8b/0037_lingerie_sex_xxx_video_e_s.jpg[/IMG][/URL]<BR><BR>[b]Sexy lingerie, Stockings, Bra, Panties, Fetish, Teasing, Undressing, [/b]<BR>0037_ Stocking Videos 2001 2010 FF and Stocking Videos Panty Line Perversion minnie and mary Larg<BR><BR>[b]0037_lingerie_sex_xxx_video_e[/b]<BR>Windows Media | Size: 431 MiB | Duration: 7mn 26s | 1280x720<BR><BR>[b]~> Download video from KEEP2SHARE <~<BR>[url=http://rapidgator.net/file/3fea2df9fa069c863a76c20c095a7b83/0037_lingerie_sex_xxx_video_e.wmv.html]0037_lingerie_sex_xxx_video_e.wmv[/url][/b]<BR><BR> ","1302","2086","3580","1382"
" Stocking Videos 2001 2010 FF and Stocking Videos Secretari","[URL=http://pimpandhost.com/image/44383332-original.html][IMG]http://ist3-1.filesor.com/pimpandhost.com/1/_/_/_/1/3/0/e/8/30e8c/0038_lingerie_sex_xxx_video_s_s.jpg[/IMG][/URL]<BR><BR>[b]Sexy lingerie, Stockings, Bra, Panties, Fetish, Teasing, Undressing, [/b]<BR>0038_ Stocking Videos 2001 2010 FF and Stocking Videos Secretaries Are HOT Movie<BR><BR>[b]0038_lingerie_sex_xxx_video_s[/b]<BR>Flash Video | Size: 125 MiB | Duration: 11mn 3s | 768x432<BR><BR>[b]~> Download video from KEEP2SHARE <~<BR>[url=http://rapidgator.net/file/af66af50ab5198dd552a458e2d1ed87d/0038_lingerie_sex_xxx_video_s.flv.html]0038_lingerie_sex_xxx_video_s.flv[/url][/b]<BR><BR> ","1392","2018","3619","1381"
" Stocking Videos 2001 2010 FF and Stocking Videos ahsleymai","[URL=http://pimpandhost.com/image/44383334-original.html][IMG]http://ist3-2.filesor.com/pimpandhost.com/1/_/_/_/1/3/0/e/8/30e8e/0039_lingerie_sex_xxx_video_0_s.jpg[/IMG][/URL]<BR><BR>[b]Sexy lingerie, Stockings, Bra, Panties, Fetish, Teasing, Undressing, [/b]<BR>0039_ Stocking Videos 2001 2010 FF and Stocking Videos ahsleymaidc100<BR><BR>[b]0039_lingerie_sex_xxx_video_0[/b]<BR>Windows Media | Size: 85.0 MiB | Duration: 13mn 20s | 448x252<BR><BR>[b]~> Download video from KEEP2SHARE <~<BR>[url=http://rapidgator.net/file/c13a6629e3e6a73af2764c5dacb1df95/0039_lingerie_sex_xxx_video_0.wmv.html]0039_lingerie_sex_xxx_video_0.wmv[/url][/b]<BR><BR> ","1315","2000","3550","1325"
" Stocking Videos 2001 2010 FF and Stocking Videos ashley ba","[URL=http://pimpandhost.com/image/44383336-original.html][IMG]http://ist3-1.filesor.com/pimpandhost.com/1/_/_/_/1/3/0/e/8/30e8g/0040_lingerie_sex_xxx_video_e_s.jpg[/IMG][/URL]<BR><BR>[b]Sexy lingerie, Stockings, Bra, Panties, Fetish, Teasing, Undressing, [/b]<BR>0040_ Stocking Videos 2001 2010 FF and Stocking Videos ashley bathtime larg<BR><BR>[b]0040_lingerie_sex_xxx_video_e[/b]<BR>Windows Media | Size: 254 MiB | Duration: 12mn 51s | 1280x720<BR><BR>[b]~> Download video from KEEP2SHARE <~<BR>[url=http://rapidgator.net/file/262c41ef223808c22e4af5522e535ccc/0040_lingerie_sex_xxx_video_e.wmv.html]0040_lingerie_sex_xxx_video_e.wmv[/url][/b]<BR><BR> ","1399","1708","3671","1393"
" Stocking Videos 2001 2010 FF and Stocking Videos ashley110","[URL=http://pimpandhost.com/image/44383337-original.html][IMG]http://ist3-1.filesor.com/pimpandhost.com/1/_/_/_/1/3/0/e/8/30e8h/0041_lingerie_sex_xxx_video_0_s.jpg[/IMG][/URL]<BR><BR>[b]Sexy lingerie, Stockings, Bra, Panties, Fetish, Teasing, Undressing, [/b]<BR>0041_ Stocking Videos 2001 2010 FF and Stocking Videos ashley1100<BR><BR>[b]0041_lingerie_sex_xxx_video_0[/b]<BR>Windows Media | Size: 71.8 MiB | Duration: 11mn 16s | 448x252<BR><BR>[b]~> Download video from KEEP2SHARE <~<BR>[url=http://rapidgator.net/file/eb0f68ac7d43a9e8f9499dadb23d2740/0041_lingerie_sex_xxx_video_0.wmv.html]0041_lingerie_sex_xxx_video_0.wmv[/url][/b]<BR><BR> ","1324","1784","3602","1346"
" Stocking Videos 2001 2010 FF and Stocking Videos ashley3ma","[URL=http://pimpandhost.com/image/44383339-original.html][IMG]http://ist3-1.filesor.com/pimpandhost.com/1/_/_/_/1/3/0/e/8/30e8j/0042_lingerie_sex_xxx_video_0_s.jpg[/IMG][/URL]<BR><BR>[b]Sexy lingerie, Stockings, Bra, Panties, Fetish, Teasing, Undressing, [/b]<BR>0042_ Stocking Videos 2001 2010 FF and Stocking Videos ashley3maid150<BR><BR>[b]0042_lingerie_sex_xxx_video_0[/b]<BR>Windows Media | Size: 160 MiB | Duration: 16mn 49s | 704x396<BR><BR>[b]~> Download video from KEEP2SHARE <~<BR>[url=http://rapidgator.net/file/053e1a3e6671d280e5be9ff53451a2bd/0042_lingerie_sex_xxx_video_0.wmv.html]0042_lingerie_sex_xxx_video_0.wmv[/url][/b]<BR><BR> ","1383","2149","3654","1324"
" Stocking Videos 2001 2010 FF and Stocking Videos ashleybes","[URL=http://pimpandhost.com/image/44383340-original.html][IMG]http://ist3-1.filesor.com/pimpandhost.com/1/_/_/_/1/3/0/e/8/30e8k/0043_lingerie_sex_xxx_video_k_s.jpg[/IMG][/URL]<BR><BR>[b]Sexy lingerie, Stockings, Bra, Panties, Fetish, Teasing, Undressing, [/b]<BR>0043_ Stocking Videos 2001 2010 FF and Stocking Videos ashleybestdamnpantyvideo 1500<BR><BR>[b]0043_lingerie_sex_xxx_video_k[/b]<BR>Windows Media | Size: 152 MiB | Duration: 16mn 11s | 704x396<BR><BR>[b]~> Download video from KEEP2SHARE <~<BR>[url=http://rapidgator.net/file/3a7e11afac5826d5084f929dc8d11479/0043_lingerie_sex_xxx_video_k.wmv.html]0043_lingerie_sex_xxx_video_k.wmv[/url][/b]<BR><BR> ","1392","1769","3543","1359"
" Stocking Videos 2001 2010 FF and Stocking Videos ashleycha","[URL=http://pimpandhost.com/image/44383342-original.html][IMG]http://ist3-1.filesor.com/pimpandhost.com/1/_/_/_/1/3/0/e/8/30e8m/0044_lingerie_sex_xxx_video_e_s.jpg[/IMG][/URL]<BR><BR>[b]Sexy lingerie, Stockings, Bra, Panties, Fetish, Teasing, Undressing, [/b]<BR>0044_ Stocking Videos 2001 2010 FF and Stocking Videos ashleychangelarg<BR><BR>[b]0044_lingerie_sex_xxx_video_e[/b]<BR>Windows Media | Size: 130 MiB | Duration: 12mn 24s | 1280x720<BR><BR>[b]~> Download video from KEEP2SHARE <~<BR>[url=http://rapidgator.net/file/f9cc32c862b738b1ff03dcbe3cabf28c/0044_lingerie_sex_xxx_video_e.wmv.html]0044_lingerie_sex_xxx_video_e.wmv[/url][/b]<BR><BR> ","1340","1521","3629","1342"
" Stocking Videos 2001 2010 FF and Stocking Videos ashleypol","[URL=http://pimpandhost.com/image/44383344-original.html][IMG]http://ist3-1.filesor.com/pimpandhost.com/1/_/_/_/1/3/0/e/8/30e8o/0045_lingerie_sex_xxx_video_0_s.jpg[/IMG][/URL]<BR><BR>[b]Sexy lingerie, Stockings, Bra, Panties, Fetish, Teasing, Undressing, [/b]<BR>0045_ Stocking Videos 2001 2010 FF and Stocking Videos ashleypoliece150<BR><BR>[b]0045_lingerie_sex_xxx_video_0[/b]<BR>Windows Media | Size: 125 MiB | Duration: 13mn 9s | 704x396<BR><BR>[b]~> Download video from KEEP2SHARE <~<BR>[url=http://rapidgator.net/file/dbb45f2d7bb0ad7eed099fd2629a5474/0045_lingerie_sex_xxx_video_0.wmv.html]0045_lingerie_sex_xxx_video_0.wmv[/url][/b]<BR><BR> ","1368","1538","3548","1359"
" Stocking Videos 2001 2010 FF and Stocking Videos ashleys p","[URL=http://pimpandhost.com/image/44383346-original.html][IMG]http://ist3-1.filesor.com/pimpandhost.com/1/_/_/_/1/3/0/e/8/30e8q/0046_lingerie_sex_xxx_video_y_s.jpg[/IMG][/URL]<BR><BR>[b]Sexy lingerie, Stockings, Bra, Panties, Fetish, Teasing, Undressing, [/b]<BR>0046_ Stocking Videos 2001 2010 FF and Stocking Videos ashleys panties ashle<BR><BR>[b]0046_lingerie_sex_xxx_video_y[/b]<BR>Windows Media | Size: 229 MiB | Duration: 11mn 58s | 1280x720<BR><BR>[b]~> Download video from KEEP2SHARE <~<BR>[url=http://rapidgator.net/file/54c1ece5b854e670d7883b46e7851889/0046_lingerie_sex_xxx_video_y.wmv.html]0046_lingerie_sex_xxx_video_y.wmv[/url][/b]<BR><BR> ","1362","2252","3579","1377"
" Stocking Videos 2001 2010 FF and Stocking Videos ashleys u","[URL=http://pimpandhost.com/image/44383348-original.html][IMG]http://ist3-1.filesor.com/pimpandhost.com/1/_/_/_/1/3/0/e/8/30e8s/0047_lingerie_sex_xxx_video_e_s.jpg[/IMG][/URL]<BR><BR>[b]Sexy lingerie, Stockings, Bra, Panties, Fetish, Teasing, Undressing, [/b]<BR>0047_ Stocking Videos 2001 2010 FF and Stocking Videos ashleys upskirt and panty fantasy for stockingvideos larg<BR><BR>[b]0047_lingerie_sex_xxx_video_e[/b]<BR>Windows Media | Size: 152 MiB | Duration: 15mn 35s | 854x480<BR><BR>[b]~> Download video from KEEP2SHARE <~<BR>[url=http://rapidgator.net/file/0ec756acb006b268f3e7163507e93226/0047_lingerie_sex_xxx_video_e.wmv.html]0047_lingerie_sex_xxx_video_e.wmv[/url][/b]<BR><BR> ","1339","2083","3505","1338"
" Stocking Videos 2001 2010 FF and Stocking Videos ashleyuni","[URL=http://pimpandhost.com/image/44383351-original.html][IMG]http://ist3-1.filesor.com/pimpandhost.com/1/_/_/_/1/3/0/e/8/30e8v/0048_lingerie_sex_xxx_video_0_s.jpg[/IMG][/URL]<BR><BR>[b]Sexy lingerie, Stockings, Bra, Panties, Fetish, Teasing, Undressing, [/b]<BR>0048_ Stocking Videos 2001 2010 FF and Stocking Videos ashleyunifrm150<BR><BR>[b]0048_lingerie_sex_xxx_video_0[/b]<BR>Windows Media | Size: 125 MiB | Duration: 13mn 4s | 704x396<BR><BR>[b]~> Download video from KEEP2SHARE <~<BR>[url=http://rapidgator.net/file/bad8ed19ca24ce7ed45c0d79729b0be2/0048_lingerie_sex_xxx_video_0.wmv.html]0048_lingerie_sex_xxx_video_0.wmv[/url][/b]<BR><BR> ","1388","2290","3560","1312"
" Stocking Videos 2001 2010 FF and Stocking Videos ashleywal","[URL=http://pimpandhost.com/image/44383352-original.html][IMG]http://ist3-1.filesor.com/pimpandhost.com/1/_/_/_/1/3/0/e/8/30e8w/0049_lingerie_sex_xxx_video_k_s.jpg[/IMG][/URL]<BR><BR>[b]Sexy lingerie, Stockings, Bra, Panties, Fetish, Teasing, Undressing, [/b]<BR>0049_ Stocking Videos 2001 2010 FF and Stocking Videos ashleywal<BR><BR>[b]0049_lingerie_sex_xxx_video_k[/b]<BR>Windows Media | Size: 7.36 MiB | Duration: 1mn 18s | 448x252<BR><BR>[b]~> Download video from KEEP2SHARE <~<BR>[url=http://rapidgator.net/file/bcbc75af4b78feac5052d35ff8ec1788/0049_lingerie_sex_xxx_video_k.wmv.html]0049_lingerie_sex_xxx_video_k.wmv[/url][/b]<BR><BR> ","1319","2229","3616","1302"
" Stocking Videos 2001 2010 FF and Stocking Videos ashpantyd","[URL=http://pimpandhost.com/image/44383355-original.html][IMG]http://ist3-1.filesor.com/pimpandhost.com/1/_/_/_/1/3/0/e/8/30e8z/0050_lingerie_sex_xxx_video_k_s.jpg[/IMG][/URL]<BR><BR>[b]Sexy lingerie, Stockings, Bra, Panties, Fetish, Teasing, Undressing, [/b]<BR>0050_ Stocking Videos 2001 2010 FF and Stocking Videos ashpantydelight1500<BR><BR>[b]0050_lingerie_sex_xxx_video_k[/b]<BR>Windows Media | Size: 163 MiB | Duration: 17mn 11s | 704x396<BR><BR>[b]~> Download video from KEEP2SHARE <~<BR>[url=http://rapidgator.net/file/7d061bda6d451167c7d22afd6adb78f9/0050_lingerie_sex_xxx_video_k.wmv.html]0050_lingerie_sex_xxx_video_k.wmv[/url][/b]<BR><BR> ","1353","1813","3554","1345"
" Stocking Videos 2001 2010 FF and Stocking Videos ashswing1","[URL=http://pimpandhost.com/image/44383358-original.html][IMG]http://ist3-1.filesor.com/pimpandhost.com/1/_/_/_/1/3/0/e/8/30e8C/0051_lingerie_sex_xxx_video_k_s.jpg[/IMG][/URL]<BR><BR>[b]Sexy lingerie, Stockings, Bra, Panties, Fetish, Teasing, Undressing, [/b]<BR>0051_ Stocking Videos 2001 2010 FF and Stocking Videos ashswing1500<BR><BR>[b]0051_lingerie_sex_xxx_video_k[/b]<BR>Windows Media | Size: 136 MiB | Duration: 14mn 18s | 704x396<BR><BR>[b]~> Download video from KEEP2SHARE <~<BR>[url=http://rapidgator.net/file/4f943fde331fabbcd823f628c2e6303d/0051_lingerie_sex_xxx_video_k.wmv.html]0051_lingerie_sex_xxx_video_k.wmv[/url][/b]<BR><BR> ","1365","1939","3508","1304"
" Stocking Videos 2001 2010 FF and Stocking Videos bettylapd","[URL=http://pimpandhost.com/image/44383359-original.html][IMG]http://ist3-2.filesor.com/pimpandhost.com/1/_/_/_/1/3/0/e/8/30e8D/0052_lingerie_sex_xxx_video_0_s.jpg[/IMG][/URL]<BR><BR>[b]Sexy lingerie, Stockings, Bra, Panties, Fetish, Teasing, Undressing, [/b]<BR>0052_ Stocking Videos 2001 2010 FF and Stocking Videos bettylapdance150<BR><BR>[b]0052_lingerie_sex_xxx_video_0[/b]<BR>Windows Media | Size: 99.4 MiB | Duration: 10mn 30s | 704x396<BR><BR>[b]~> Download video from KEEP2SHARE <~<BR>[url=http://rapidgator.net/file/e8c2186eca5e6f34fbd023e76f19fe2c/0052_lingerie_sex_xxx_video_0.wmv.html]0052_lingerie_sex_xxx_video_0.wmv[/url][/b]<BR><BR> ","1351","2120","3593","1318"
" Stocking Videos 2001 2010 FF and Stocking Videos black pan","[URL=http://pimpandhost.com/image/44383361-original.html][IMG]http://ist3-2.filesor.com/pimpandhost.com/1/_/_/_/1/3/0/e/8/30e8F/0053_lingerie_sex_xxx_video_y_s.jpg[/IMG][/URL]<BR><BR>[b]Sexy lingerie, Stockings, Bra, Panties, Fetish, Teasing, Undressing, [/b]<BR>0053_ Stocking Videos 2001 2010 FF and Stocking Videos black panty blow ashle<BR><BR>[b]0053_lingerie_sex_xxx_video_y[/b]<BR>Windows Media | Size: 257 MiB | Duration: 13mn 29s | 1280x720<BR><BR>[b]~> Download video from KEEP2SHARE <~<BR>[url=http://rapidgator.net/file/ac95170445bc20ca187c0cf2eb3ff27e/0053_lingerie_sex_xxx_video_y.wmv.html]0053_lingerie_sex_xxx_video_y.wmv[/url][/b]<BR><BR> ","1373","2136","3656","1335"
" Stocking Videos 2001 2010 FF and Stocking Videos busted76","[URL=http://pimpandhost.com/image/44383363-original.html][IMG]http://ist3-2.filesor.com/pimpandhost.com/1/_/_/_/1/3/0/e/8/30e8H/0054_lingerie_sex_xxx_video_8_s.jpg[/IMG][/URL]<BR><BR>[b]Sexy lingerie, Stockings, Bra, Panties, Fetish, Teasing, Undressing, [/b]<BR>0054_ Stocking Videos 2001 2010 FF and Stocking Videos busted76<BR><BR>[b]0054_lingerie_sex_xxx_video_8[/b]<BR>Windows Media | Size: 15.0 MiB | Duration: 3mn 9s | 400x300<BR><BR>[b]~> Download video from KEEP2SHARE <~<BR>[url=http://rapidgator.net/file/12468c8d3ce857865607b30cdde0720a/0054_lingerie_sex_xxx_video_8.wmv.html]0054_lingerie_sex_xxx_video_8.wmv[/url][/b]<BR><BR> ","1354","1656","3524","1394"
" Stocking Videos 2001 2010 FF and Stocking Videos choose yo","[URL=http://pimpandhost.com/image/44383366-original.html][IMG]http://ist3-1.filesor.com/pimpandhost.com/1/_/_/_/1/3/0/e/8/30e8K/0055_lingerie_sex_xxx_video_s_s.jpg[/IMG][/URL]<BR><BR>[b]Sexy lingerie, Stockings, Bra, Panties, Fetish, Teasing, Undressing, [/b]<BR>0055_ Stocking Videos 2001 2010 FF and Stocking Videos choose your panties ashley stockingvideo<BR><BR>[b]0055_lingerie_sex_xxx_video_s[/b]<BR>Windows Media | Size: 255 MiB | Duration: 13mn 21s | 1280x720<BR><BR>[b]~> Download video from KEEP2SHARE <~<BR>[url=http://rapidgator.net/file/a63b7561b700b0d4e2d5396588a73baa/0055_lingerie_sex_xxx_video_s.wmv.html]0055_lingerie_sex_xxx_video_s.wmv[/url][/b]<BR><BR> ","1382","1632","3562","1370"
" Stocking Videos 2001 2010 FF and Stocking Videos collegeas","[URL=http://pimpandhost.com/image/44383367-original.html][IMG]http://ist3-2.filesor.com/pimpandhost.com/1/_/_/_/1/3/0/e/8/30e8L/0056_lingerie_sex_xxx_video_k_s.jpg[/IMG][/URL]<BR><BR>[b]Sexy lingerie, Stockings, Bra, Panties, Fetish, Teasing, Undressing, [/b]<BR>0056_ Stocking Videos 2001 2010 FF and Stocking Videos collegeashley 1500<BR><BR>[b]0056_lingerie_sex_xxx_video_k[/b]<BR>Windows Media | Size: 146 MiB | Duration: 15mn 29s | 704x396<BR><BR>[b]~> Download video from KEEP2SHARE <~<BR>[url=http://rapidgator.net/file/caea22741f30da899554eaa8c940bef7/0056_lingerie_sex_xxx_video_k.wmv.html]0056_lingerie_sex_xxx_video_k.wmv[/url][/b]<BR><BR> ","1302","2049","3664","1322"
" Stocking Videos 2001 2010 FF and Stocking Videos confessio","[URL=http://pimpandhost.com/image/44383368-original.html][IMG]http://ist3-2.filesor.com/pimpandhost.com/1/_/_/_/1/3/0/e/8/30e8M/0057_lingerie_sex_xxx_video_n_s.jpg[/IMG][/URL]<BR><BR>[b]Sexy lingerie, Stockings, Bra, Panties, Fetish, Teasing, Undressing, [/b]<BR>0057_ Stocking Videos 2001 2010 FF and Stocking Videos confessio<BR><BR>[b]0057_lingerie_sex_xxx_video_n[/b]<BR>Windows Media | Size: 135 MiB | Duration: 13mn 56s | 854x480<BR><BR>[b]~> Download video from KEEP2SHARE <~<BR>[url=http://rapidgator.net/file/49466e031f9795607f9b9af640ab4039/0057_lingerie_sex_xxx_video_n.wmv.html]0057_lingerie_sex_xxx_video_n.wmv[/url][/b]<BR><BR> ","1342","1858","3548","1396"
" Stocking Videos 2001 2010 FF and Stocking Videos constable","[URL=http://pimpandhost.com/image/44383369-original.html][IMG]http://ist3-1.filesor.com/pimpandhost.com/1/_/_/_/1/3/0/e/8/30e8N/0058_lingerie_sex_xxx_video_0_s.jpg[/IMG][/URL]<BR><BR>[b]Sexy lingerie, Stockings, Bra, Panties, Fetish, Teasing, Undressing, [/b]<BR>0058_ Stocking Videos 2001 2010 FF and Stocking Videos constableivy 150<BR><BR>[b]0058_lingerie_sex_xxx_video_0[/b]<BR>Windows Media | Size: 75.3 MiB | Duration: 15mn 9s | 704x396<BR><BR>[b]~> Download video from KEEP2SHARE <~<BR>[url=http://rapidgator.net/file/a62ced6a9172e8797877ee615152b502/0058_lingerie_sex_xxx_video_0.wmv.html]0058_lingerie_sex_xxx_video_0.wmv[/url][/b]<BR><BR> ","1375","1960","3580","1339"
" Stocking Videos 2001 2010 FF and Stocking Videos da2voyeur","[URL=http://pimpandhost.com/image/44383371-original.html][IMG]http://ist3-2.filesor.com/pimpandhost.com/1/_/_/_/1/3/0/e/8/30e8P/0059_lingerie_sex_xxx_video_0_s.jpg[/IMG][/URL]<BR><BR>[b]Sexy lingerie, Stockings, Bra, Panties, Fetish, Teasing, Undressing, [/b]<BR>0059_ Stocking Videos 2001 2010 FF and Stocking Videos da2voyeur part1 150<BR><BR>[b]0059_lingerie_sex_xxx_video_0[/b]<BR>Windows Media | Size: 101 MiB | Duration: 10mn 42s | 704x396<BR><BR>[b]~> Download video from KEEP2SHARE <~<BR>[url=http://rapidgator.net/file/e6a5cdf9e19b7bf5e9a94622cbe55a22/0059_lingerie_sex_xxx_video_0.wmv.html]0059_lingerie_sex_xxx_video_0.wmv[/url][/b]<BR><BR> ","1400","1902","3587","1351"
" Stocking Videos 2001 2010 FF and Stocking Videos daniell","[URL=http://pimpandhost.com/image/44383373-original.html][IMG]http://ist3-2.filesor.com/pimpandhost.com/1/_/_/_/1/3/0/e/8/30e8R/0060_lingerie_sex_xxx_video_e_s.jpg[/IMG][/URL]<BR><BR>[b]Sexy lingerie, Stockings, Bra, Panties, Fetish, Teasing, Undressing, [/b]<BR>0060_ Stocking Videos 2001 2010 FF and Stocking Videos daniell<BR><BR>[b]0060_lingerie_sex_xxx_video_e[/b]<BR>Windows Media | Size: 9.17 MiB | Duration: 2mn 48s | 320x240<BR><BR>[b]~> Download video from KEEP2SHARE <~<BR>[url=http://rapidgator.net/file/1efc1e22c0f04f408bca54479f430d1e/0060_lingerie_sex_xxx_video_e.wmv.html]0060_lingerie_sex_xxx_video_e.wmv[/url][/b]<BR><BR> ","1313","2313","3640","1387"
" Stocking Videos 2001 2010 FF and Stocking Videos dirtyangi","[URL=http://pimpandhost.com/image/44383374-original.html][IMG]http://ist3-1.filesor.com/pimpandhost.com/1/_/_/_/1/3/0/e/8/30e8S/0061_lingerie_sex_xxx_video_a_s.jpg[/IMG][/URL]<BR><BR>[b]Sexy lingerie, Stockings, Bra, Panties, Fetish, Teasing, Undressing, [/b]<BR>0061_ Stocking Videos 2001 2010 FF and Stocking Videos dirtyangieyourdirtylittlemaidstockingvideoslarge<BR><BR>[b]0061_lingerie_sex_xxx_video_a[/b]<BR>Windows Media | Size: 139 MiB | Duration: 14mn 15s | 854x480<BR><BR>[b]~> Download video from KEEP2SHARE <~<BR>[url=http://rapidgator.net/file/2655989ec3cf89a3b7744558ee935650/0061_lingerie_sex_xxx_video_a.wmv.html]0061_lingerie_sex_xxx_video_a.wmv[/url][/b]<BR><BR> ","1361","1929","3543","1315"
" Stocking Videos 2001 2010 FF and Stocking Videos elevator7","[URL=http://pimpandhost.com/image/44383375-original.html][IMG]http://ist3-1.filesor.com/pimpandhost.com/1/_/_/_/1/3/0/e/8/30e8T/0062_lingerie_sex_xxx_video_8_s.jpg[/IMG][/URL]<BR><BR>[b]Sexy lingerie, Stockings, Bra, Panties, Fetish, Teasing, Undressing, [/b]<BR>0062_ Stocking Videos 2001 2010 FF and Stocking Videos elevator76<BR><BR>[b]0062_lingerie_sex_xxx_video_8[/b]<BR>Windows Media | Size: 49.2 MiB | Duration: 10mn 0s | 400x300<BR><BR>[b]~> Download video from KEEP2SHARE <~<BR>[url=http://rapidgator.net/file/e1b9ee0d74ce2f57bab48f4d8a1cf747/0062_lingerie_sex_xxx_video_8.wmv.html]0062_lingerie_sex_xxx_video_8.wmv[/url][/b]<BR><BR> ","1365","1804","3516","1347"
" Stocking Videos 2001 2010 FF and Stocking Videos elizabeth","[URL=http://pimpandhost.com/image/44383377-original.html][IMG]http://ist3-2.filesor.com/pimpandhost.com/1/_/_/_/1/3/0/e/8/30e8V/0063_lingerie_sex_xxx_video_8_s.jpg[/IMG][/URL]<BR><BR>[b]Sexy lingerie, Stockings, Bra, Panties, Fetish, Teasing, Undressing, [/b]<BR>0063_ Stocking Videos 2001 2010 FF and Stocking Videos elizabeth76<BR><BR>[b]0063_lingerie_sex_xxx_video_8[/b]<BR>Windows Media | Size: 48.5 MiB | Duration: 9mn 51s | 400x300<BR><BR>[b]~> Download video from KEEP2SHARE <~<BR>[url=http://rapidgator.net/file/131625f83977119f359d37b2673b7d8e/0063_lingerie_sex_xxx_video_8.wmv.html]0063_lingerie_sex_xxx_video_8.wmv[/url][/b]<BR><BR> ","1349","1854","3534","1351"
" Stocking Videos 2001 2010 FF and Stocking Videos elizabeth","[URL=http://pimpandhost.com/image/44383379-original.html][IMG]http://ist3-1.filesor.com/pimpandhost.com/1/_/_/_/1/3/0/e/8/30e8X/0064_lingerie_sex_xxx_video_0_s.jpg[/IMG][/URL]<BR><BR>[b]Sexy lingerie, Stockings, Bra, Panties, Fetish, Teasing, Undressing, [/b]<BR>0064_ Stocking Videos 2001 2010 FF and Stocking Videos elizabethsecretary100<BR><BR>[b]0064_lingerie_sex_xxx_video_0[/b]<BR>Windows Media | Size: 62.5 MiB | Duration: 9mn 46s | 400x300<BR><BR>[b]~> Download video from KEEP2SHARE <~<BR>[url=http://rapidgator.net/file/095661166115a32f99d29f0269230759/0064_lingerie_sex_xxx_video_0.wmv.html]0064_lingerie_sex_xxx_video_0.wmv[/url][/b]<BR><BR> ","1300","2394","3646","1342"
" Stocking Videos 2001 2010 FF and Stocking Videos elizabeth","[URL=http://pimpandhost.com/image/44383380-original.html][IMG]http://ist3-1.filesor.com/pimpandhost.com/1/_/_/_/1/3/0/e/8/30e8Y/0065_lingerie_sex_xxx_video_8_s.jpg[/IMG][/URL]<BR><BR>[b]Sexy lingerie, Stockings, Bra, Panties, Fetish, Teasing, Undressing, [/b]<BR>0065_ Stocking Videos 2001 2010 FF and Stocking Videos elizabethstrip76<BR><BR>[b]0065_lingerie_sex_xxx_video_8[/b]<BR>Windows Media | Size: 49.9 MiB | Duration: 10mn 12s | 400x300<BR><BR>[b]~> Download video from KEEP2SHARE <~<BR>[url=http://rapidgator.net/file/a4d19f679a74b08962875e2684fdf670/0065_lingerie_sex_xxx_video_8.wmv.html]0065_lingerie_sex_xxx_video_8.wmv[/url][/b]<BR><BR> ","1339","2373","3575","1313"
" Stocking Videos 2001 2010 FF and Stocking Videos emily1 al","[URL=http://pimpandhost.com/image/44383381-original.html][IMG]http://ist3-2.filesor.com/pimpandhost.com/1/_/_/_/1/3/0/e/8/30e8Z/0066_lingerie_sex_xxx_video_l_s.jpg[/IMG][/URL]<BR><BR>[b]Sexy lingerie, Stockings, Bra, Panties, Fetish, Teasing, Undressing, [/b]<BR>0066_ Stocking Videos 2001 2010 FF and Stocking Videos emily1 al<BR><BR>[b]0066_lingerie_sex_xxx_video_l[/b]<BR>Windows Media | Size: 31.9 MiB | Duration: 9mn 53s | 320x240<BR><BR>[b]~> Download video from KEEP2SHARE <~<BR>[url=http://rapidgator.net/file/c72f685749cf170d98d77b1bf898c057/0066_lingerie_sex_xxx_video_l.wmv.html]0066_lingerie_sex_xxx_video_l.wmv[/url][/b]<BR><BR> ","1348","2199","3606","1348"
" Stocking Videos 2001 2010 FF and Stocking Videos fiona al","[URL=http://pimpandhost.com/image/44383382-original.html][IMG]http://ist3-1.filesor.com/pimpandhost.com/1/_/_/_/1/3/0/e/9/30e90/0067_lingerie_sex_xxx_video_l_s.jpg[/IMG][/URL]<BR><BR>[b]Sexy lingerie, Stockings, Bra, Panties, Fetish, Teasing, Undressing, [/b]<BR>0067_ Stocking Videos 2001 2010 FF and Stocking Videos fiona al<BR><BR>[b]0067_lingerie_sex_xxx_video_l[/b]<BR>Windows Media | Size: 19.9 MiB | Duration: 6mn 7s | 320x240<BR><BR>[b]~> Download video from KEEP2SHARE <~<BR>[url=http://rapidgator.net/file/8ec53eb6875f1425f56b9190bd64f583/0067_lingerie_sex_xxx_video_l.wmv.html]0067_lingerie_sex_xxx_video_l.wmv[/url][/b]<BR><BR> ","1322","2371","3699","1336"
" Stocking Videos 2001 2010 FF and Stocking Videos gogoful","[URL=http://pimpandhost.com/image/44383383-original.html][IMG]http://ist3-2.filesor.com/pimpandhost.com/1/_/_/_/1/3/0/e/9/30e91/0068_lingerie_sex_xxx_video_l_s.jpg[/IMG][/URL]<BR><BR>[b]Sexy lingerie, Stockings, Bra, Panties, Fetish, Teasing, Undressing, [/b]<BR>0068_ Stocking Videos 2001 2010 FF and Stocking Videos gogoful<BR><BR>[b]0068_lingerie_sex_xxx_video_l[/b]<BR>Windows Media | Size: 97.8 MiB | Duration: 10mn 23s | 704x396<BR><BR>[b]~> Download video from KEEP2SHARE <~<BR>[url=http://rapidgator.net/file/df3c565d176ee36fa734ecc03f3ad864/0068_lingerie_sex_xxx_video_l.wmv.html]0068_lingerie_sex_xxx_video_l.wmv[/url][/b]<BR><BR> ","1387","2122","3545","1348"
" Stocking Videos 2001 2010 FF and Stocking Videos grace1 al","[URL=http://pimpandhost.com/image/44383385-original.html][IMG]http://ist3-2.filesor.com/pimpandhost.com/1/_/_/_/1/3/0/e/9/30e93/0069_lingerie_sex_xxx_video_l_s.jpg[/IMG][/URL]<BR><BR>[b]Sexy lingerie, Stockings, Bra, Panties, Fetish, Teasing, Undressing, [/b]<BR>0069_ Stocking Videos 2001 2010 FF and Stocking Videos grace1 al<BR><BR>[b]0069_lingerie_sex_xxx_video_l[/b]<BR>Windows Media | Size: 14.3 MiB | Duration: 4mn 28s | 320x240<BR><BR>[b]~> Download video from KEEP2SHARE <~<BR>[url=http://rapidgator.net/file/f0b660eed0884b9732fbd3e361c87330/0069_lingerie_sex_xxx_video_l.wmv.html]0069_lingerie_sex_xxx_video_l.wmv[/url][/b]<BR><BR> ","1316","1899","3626","1382"
" Stocking Videos 2001 2010 FF and Stocking Videos grace76","[URL=http://pimpandhost.com/image/44383391-original.html][IMG]http://ist3-2.filesor.com/pimpandhost.com/1/_/_/_/1/3/0/e/9/30e99/0070_lingerie_sex_xxx_video_8_s.jpg[/IMG][/URL]<BR><BR>[b]Sexy lingerie, Stockings, Bra, Panties, Fetish, Teasing, Undressing, [/b]<BR>0070_ Stocking Videos 2001 2010 FF and Stocking Videos grace76<BR><BR>[b]0070_lingerie_sex_xxx_video_8[/b]<BR>Windows Media | Size: 48.0 MiB | Duration: 9mn 42s | 400x300<BR><BR>[b]~> Download video from KEEP2SHARE <~<BR>[url=http://rapidgator.net/file/c136d304e6a48ee8b8128bd266031831/0070_lingerie_sex_xxx_video_8.wmv.html]0070_lingerie_sex_xxx_video_8.wmv[/url][/b]<BR><BR> ","1378","2141","3558","1327"
" Stocking Videos 2001 2010 FF and Stocking Videos heatherbr","[URL=http://pimpandhost.com/image/44383392-original.html][IMG]http://ist3-1.filesor.com/pimpandhost.com/1/_/_/_/1/3/0/e/9/30e9a/0071_lingerie_sex_xxx_video_l_s.jpg[/IMG][/URL]<BR><BR>[b]Sexy lingerie, Stockings, Bra, Panties, Fetish, Teasing, Undressing, [/b]<BR>0071_ Stocking Videos 2001 2010 FF and Stocking Videos heatherbride al<BR><BR>[b]0071_lingerie_sex_xxx_video_l[/b]<BR>Windows Media | Size: 31.2 MiB | Duration: 5mn 12s | 448x252<BR><BR>[b]~> Download video from KEEP2SHARE <~<BR>[url=http://rapidgator.net/file/031ef1b1576862c8b34acc69d00e7b39/0071_lingerie_sex_xxx_video_l.wmv.html]0071_lingerie_sex_xxx_video_l.wmv[/url][/b]<BR><BR> ","1310","1917","3656","1310"
" Stocking Videos 2001 2010 FF and Stocking Videos heatherpa","[URL=http://pimpandhost.com/image/44383394-original.html][IMG]http://ist3-2.filesor.com/pimpandhost.com/1/_/_/_/1/3/0/e/9/30e9c/0072_lingerie_sex_xxx_video_y_s.jpg[/IMG][/URL]<BR><BR>[b]Sexy lingerie, Stockings, Bra, Panties, Fetish, Teasing, Undressing, [/b]<BR>0072_ Stocking Videos 2001 2010 FF and Stocking Videos heatherpant<BR><BR>[b]0072_lingerie_sex_xxx_video_y[/b]<BR>Windows Media | Size: 15.1 MiB | Duration: 2mn 31s | 448x252<BR><BR>[b]~> Download video from KEEP2SHARE <~<BR>[url=http://rapidgator.net/file/caeda4cac43afffc38018cc4b1bd20d8/0072_lingerie_sex_xxx_video_y.wmv.html]0072_lingerie_sex_xxx_video_y.wmv[/url][/b]<BR><BR> ","1346","1956","3606","1385"
" Stocking Videos 2001 2010 FF and Stocking Videos hey miste","[URL=http://pimpandhost.com/image/44383395-original.html][IMG]http://ist3-2.filesor.com/pimpandhost.com/1/_/_/_/1/3/0/e/9/30e9d/0073_lingerie_sex_xxx_video_e_s.jpg[/IMG][/URL]<BR><BR>[b]Sexy lingerie, Stockings, Bra, Panties, Fetish, Teasing, Undressing, [/b]<BR>0073_ Stocking Videos 2001 2010 FF and Stocking Videos hey mister look up my skirt ashley larg<BR><BR>[b]0073_lingerie_sex_xxx_video_e[/b]<BR>Windows Media | Size: 288 MiB | Duration: 14mn 35s | 1280x720<BR><BR>[b]~> Download video from KEEP2SHARE <~<BR>[url=http://rapidgator.net/file/d2ad76592364afea45aa53f767f35a4f/0073_lingerie_sex_xxx_video_e.wmv.html]0073_lingerie_sex_xxx_video_e.wmv[/url][/b]<BR><BR> ","1348","2316","3697","1396"
" Stocking Videos 2001 2010 FF and Stocking Videos hippy gir","[URL=http://pimpandhost.com/image/44383396-original.html][IMG]http://ist3-1.filesor.com/pimpandhost.com/1/_/_/_/1/3/0/e/9/30e9e/0074_lingerie_sex_xxx_video_e_s.jpg[/IMG][/URL]<BR><BR>[b]Sexy lingerie, Stockings, Bra, Panties, Fetish, Teasing, Undressing, [/b]<BR>0074_ Stocking Videos 2001 2010 FF and Stocking Videos hippy girl in stockings teas<BR><BR>[b]0074_lingerie_sex_xxx_video_e[/b]<BR>Windows Media | Size: 277 MiB | Duration: 14mn 29s | 1280x720<BR><BR>[b]~> Download video from KEEP2SHARE <~<BR>[url=http://rapidgator.net/file/9a9dbe4beccbb3c5c23b0d5ace08e74c/0074_lingerie_sex_xxx_video_e.wmv.html]0074_lingerie_sex_xxx_video_e.wmv[/url][/b]<BR><BR> ","1368","1962","3588","1391"
" Stocking Videos 2001 2010 FF and Stocking Videos hollystri","[URL=http://pimpandhost.com/image/44383398-original.html][IMG]http://ist3-2.filesor.com/pimpandhost.com/1/_/_/_/1/3/0/e/9/30e9g/0075_lingerie_sex_xxx_video_0_s.jpg[/IMG][/URL]<BR><BR>[b]Sexy lingerie, Stockings, Bra, Panties, Fetish, Teasing, Undressing, [/b]<BR>0075_ Stocking Videos 2001 2010 FF and Stocking Videos hollystrip100<BR><BR>[b]0075_lingerie_sex_xxx_video_0[/b]<BR>Windows Media | Size: 82.2 MiB | Duration: 13mn 5s | 400x300<BR><BR>[b]~> Download video from KEEP2SHARE <~<BR>[url=http://rapidgator.net/file/6e4b0146f679734d117e22bc57b16b33/0075_lingerie_sex_xxx_video_0.wmv.html]0075_lingerie_sex_xxx_video_0.wmv[/url][/b]<BR><BR> ","1348","1887","3552","1335"
" Stocking Videos 2001 2010 FF and Stocking Videos hot nurse","[URL=http://pimpandhost.com/image/44383399-original.html][IMG]http://ist3-2.filesor.com/pimpandhost.com/1/_/_/_/1/3/0/e/9/30e9h/0076_lingerie_sex_xxx_video_e_s.jpg[/IMG][/URL]<BR><BR>[b]Sexy lingerie, Stockings, Bra, Panties, Fetish, Teasing, Undressing, [/b]<BR>0076_ Stocking Videos 2001 2010 FF and Stocking Videos hot nurse striptease julie larg<BR><BR>[b]0076_lingerie_sex_xxx_video_e[/b]<BR>Windows Media | Size: 281 MiB | Duration: 14mn 11s | 1280x720<BR><BR>[b]~> Download video from KEEP2SHARE <~<BR>[url=http://rapidgator.net/file/f0c081bde27b39bf27d97fe0cb2c41fc/0076_lingerie_sex_xxx_video_e.wmv.html]0076_lingerie_sex_xxx_video_e.wmv[/url][/b]<BR><BR> ","1312","1940","3666","1329"
" Stocking Videos 2001 2010 FF and Stocking Videos janebigbo","[URL=http://pimpandhost.com/image/44383401-original.html][IMG]http://ist3-1.filesor.com/pimpandhost.com/1/_/_/_/1/3/0/e/9/30e9j/0077_lingerie_sex_xxx_video_k_s.jpg[/IMG][/URL]<BR><BR>[b]Sexy lingerie, Stockings, Bra, Panties, Fetish, Teasing, Undressing, [/b]<BR>0077_ Stocking Videos 2001 2010 FF and Stocking Videos janebigboobs1500<BR><BR>[b]0077_lingerie_sex_xxx_video_k[/b]<BR>Windows Media | Size: 140 MiB | Duration: 14mn 46s | 704x396<BR><BR>[b]~> Download video from KEEP2SHARE <~<BR>[url=http://rapidgator.net/file/25c4beff7bfbd383eec6e4a92cb11734/0077_lingerie_sex_xxx_video_k.wmv.html]0077_lingerie_sex_xxx_video_k.wmv[/url][/b]<BR><BR> ","1394","1913","3521","1372"
" Stocking Videos 2001 2010 FF and Stocking Videos jeans76","[URL=http://pimpandhost.com/image/44383402-original.html][IMG]http://ist3-1.filesor.com/pimpandhost.com/1/_/_/_/1/3/0/e/9/30e9k/0078_lingerie_sex_xxx_video_8_s.jpg[/IMG][/URL]<BR><BR>[b]Sexy lingerie, Stockings, Bra, Panties, Fetish, Teasing, Undressing, [/b]<BR>0078_ Stocking Videos 2001 2010 FF and Stocking Videos jeans76<BR><BR>[b]0078_lingerie_sex_xxx_video_8[/b]<BR>Windows Media | Size: 53.6 MiB | Duration: 10mn 53s | 400x300<BR><BR>[b]~> Download video from KEEP2SHARE <~<BR>[url=http://rapidgator.net/file/71a402498027297132f5cf7f3fa66c47/0078_lingerie_sex_xxx_video_8.wmv.html]0078_lingerie_sex_xxx_video_8.wmv[/url][/b]<BR><BR> ","1317","1859","3697","1327"
" Stocking Videos 2001 2010 FF and Stocking Videos juliepant","[URL=http://pimpandhost.com/image/44383404-original.html][IMG]http://ist3-1.filesor.com/pimpandhost.com/1/_/_/_/1/3/0/e/9/30e9m/0079_lingerie_sex_xxx_video_a_s.jpg[/IMG][/URL]<BR><BR>[b]Sexy lingerie, Stockings, Bra, Panties, Fetish, Teasing, Undressing, [/b]<BR>0079_ Stocking Videos 2001 2010 FF and Stocking Videos juliepantytease1500<BR><BR>[b]0079_lingerie_sex_xxx_video_a[/b]<BR>Windows Media / Windows Media | Size: 144 MiB | Duration: 15mn 9s / 15mn 9s | 704x396<BR><BR>[b]~> Download video from KEEP2SHARE <~<BR>[url=http://rapidgator.net/file/861968cdd6d3f2b7afe13ba5cc1c4aff/0079_lingerie_sex_xxx_video_a.wmv.html]0079_lingerie_sex_xxx_video_a.wmv[/url][/b]<BR><BR> ","1387","2185","3577","1332"
" Stocking Videos 2001 2010 FF and Stocking Videos june al","[URL=http://pimpandhost.com/image/44383406-original.html][IMG]http://ist3-1.filesor.com/pimpandhost.com/1/_/_/_/1/3/0/e/9/30e9o/0080_lingerie_sex_xxx_video_l_s.jpg[/IMG][/URL]<BR><BR>[b]Sexy lingerie, Stockings, Bra, Panties, Fetish, Teasing, Undressing, [/b]<BR>0080_ Stocking Videos 2001 2010 FF and Stocking Videos june al<BR><BR>[b]0080_lingerie_sex_xxx_video_l[/b]<BR>Windows Media | Size: 28.0 MiB | Duration: 8mn 40s | 320x240<BR><BR>[b]~> Download video from KEEP2SHARE <~<BR>[url=http://rapidgator.net/file/2b9143dd43c870ee34555f1902d6d75b/0080_lingerie_sex_xxx_video_l.wmv.html]0080_lingerie_sex_xxx_video_l.wmv[/url][/b]<BR><BR> ","1326","2324","3532","1375"
" Stocking Videos 2001 2010 FF and Stocking Videos june","[URL=http://pimpandhost.com/image/44383407-original.html][IMG]http://ist3-2.filesor.com/pimpandhost.com/1/_/_/_/1/3/0/e/9/30e9p/0081_lingerie_sex_xxx_video_2_s.jpg[/IMG][/URL]<BR><BR>[b]Sexy lingerie, Stockings, Bra, Panties, Fetish, Teasing, Undressing, [/b]<BR>0081_ Stocking Videos 2001 2010 FF and Stocking Videos june<BR><BR>[b]0081_lingerie_sex_xxx_video_2[/b]<BR>Windows Media | Size: 14.6 MiB | Duration: 1mn 37s | 640x480<BR><BR>[b]~> Download video from KEEP2SHARE <~<BR>[url=http://rapidgator.net/file/c5e9b350f6609c7e3e0185e74cf399d1/0081_lingerie_sex_xxx_video_2.wmv.html]0081_lingerie_sex_xxx_video_2.wmv[/url][/b]<BR><BR> ","1382","1632","3640","1350"
" Stocking Videos 2001 2010 FF and Stocking Videos libbystri","[URL=http://pimpandhost.com/image/44383409-original.html][IMG]http://ist3-2.filesor.com/pimpandhost.com/1/_/_/_/1/3/0/e/9/30e9r/0082_lingerie_sex_xxx_video_0_s.jpg[/IMG][/URL]<BR><BR>[b]Sexy lingerie, Stockings, Bra, Panties, Fetish, Teasing, Undressing, [/b]<BR>0082_ Stocking Videos 2001 2010 FF and Stocking Videos libbystrip150<BR><BR>[b]0082_lingerie_sex_xxx_video_0[/b]<BR>Windows Media | Size: 116 MiB | Duration: 12mn 13s | 704x396<BR><BR>[b]~> Download video from KEEP2SHARE <~<BR>[url=http://rapidgator.net/file/bf9428d81a0989f5d701ee26724ccebd/0082_lingerie_sex_xxx_video_0.wmv.html]0082_lingerie_sex_xxx_video_0.wmv[/url][/b]<BR><BR> ","1366","1625","3582","1314"
" Stocking Videos 2001 2010 FF and Stocking Videos liz1 al","[URL=http://pimpandhost.com/image/44383410-original.html][IMG]http://ist3-1.filesor.com/pimpandhost.com/1/_/_/_/1/3/0/e/9/30e9s/0083_lingerie_sex_xxx_video_l_s.jpg[/IMG][/URL]<BR><BR>[b]Sexy lingerie, Stockings, Bra, Panties, Fetish, Teasing, Undressing, [/b]<BR>0083_ Stocking Videos 2001 2010 FF and Stocking Videos liz1 al<BR><BR>[b]0083_lingerie_sex_xxx_video_l[/b]<BR>Windows Media | Size: 21.1 MiB | Duration: 6mn 31s | 320x240<BR><BR>[b]~> Download video from KEEP2SHARE <~<BR>[url=http://rapidgator.net/file/1148116d802f153a3a3b35cbd6595c31/0083_lingerie_sex_xxx_video_l.wmv.html]0083_lingerie_sex_xxx_video_l.wmv[/url][/b]<BR><BR> ","1357","2105","3598","1369"
" Stocking Videos 2001 2010 FF and Stocking Videos missangie","[URL=http://pimpandhost.com/image/44383411-original.html][IMG]http://ist3-2.filesor.com/pimpandhost.com/1/_/_/_/1/3/0/e/9/30e9t/0084_lingerie_sex_xxx_video_0_s.jpg[/IMG][/URL]<BR><BR>[b]Sexy lingerie, Stockings, Bra, Panties, Fetish, Teasing, Undressing, [/b]<BR>0084_ Stocking Videos 2001 2010 FF and Stocking Videos missangie100<BR><BR>[b]0084_lingerie_sex_xxx_video_0[/b]<BR>Windows Media | Size: 74.4 MiB | Duration: 11mn 37s | 400x300<BR><BR>[b]~> Download video from KEEP2SHARE <~<BR>[url=http://rapidgator.net/file/50454a0dfd7b15dca2f7a3c36a0a6086/0084_lingerie_sex_xxx_video_0.wmv.html]0084_lingerie_sex_xxx_video_0.wmv[/url][/b]<BR><BR> ","1316","1789","3696","1309"
" Stocking Videos 2001 2010 FF and Stocking Videos mm1x100","[URL=http://pimpandhost.com/image/44383414-original.html][IMG]http://ist3-2.filesor.com/pimpandhost.com/1/_/_/_/1/3/0/e/9/30e9w/0085_lingerie_sex_xxx_video_0_s.jpg[/IMG][/URL]<BR><BR>[b]Sexy lingerie, Stockings, Bra, Panties, Fetish, Teasing, Undressing, [/b]<BR>0085_ Stocking Videos 2001 2010 FF and Stocking Videos mm1x100<BR><BR>[b]0085_lingerie_sex_xxx_video_0[/b]<BR>Windows Media | Size: 69.9 MiB | Duration: 11mn 0s | 448x252<BR><BR>[b]~> Download video from KEEP2SHARE <~<BR>[url=http://rapidgator.net/file/321cb8fee156de78e8e63e2324018a45/0085_lingerie_sex_xxx_video_0.wmv.html]0085_lingerie_sex_xxx_video_0.wmv[/url][/b]<BR><BR> ","1378","1579","3662","1395"
" Stocking Videos 2001 2010 FF and Stocking Videos nurses in","[URL=http://pimpandhost.com/image/44383416-original.html][IMG]http://ist3-1.filesor.com/pimpandhost.com/1/_/_/_/1/3/0/e/9/30e9y/0086_lingerie_sex_xxx_video_y_s.jpg[/IMG][/URL]<BR><BR>[b]Sexy lingerie, Stockings, Bra, Panties, Fetish, Teasing, Undressing, [/b]<BR>0086_ Stocking Videos 2001 2010 FF and Stocking Videos nurses in panties abi mar<BR><BR>[b]0086_lingerie_sex_xxx_video_y[/b]<BR>Windows Media | Size: 189 MiB | Duration: 9mn 53s | 1280x720<BR><BR>[b]~> Download video from KEEP2SHARE <~<BR>[url=http://rapidgator.net/file/559910b45845ca774a3312ef1304039f/0086_lingerie_sex_xxx_video_y.wmv.html]0086_lingerie_sex_xxx_video_y.wmv[/url][/b]<BR><BR> ","1349","2214","3545","1335"
" Stocking Videos 2001 2010 FF and Stocking Videos nursie76","[URL=http://pimpandhost.com/image/44383417-original.html][IMG]http://ist3-1.filesor.com/pimpandhost.com/1/_/_/_/1/3/0/e/9/30e9z/0087_lingerie_sex_xxx_video_8_s.jpg[/IMG][/URL]<BR><BR>[b]Sexy lingerie, Stockings, Bra, Panties, Fetish, Teasing, Undressing, [/b]<BR>0087_ Stocking Videos 2001 2010 FF and Stocking Videos nursie76<BR><BR>[b]0087_lingerie_sex_xxx_video_8[/b]<BR>Windows Media | Size: 70.2 MiB | Duration: 14mn 14s | 400x300<BR><BR>[b]~> Download video from KEEP2SHARE <~<BR>[url=http://rapidgator.net/file/e24412d91fcd74c3c0be63a575aae284/0087_lingerie_sex_xxx_video_8.wmv.html]0087_lingerie_sex_xxx_video_8.wmv[/url][/b]<BR><BR> ","1355","2049","3633","1382"
" Stocking Videos 2001 2010 FF and Stocking Videos pantiespa","[URL=http://pimpandhost.com/image/44383419-original.html][IMG]http://ist3-1.filesor.com/pimpandhost.com/1/_/_/_/1/3/0/e/9/30e9B/0088_lingerie_sex_xxx_video_k_s.jpg[/IMG][/URL]<BR><BR>[b]Sexy lingerie, Stockings, Bra, Panties, Fetish, Teasing, Undressing, [/b]<BR>0088_ Stocking Videos 2001 2010 FF and Stocking Videos pantiespantylinesandnylonsashley1500<BR><BR>[b]0088_lingerie_sex_xxx_video_k[/b]<BR>Windows Media | Size: 123 MiB | Duration: 13mn 0s | 704x396<BR><BR>[b]~> Download video from KEEP2SHARE <~<BR>[url=http://rapidgator.net/file/284b0069720feb1fd10ec8f61bbadee0/0088_lingerie_sex_xxx_video_k.wmv.html]0088_lingerie_sex_xxx_video_k.wmv[/url][/b]<BR><BR> ","1353","2248","3613","1334"
" Stocking Videos 2001 2010 FF and Stocking Videos panty and","[URL=http://pimpandhost.com/image/44383423-original.html][IMG]http://ist3-2.filesor.com/pimpandhost.com/1/_/_/_/1/3/0/e/9/30e9F/0089_lingerie_sex_xxx_video_d_s.jpg[/IMG][/URL]<BR><BR>[b]Sexy lingerie, Stockings, Bra, Panties, Fetish, Teasing, Undressing, [/b]<BR>0089_ Stocking Videos 2001 2010 FF and Stocking Videos panty and garter belt mai<BR><BR>[b]0089_lingerie_sex_xxx_video_d[/b]<BR>Windows Media | Size: 220 MiB | Duration: 11mn 32s | 1280x720<BR><BR>[b]~> Download video from KEEP2SHARE <~<BR>[url=http://rapidgator.net/file/683b40ff9e300a3f31b7c24282d68b0d/0089_lingerie_sex_xxx_video_d.wmv.html]0089_lingerie_sex_xxx_video_d.wmv[/url][/b]<BR><BR> ","1398","1738","3670","1364"
" Stocking Videos 2001 2010 FF and Stocking Videos panty gro","[URL=http://pimpandhost.com/image/44383424-original.html][IMG]http://ist3-2.filesor.com/pimpandhost.com/1/_/_/_/1/3/0/e/9/30e9G/0090_lingerie_sex_xxx_video_y_s.jpg[/IMG][/URL]<BR><BR>[b]Sexy lingerie, Stockings, Bra, Panties, Fetish, Teasing, Undressing, [/b]<BR>0090_ Stocking Videos 2001 2010 FF and Stocking Videos panty groping perv minnie and mar<BR><BR>[b]0090_lingerie_sex_xxx_video_y[/b]<BR>Windows Media | Size: 192 MiB | Duration: 10mn 3s | 1280x720<BR><BR>[b]~> Download video from KEEP2SHARE <~<BR>[url=http://rapidgator.net/file/5ec96ea7d60728292e9c0752c27e037d/0090_lingerie_sex_xxx_video_y.wmv.html]0090_lingerie_sex_xxx_video_y.wmv[/url][/b]<BR><BR> ","1340","1733","3656","1398"
" Stocking Videos 2001 2010 FF and Stocking Videos perfect p","[URL=http://pimpandhost.com/image/44383426-original.html][IMG]http://ist3-2.filesor.com/pimpandhost.com/1/_/_/_/1/3/0/e/9/30e9I/0091_lingerie_sex_xxx_video_y_s.jpg[/IMG][/URL]<BR><BR>[b]Sexy lingerie, Stockings, Bra, Panties, Fetish, Teasing, Undressing, [/b]<BR>0091_ Stocking Videos 2001 2010 FF and Stocking Videos perfect pantylines ashle<BR><BR>[b]0091_lingerie_sex_xxx_video_y[/b]<BR>Windows Media | Size: 202 MiB | Duration: 10mn 34s | 1280x720<BR><BR>[b]~> Download video from KEEP2SHARE <~<BR>[url=http://rapidgator.net/file/03ceb2ef3e0f688585940a935b7df5fd/0091_lingerie_sex_xxx_video_y.wmv.html]0091_lingerie_sex_xxx_video_y.wmv[/url][/b]<BR><BR> ","1394","1743","3633","1309"
" Stocking Videos 2001 2010 FF and Stocking Videos pretty gi","[URL=http://pimpandhost.com/image/44383427-original.html][IMG]http://ist3-2.filesor.com/pimpandhost.com/1/_/_/_/1/3/0/e/9/30e9J/0092_lingerie_sex_xxx_video_e_s.jpg[/IMG][/URL]<BR><BR>[b]Sexy lingerie, Stockings, Bra, Panties, Fetish, Teasing, Undressing, [/b]<BR>0092_ Stocking Videos 2001 2010 FF and Stocking Videos pretty girdle dirty girl ashley Larg<BR><BR>[b]0092_lingerie_sex_xxx_video_e[/b]<BR>Windows Media | Size: 492 MiB | Duration: 14mn 42s | 1280x720<BR><BR>[b]~> Download video from KEEP2SHARE <~<BR>[url=http://rapidgator.net/file/c9bfe579a15beba5dc55e8850f08eb01/0092_lingerie_sex_xxx_video_e.wmv.part1.rar.html]0092_lingerie_sex_xxx_video_e.wmv.part1.rar[/url]<BR>[url=http://rapidgator.net/file/639acc0a983915f043991ec986c86c7d/0092_lingerie_sex_xxx_video_e.wmv.part2.rar.html]0092_lingerie_sex_xxx_video_e.wmv.part2.rar[/url][/b]<BR><BR> ","1359","2079","3537","1337"
" Stocking Videos 2001 2010 FF and Stocking Videos pretty gi","[URL=http://pimpandhost.com/image/44383429-original.html][IMG]http://ist3-2.filesor.com/pimpandhost.com/1/_/_/_/1/3/0/e/9/30e9L/0093_lingerie_sex_xxx_video_m_s.jpg[/IMG][/URL]<BR><BR>[b]Sexy lingerie, Stockings, Bra, Panties, Fetish, Teasing, Undressing, [/b]<BR>0093_ Stocking Videos 2001 2010 FF and Stocking Videos pretty girdle dirty girl ashley Mediu<BR><BR>[b]0093_lingerie_sex_xxx_video_m[/b]<BR>Windows Media | Size: 212 MiB | Duration: 14mn 42s | 640x360<BR><BR>[b]~> Download video from KEEP2SHARE <~<BR>[url=http://rapidgator.net/file/644c378ca931ba8db40599cc89693688/0093_lingerie_sex_xxx_video_m.wmv.html]0093_lingerie_sex_xxx_video_m.wmv[/url][/b]<BR><BR> ","1373","2399","3564","1321"
" Stocking Videos 2001 2010 FF and Stocking Videos sexy fift","[URL=http://pimpandhost.com/image/44383430-original.html][IMG]http://ist3-1.filesor.com/pimpandhost.com/1/_/_/_/1/3/0/e/9/30e9M/0094_lingerie_sex_xxx_video_l_s.jpg[/IMG][/URL]<BR><BR>[b]Sexy lingerie, Stockings, Bra, Panties, Fetish, Teasing, Undressing, [/b]<BR>0094_ Stocking Videos 2001 2010 FF and Stocking Videos sexy fifties stripper dirtyangie smal<BR><BR>[b]0094_lingerie_sex_xxx_video_l[/b]<BR>Windows Media | Size: 157 MiB | Duration: 10mn 19s | 640x360<BR><BR>[b]~> Download video from KEEP2SHARE <~<BR>[url=http://rapidgator.net/file/81eaff61591aa3a5812488cee1bedadc/0094_lingerie_sex_xxx_video_l.wmv.html]0094_lingerie_sex_xxx_video_l.wmv[/url][/b]<BR><BR> ","1379","1992","3613","1334"
" Stocking Videos 2001 2010 FF and Stocking Videos sexy sadi","[URL=http://pimpandhost.com/image/44383432-original.html][IMG]http://ist3-1.filesor.com/pimpandhost.com/1/_/_/_/1/3/0/e/9/30e9O/0095_lingerie_sex_xxx_video_i_s.jpg[/IMG][/URL]<BR><BR>[b]Sexy lingerie, Stockings, Bra, Panties, Fetish, Teasing, Undressing, [/b]<BR>0095_ Stocking Videos 2001 2010 FF and Stocking Videos sexy sadie sexy student h<BR><BR>[b]0095_lingerie_sex_xxx_video_i[/b]<BR>Windows Media | Size: 307 MiB | Duration: 9mn 30s | 1280x720<BR><BR>[b]~> Download video from KEEP2SHARE <~<BR>[url=http://rapidgator.net/file/1cccad38a9e2b373958729d22bfd639d/0095_lingerie_sex_xxx_video_i.wmv.html]0095_lingerie_sex_xxx_video_i.wmv[/url][/b]<BR><BR> ","1315","1709","3533","1368"
" Stocking Videos 2001 2010 FF and Stocking Videos sexy stoc","[URL=http://pimpandhost.com/image/44383434-original.html][IMG]http://ist3-1.filesor.com/pimpandhost.com/1/_/_/_/1/3/0/e/9/30e9Q/0096_lingerie_sex_xxx_video_y_s.jpg[/IMG][/URL]<BR><BR>[b]Sexy lingerie, Stockings, Bra, Panties, Fetish, Teasing, Undressing, [/b]<BR>0096_ Stocking Videos 2001 2010 FF and Stocking Videos sexy stocking fetish strip tease ashle<BR><BR>[b]0096_lingerie_sex_xxx_video_y[/b]<BR>Windows Media | Size: 192 MiB | Duration: 10mn 4s | 1280x720<BR><BR>[b]~> Download video from KEEP2SHARE <~<BR>[url=http://rapidgator.net/file/a5ea53927ca75a2804b08ce9d71e0b41/0096_lingerie_sex_xxx_video_y.wmv.html]0096_lingerie_sex_xxx_video_y.wmv[/url][/b]<BR><BR> ","1306","2157","3505","1304"
" Stocking Videos 2001 2010 FF and Stocking Videos shorts76","[URL=http://pimpandhost.com/image/44383435-original.html][IMG]http://ist3-2.filesor.com/pimpandhost.com/1/_/_/_/1/3/0/e/9/30e9R/0097_lingerie_sex_xxx_video_8_s.jpg[/IMG][/URL]<BR><BR>[b]Sexy lingerie, Stockings, Bra, Panties, Fetish, Teasing, Undressing, [/b]<BR>0097_ Stocking Videos 2001 2010 FF and Stocking Videos shorts76<BR><BR>[b]0097_lingerie_sex_xxx_video_8[/b]<BR>Windows Media | Size: 55.8 MiB | Duration: 11mn 17s | 400x300<BR><BR>[b]~> Download video from KEEP2SHARE <~<BR>[url=http://rapidgator.net/file/38af089d235341b95acd47b0f5ffa664/0097_lingerie_sex_xxx_video_8.wmv.html]0097_lingerie_sex_xxx_video_8.wmv[/url][/b]<BR><BR> ","1400","2290","3636","1340"
" Stocking Videos 2001 2010 FF and Stocking Videos sixtiesto","[URL=http://pimpandhost.com/image/44383438-original.html][IMG]http://ist3-2.filesor.com/pimpandhost.com/1/_/_/_/1/3/0/e/9/30e9U/0098_lingerie_sex_xxx_video_8_s.jpg[/IMG][/URL]<BR><BR>[b]Sexy lingerie, Stockings, Bra, Panties, Fetish, Teasing, Undressing, [/b]<BR>0098_ Stocking Videos 2001 2010 FF and Stocking Videos sixtiestockings76<BR><BR>[b]0098_lingerie_sex_xxx_video_8[/b]<BR>Windows Media | Size: 48.2 MiB | Duration: 9mn 52s | 400x300<BR><BR>[b]~> Download video from KEEP2SHARE <~<BR>[url=http://rapidgator.net/file/1d6cd08ec1095c1a598eb8ea0241f0ea/0098_lingerie_sex_xxx_video_8.wmv.html]0098_lingerie_sex_xxx_video_8.wmv[/url][/b]<BR><BR> ","1313","1910","3574","1306"
" Stocking Videos 2001 2010 FF and Stocking Videos sosexysos","[URL=http://pimpandhost.com/image/44383440-original.html][IMG]http://ist3-1.filesor.com/pimpandhost.com/1/_/_/_/1/3/0/e/9/30e9W/0099_lingerie_sex_xxx_video_k_s.jpg[/IMG][/URL]<BR><BR>[b]Sexy lingerie, Stockings, Bra, Panties, Fetish, Teasing, Undressing, [/b]<BR>0099_ Stocking Videos 2001 2010 FF and Stocking Videos sosexysosixtiesstockingsandpantygirlsstripteasemaryanddirtyangiepart11500<BR><BR>[b]0099_lingerie_sex_xxx_video_k[/b]<BR>Windows Media | Size: 109 MiB | Duration: 11mn 37s | 704x396<BR><BR>[b]~> Download video from KEEP2SHARE <~<BR>[url=http://rapidgator.net/file/0a1d0a224f495b1f511e74f9efee94fa/0099_lingerie_sex_xxx_video_k.wmv.html]0099_lingerie_sex_xxx_video_k.wmv[/url][/b]<BR><BR> ","1373","1530","3532","1331"
" Stocking Videos 2001 2010 FF and Stocking Videos sosexysos","[URL=http://pimpandhost.com/image/44383441-original.html][IMG]http://ist3-2.filesor.com/pimpandhost.com/1/_/_/_/1/3/0/e/9/30e9X/0100_lingerie_sex_xxx_video_k_s.jpg[/IMG][/URL]<BR><BR>[b]Sexy lingerie, Stockings, Bra, Panties, Fetish, Teasing, Undressing, [/b]<BR>0100_ Stocking Videos 2001 2010 FF and Stocking Videos sosexysosixtiesstockingsandpantygirlsstripteasemaryanddirtyangiepart21500<BR><BR>[b]0100_lingerie_sex_xxx_video_k[/b]<BR>Windows Media | Size: 98.0 MiB | Duration: 10mn 28s | 704x396<BR><BR>[b]~> Download video from KEEP2SHARE <~<BR>[url=http://rapidgator.net/file/ac871f982bb8200b7553f2ebe56a360d/0100_lingerie_sex_xxx_video_k.wmv.html]0100_lingerie_sex_xxx_video_k.wmv[/url][/b]<BR><BR> ","1368","1814","3638","1341"
" Stocking Videos 2001 2010 FF and Stocking Videos stewardes","[URL=http://pimpandhost.com/image/44383443-original.html][IMG]http://ist3-2.filesor.com/pimpandhost.com/1/_/_/_/1/3/0/e/9/30e9Z/0101_lingerie_sex_xxx_video_2_s.jpg[/IMG][/URL]<BR><BR>[b]Sexy lingerie, Stockings, Bra, Panties, Fetish, Teasing, Undressing, [/b]<BR>0101_ Stocking Videos 2001 2010 FF and Stocking Videos stewardess51<BR><BR>[b]0101_lingerie_sex_xxx_video_2[/b]<BR>Windows Media | Size: 36.2 MiB | Duration: 10mn 56s | 320x240<BR><BR>[b]~> Download video from KEEP2SHARE <~<BR>[url=http://rapidgator.net/file/e199c7a94ac2d94e7b29784b0f7deb6a/0101_lingerie_sex_xxx_video_2.wmv.html]0101_lingerie_sex_xxx_video_2.wmv[/url][/b]<BR><BR> ","1335","1507","3625","1314"
" Stocking Videos 2001 2010 FF and Stocking Videos stockinga","[URL=http://pimpandhost.com/image/44383444-original.html][IMG]http://ist3-2.filesor.com/pimpandhost.com/1/_/_/_/1/3/0/e/a/30ea0/0102_lingerie_sex_xxx_video_0_s.jpg[/IMG][/URL]<BR><BR>[b]Sexy lingerie, Stockings, Bra, Panties, Fetish, Teasing, Undressing, [/b]<BR>0102_ Stocking Videos 2001 2010 FF and Stocking Videos stockingasdhley150<BR><BR>[b]0102_lingerie_sex_xxx_video_0[/b]<BR>Windows Media | Size: 147 MiB | Duration: 15mn 25s | 704x396<BR><BR>[b]~> Download video from KEEP2SHARE <~<BR>[url=http://rapidgator.net/file/50dd902d0f67bb7448698dea5659fc07/0102_lingerie_sex_xxx_video_0.wmv.html]0102_lingerie_sex_xxx_video_0.wmv[/url][/b]<BR><BR> ","1356","1671","3597","1371"
" Stocking Videos 2001 2010 FF and Stocking Videos strip dic","[URL=http://pimpandhost.com/image/44383446-original.html][IMG]http://ist3-2.filesor.com/pimpandhost.com/1/_/_/_/1/3/0/e/a/30ea2/0103_lingerie_sex_xxx_video_b_s.jpg[/IMG][/URL]<BR><BR>[b]Sexy lingerie, Stockings, Bra, Panties, Fetish, Teasing, Undressing, [/b]<BR>0103_ Stocking Videos 2001 2010 FF and Stocking Videos strip dice lingerie lesbians one large<BR><BR>[b]0103_lingerie_sex_xxx_video_b[/b]<BR>Windows Media | Size: 270 MiB | Duration: 13mn 45s | 1280x720<BR><BR>[b]~> Download video from KEEP2SHARE <~<BR>[url=http://rapidgator.net/file/b0e0fb6bc650ccc9c88514c2366021f4/0103_lingerie_sex_xxx_video_b.wmv.html]0103_lingerie_sex_xxx_video_b.wmv[/url][/b]<BR><BR> ","1342","2085","3578","1348"
" Stocking Videos 2001 2010 FF and Stocking Videos striporam","[URL=http://pimpandhost.com/image/44383447-original.html][IMG]http://ist3-2.filesor.com/pimpandhost.com/1/_/_/_/1/3/0/e/a/30ea3/0104_lingerie_sex_xxx_video_e_s.jpg[/IMG][/URL]<BR><BR>[b]Sexy lingerie, Stockings, Bra, Panties, Fetish, Teasing, Undressing, [/b]<BR>0104_ Stocking Videos 2001 2010 FF and Stocking Videos striporamatwopantylustjulie larg<BR><BR>[b]0104_lingerie_sex_xxx_video_e[/b]<BR>Windows Media | Size: 151 MiB | Duration: 14mn 10s | 1280x720<BR><BR>[b]~> Download video from KEEP2SHARE <~<BR>[url=http://rapidgator.net/file/69d0183fadc636f0a93aa45cc0e9ed7d/0104_lingerie_sex_xxx_video_e.wmv.html]0104_lingerie_sex_xxx_video_e.wmv[/url][/b]<BR><BR> ","1338","1879","3605","1337"
" Stocking Videos 2001 2010 FF and Stocking Videos sultrysim","[URL=http://pimpandhost.com/image/44383449-original.html][IMG]http://ist3-2.filesor.com/pimpandhost.com/1/_/_/_/1/3/0/e/a/30ea5/0105_lingerie_sex_xxx_video_k_s.jpg[/IMG][/URL]<BR><BR>[b]Sexy lingerie, Stockings, Bra, Panties, Fetish, Teasing, Undressing, [/b]<BR>0105_ Stocking Videos 2001 2010 FF and Stocking Videos sultrysimone1500<BR><BR>[b]0105_lingerie_sex_xxx_video_k[/b]<BR>Windows Media | Size: 108 MiB | Duration: 11mn 29s | 704x396<BR><BR>[b]~> Download video from KEEP2SHARE <~<BR>[url=http://rapidgator.net/file/e5b3594c086dfd8b3220872034e53042/0105_lingerie_sex_xxx_video_k.wmv.html]0105_lingerie_sex_xxx_video_k.wmv[/url][/b]<BR><BR> ","1330","1681","3655","1343"
" Stocking Videos 2001 2010 FF and Stocking Videos telephone","[URL=http://pimpandhost.com/image/44383450-original.html][IMG]http://ist3-1.filesor.com/pimpandhost.com/1/_/_/_/1/3/0/e/a/30ea6/0106_lingerie_sex_xxx_video_e_s.jpg[/IMG][/URL]<BR><BR>[b]Sexy lingerie, Stockings, Bra, Panties, Fetish, Teasing, Undressing, [/b]<BR>0106_ Stocking Videos 2001 2010 FF and Stocking Videos telephone girdle sex ashley larg<BR><BR>[b]0106_lingerie_sex_xxx_video_e[/b]<BR>Windows Media | Size: 112 MiB | Duration: 11mn 6s | 1280x720<BR><BR>[b]~> Download video from KEEP2SHARE <~<BR>[url=http://rapidgator.net/file/b8b24762f61d38eb7227e77e3eed6911/0106_lingerie_sex_xxx_video_e.wmv.html]0106_lingerie_sex_xxx_video_e.wmv[/url][/b]<BR><BR> ","1366","1629","3601","1338"
" Stocking Videos 2001 2010 FF and Stocking Videos totallyny","[URL=http://pimpandhost.com/image/44383452-original.html][IMG]http://ist3-2.filesor.com/pimpandhost.com/1/_/_/_/1/3/0/e/a/30ea8/0107_lingerie_sex_xxx_video_i_s.jpg[/IMG][/URL]<BR><BR>[b]Sexy lingerie, Stockings, Bra, Panties, Fetish, Teasing, Undressing, [/b]<BR>0107_ Stocking Videos 2001 2010 FF and Stocking Videos totallynylonteaseh<BR><BR>[b]0107_lingerie_sex_xxx_video_i[/b]<BR>Windows Media | Size: 157 MiB | Duration: 10mn 22s | 1280x720<BR><BR>[b]~> Download video from KEEP2SHARE <~<BR>[url=http://rapidgator.net/file/00a868f0a91e2c7c6bf582e7d1c92ee4/0107_lingerie_sex_xxx_video_i.wmv.html]0107_lingerie_sex_xxx_video_i.wmv[/url][/b]<BR><BR> ","1318","2098","3640","1386"
" Stocking Videos 2001 2010 FF and Stocking Videos underbi","[URL=http://pimpandhost.com/image/44383456-original.html][IMG]http://ist3-1.filesor.com/pimpandhost.com/1/_/_/_/1/3/0/e/a/30eac/0108_lingerie_sex_xxx_video_g_s.jpg[/IMG][/URL]<BR><BR>[b]Sexy lingerie, Stockings, Bra, Panties, Fetish, Teasing, Undressing, [/b]<BR>0108_ Stocking Videos 2001 2010 FF and Stocking Videos underbi<BR><BR>[b]0108_lingerie_sex_xxx_video_g[/b]<BR>Windows Media | Size: 30.1 MiB | Duration: 11mn 54s | 320x240<BR><BR>[b]~> Download video from KEEP2SHARE <~<BR>[url=http://rapidgator.net/file/8b4768a916bc88378f26c22be479b6a2/0108_lingerie_sex_xxx_video_g.wmv.html]0108_lingerie_sex_xxx_video_g.wmv[/url][/b]<BR><BR> ","1301","1848","3552","1336"
" Stocking Videos 2001 2010 FF and Stocking Videos upskirt m","[URL=http://pimpandhost.com/image/44383457-original.html][IMG]http://ist3-2.filesor.com/pimpandhost.com/1/_/_/_/1/3/0/e/a/30ead/0109_lingerie_sex_xxx_video_0_s.jpg[/IMG][/URL]<BR><BR>[b]Sexy lingerie, Stockings, Bra, Panties, Fetish, Teasing, Undressing, [/b]<BR>0109_ Stocking Videos 2001 2010 FF and Stocking Videos upskirt minniemary 150<BR><BR>[b]0109_lingerie_sex_xxx_video_0[/b]<BR>Windows Media | Size: 157 MiB | Duration: 16mn 31s | 704x396<BR><BR>[b]~> Download video from KEEP2SHARE <~<BR>[url=http://rapidgator.net/file/a36b4616740da3a1ddc53223b97f7cce/0109_lingerie_sex_xxx_video_0.wmv.html]0109_lingerie_sex_xxx_video_0.wmv[/url][/b]<BR><BR> ","1339","2300","3600","1395"
" mfc beatrice fashion show HD premium video Video 2","[URL=http://pimpandhost.com/image/44383459-original.html][IMG]http://ist3-2.filesor.com/pimpandhost.com/1/_/_/_/1/3/0/e/a/30eaf/0110_lingerie_sex_xxx_video_4_s.jpg[/IMG][/URL]<BR><BR>[b]Sexy lingerie, Stockings, Bra, Panties, Fetish, Teasing, Undressing, [/b]<BR>0110_ mfc beatrice fashion show HD premium video Video 2<BR><BR>[b]0110_lingerie_sex_xxx_video_4[/b]<BR>MPEG-4 | Size: 735 MiB | Duration: 25mn 1s | 1920x1080<BR><BR>[b]~> Download video from KEEP2SHARE <~<BR>[url=http://rapidgator.net/file/927fb12d05dc9d3953739e3e063fa7f7/0110_lingerie_sex_xxx_video_4.mp4.part1.rar.html]0110_lingerie_sex_xxx_video_4.mp4.part1.rar[/url]<BR>[url=http://rapidgator.net/file/117561d99a3419eb0f71bee2856b436f/0110_lingerie_sex_xxx_video_4.mp4.part2.rar.html]0110_lingerie_sex_xxx_video_4.mp4.part2.rar[/url][/b]<BR><BR> ","1307","2387","3632","1350"
