" ABUSE III FUCKING PRETTY MEATHOLES AS THEY CRY Abuse II","[URL=http://pimpandhost.com/image/55199608-original.html][IMG]http://ist3-2.filesor.com/pimpandhost.com/1/_/_/_/1/3/J/B/W/3JBWg/0001_painal_painful_anal_sex_xxx_video_I_s.jpg[/IMG][/URL]<BR><BR>[b]Painal, Painful anal sex, [/b]<BR>0001_ ABUSE III FUCKING PRETTY MEATHOLES AS THEY CRY Abuse II<BR><BR>[b]0001_painal_painful_anal_sex_xxx_video_I[/b]<BR>MPEG-4 | Size: 404 MiB | Duration: 10mn 41s | 640x480<BR><BR>[b]~> Download video from KEEP2SHARE <~<BR>[url=http://k2s.cc/file/a376cc81a11b8/0001_painal_painful_anal_sex_xxx_video_I.mp4]0001_painal_painful_anal_sex_xxx_video_I.mp4[/url][/b]<BR><BR>More screenshots:<BR>[URL=http://pimpandhost.com/image/55197152-medium.html][IMG]http://ist3-2.filesor.com/pimpandhost.com/1/_/_/_/1/3/J/B/i/3JBiE/0001_painal_painful_anal_sex_xxx_video_I_s_0.jpg[/IMG][/URL]<BR><BR><BR>","1318","2096","3532","1312"
" Amarna Miller andamp Veruca James The Upper Floor Hungry A","[URL=http://pimpandhost.com/image/55199611-original.html][IMG]http://ist3-2.filesor.com/pimpandhost.com/1/_/_/_/1/3/J/B/W/3JBWj/0002_painal_painful_anal_sex_xxx_video_p_s.jpg[/IMG][/URL]<BR><BR>[b]Painal, Painful anal sex, [/b]<BR>0002_ Amarna Miller andamp Veruca James The Upper Floor Hungry Anal Slave Girls Compete for Cock 540p Amarna Miller and Veruca James The Upper Floor 540<BR><BR>[b]0002_painal_painful_anal_sex_xxx_video_p[/b]<BR>MPEG-4 | Size: 1.46 GiB | Duration: 1h 7mn | 960x540<BR><BR>[b]~> Download video from KEEP2SHARE <~<BR>[url=http://k2s.cc/file/7a2c10e69702d/0002_painal_painful_anal_sex_xxx_video_p.mp4.part1.rar]0002_painal_painful_anal_sex_xxx_video_p.mp4.part1.rar[/url]<BR>[url=http://k2s.cc/file/ba47e202855f6/0002_painal_painful_anal_sex_xxx_video_p.mp4.part2.rar]0002_painal_painful_anal_sex_xxx_video_p.mp4.part2.rar[/url]<BR>[url=http://k2s.cc/file/dab9044c5ee8a/0002_painal_painful_anal_sex_xxx_video_p.mp4.part3.rar]0002_painal_painful_anal_sex_xxx_video_p.mp4.part3.rar[/url]<BR>[url=http://k2s.cc/file/e4c1eb9f065cb/0002_painal_painful_anal_sex_xxx_video_p.mp4.part4.rar]0002_painal_painful_anal_sex_xxx_video_p.mp4.part4.rar[/url][/b]<BR><BR>More screenshots:<BR>[URL=http://pimpandhost.com/image/55197156-medium.html][IMG]http://ist3-1.filesor.com/pimpandhost.com/1/_/_/_/1/3/J/B/i/3JBiI/0002_painal_painful_anal_sex_xxx_video_p_s_0.jpg[/IMG][/URL]<BR><BR><BR>","1327","1818","3632","1320"
" Assylum 2016 04 05 Fallon West Ho Cart 2 Asscar 480p assyl","[URL=http://pimpandhost.com/image/55199613-original.html][IMG]http://ist3-2.filesor.com/pimpandhost.com/1/_/_/_/1/3/J/B/W/3JBWl/0003_painal_painful_anal_sex_xxx_video_p_s.jpg[/IMG][/URL]<BR><BR>[b]Painal, Painful anal sex, [/b]<BR>0003_ Assylum 2016 04 05 Fallon West Ho Cart 2 Asscar 480p assylum Fallon West Ho Kart 2 Asscar 480<BR><BR>[b]0003_painal_painful_anal_sex_xxx_video_p[/b]<BR>MPEG-4 | Size: 435 MiB | Duration: 53mn 57s | 852x480<BR><BR>[b]~> Download video from KEEP2SHARE <~<BR>[url=http://k2s.cc/file/9cad0a275826c/0003_painal_painful_anal_sex_xxx_video_p.mp4]0003_painal_painful_anal_sex_xxx_video_p.mp4[/url][/b]<BR><BR>More screenshots:<BR>[URL=http://pimpandhost.com/image/55197160-medium.html][IMG]http://ist3-1.filesor.com/pimpandhost.com/1/_/_/_/1/3/J/B/i/3JBiM/0003_painal_painful_anal_sex_xxx_video_p_s_0.jpg[/IMG][/URL]<BR><BR><BR>","1389","2214","3601","1400"
" Assylum Delirious Hunter Anal Candy Girl 1 720p assylum An","[URL=http://pimpandhost.com/image/55199615-original.html][IMG]http://ist3-1.filesor.com/pimpandhost.com/1/_/_/_/1/3/J/B/W/3JBWn/0004_painal_painful_anal_sex_xxx_video_p_s.jpg[/IMG][/URL]<BR><BR>[b]Painal, Painful anal sex, [/b]<BR>0004_ Assylum Delirious Hunter Anal Candy Girl 1 720p assylum Anal Candy Girl 1 Delirious Hunter 720<BR><BR>[b]0004_painal_painful_anal_sex_xxx_video_p[/b]<BR>MPEG-4 | Size: 1.37 GiB | Duration: 1h 2mn | 1280x720<BR><BR>[b]~> Download video from KEEP2SHARE <~<BR>[url=http://k2s.cc/file/466a052480135/0004_painal_painful_anal_sex_xxx_video_p.mp4.part1.rar]0004_painal_painful_anal_sex_xxx_video_p.mp4.part1.rar[/url]<BR>[url=http://k2s.cc/file/5ed6658a71f38/0004_painal_painful_anal_sex_xxx_video_p.mp4.part2.rar]0004_painal_painful_anal_sex_xxx_video_p.mp4.part2.rar[/url]<BR>[url=http://k2s.cc/file/495f748ab7725/0004_painal_painful_anal_sex_xxx_video_p.mp4.part3.rar]0004_painal_painful_anal_sex_xxx_video_p.mp4.part3.rar[/url][/b]<BR><BR>More screenshots:<BR>[URL=http://pimpandhost.com/image/55197163-medium.html][IMG]http://ist3-2.filesor.com/pimpandhost.com/1/_/_/_/1/3/J/B/i/3JBiP/0004_painal_painful_anal_sex_xxx_video_p_s_0.jpg[/IMG][/URL]<BR><BR><BR>","1328","1714","3566","1370"
" Assylum Lily Lovecraft Painal Theater 720p assylum Painal ","[URL=http://pimpandhost.com/image/55199616-original.html][IMG]http://ist3-2.filesor.com/pimpandhost.com/1/_/_/_/1/3/J/B/W/3JBWo/0005_painal_painful_anal_sex_xxx_video_p_s.jpg[/IMG][/URL]<BR><BR>[b]Painal, Painful anal sex, [/b]<BR>0005_ Assylum Lily Lovecraft Painal Theater 720p assylum Painal Theater Lily Lovecraft 720<BR><BR>[b]0005_painal_painful_anal_sex_xxx_video_p[/b]<BR>MPEG-4 | Size: 606 MiB | Duration: 24mn 14s | 1280x720<BR><BR>[b]~> Download video from KEEP2SHARE <~<BR>[url=http://k2s.cc/file/287b565d5c592/0005_painal_painful_anal_sex_xxx_video_p.mp4.part1.rar]0005_painal_painful_anal_sex_xxx_video_p.mp4.part1.rar[/url]<BR>[url=http://k2s.cc/file/148437cc15070/0005_painal_painful_anal_sex_xxx_video_p.mp4.part2.rar]0005_painal_painful_anal_sex_xxx_video_p.mp4.part2.rar[/url][/b]<BR><BR>More screenshots:<BR>[URL=http://pimpandhost.com/image/55197168-medium.html][IMG]http://ist3-2.filesor.com/pimpandhost.com/1/_/_/_/1/3/J/B/i/3JBiU/0005_painal_painful_anal_sex_xxx_video_p_s_0.jpg[/IMG][/URL]<BR><BR><BR>","1369","2263","3537","1347"
" Assylum Sarah Vandella School of Hard Fucks 540p Assylum S","[URL=http://pimpandhost.com/image/55199618-original.html][IMG]http://ist3-2.filesor.com/pimpandhost.com/1/_/_/_/1/3/J/B/W/3JBWq/0006_painal_painful_anal_sex_xxx_video_p_s.jpg[/IMG][/URL]<BR><BR>[b]Painal, Painful anal sex, [/b]<BR>0006_ Assylum Sarah Vandella School of Hard Fucks 540p Assylum Sarah Vandella School of Hard Fucks 540<BR><BR>[b]0006_painal_painful_anal_sex_xxx_video_p[/b]<BR>MPEG-4 | Size: 401 MiB | Duration: 37mn 11s | 960x540<BR><BR>[b]~> Download video from KEEP2SHARE <~<BR>[url=http://k2s.cc/file/d5b03b008c59b/0006_painal_painful_anal_sex_xxx_video_p.mp4]0006_painal_painful_anal_sex_xxx_video_p.mp4[/url][/b]<BR><BR>More screenshots:<BR>[URL=http://pimpandhost.com/image/55197171-medium.html][IMG]http://ist3-2.filesor.com/pimpandhost.com/1/_/_/_/1/3/J/B/i/3JBiX/0006_painal_painful_anal_sex_xxx_video_p_s_0.jpg[/IMG][/URL]<BR><BR><BR>","1395","1600","3615","1335"
" Assylum Tay Vanity andamp Kenzie Green The Whore Wash 2 Ex","[URL=http://pimpandhost.com/image/55199621-original.html][IMG]http://ist3-2.filesor.com/pimpandhost.com/1/_/_/_/1/3/J/B/W/3JBWt/0007_painal_painful_anal_sex_xxx_video_l_s.jpg[/IMG][/URL]<BR><BR>[b]Painal, Painful anal sex, [/b]<BR>0007_ Assylum Tay Vanity andamp Kenzie Green The Whore Wash 2 Extreme Painal 540p Assylum Tay Vanity and Kenzie Green Whore wash 2 extreme paina<BR><BR>[b]0007_painal_painful_anal_sex_xxx_video_l[/b]<BR>MPEG-4 | Size: 516 MiB | Duration: 45mn 20s | 960x540<BR><BR>[b]~> Download video from KEEP2SHARE <~<BR>[url=http://k2s.cc/file/5043c8256f7c4/0007_painal_painful_anal_sex_xxx_video_l.mp4.part1.rar]0007_painal_painful_anal_sex_xxx_video_l.mp4.part1.rar[/url]<BR>[url=http://k2s.cc/file/f713730b5dbdb/0007_painal_painful_anal_sex_xxx_video_l.mp4.part2.rar]0007_painal_painful_anal_sex_xxx_video_l.mp4.part2.rar[/url][/b]<BR><BR>More screenshots:<BR>[URL=http://pimpandhost.com/image/55197173-medium.html][IMG]http://ist3-1.filesor.com/pimpandhost.com/1/_/_/_/1/3/J/B/i/3JBiZ/0007_painal_painful_anal_sex_xxx_video_l_s_0.jpg[/IMG][/URL]<BR><BR><BR>","1314","1676","3504","1368"
" BackroomCastingCouch Nicole December 21, 2015 SD nicole3 b","[URL=http://pimpandhost.com/image/55199623-original.html][IMG]http://ist3-1.filesor.com/pimpandhost.com/1/_/_/_/1/3/J/B/W/3JBWv/0008_painal_painful_anal_sex_xxx_video_c_s.jpg[/IMG][/URL]<BR><BR>[b]Painal, Painful anal sex, [/b]<BR>0008_ BackroomCastingCouch Nicole December 21, 2015 SD nicole3 brc<BR><BR>[b]0008_painal_painful_anal_sex_xxx_video_c[/b]<BR>MPEG-4 | Size: 489 MiB | Duration: 26mn 9s | 768x432<BR><BR>[b]~> Download video from KEEP2SHARE <~<BR>[url=http://k2s.cc/file/fba1e95a69b18/0008_painal_painful_anal_sex_xxx_video_c.mp4.part1.rar]0008_painal_painful_anal_sex_xxx_video_c.mp4.part1.rar[/url]<BR>[url=http://k2s.cc/file/b7726fdfa9926/0008_painal_painful_anal_sex_xxx_video_c.mp4.part2.rar]0008_painal_painful_anal_sex_xxx_video_c.mp4.part2.rar[/url][/b]<BR><BR>More screenshots:<BR>[URL=http://pimpandhost.com/image/55197175-medium.html][IMG]http://ist3-2.filesor.com/pimpandhost.com/1/_/_/_/1/3/J/B/j/3JBj1/0008_painal_painful_anal_sex_xxx_video_c_s_0.jpg[/IMG][/URL]<BR><BR><BR>","1333","1583","3578","1351"
" BackroomCastingCouch Nikki June 01, 2015 720p HD nikki3 br","[URL=http://pimpandhost.com/image/55199624-original.html][IMG]http://ist3-2.filesor.com/pimpandhost.com/1/_/_/_/1/3/J/B/W/3JBWw/0009_painal_painful_anal_sex_xxx_video_d_s.jpg[/IMG][/URL]<BR><BR>[b]Painal, Painful anal sex, [/b]<BR>0009_ BackroomCastingCouch Nikki June 01, 2015 720p HD nikki3 brcc h<BR><BR>[b]0009_painal_painful_anal_sex_xxx_video_d[/b]<BR>MPEG-4 | Size: 1.33 GiB | Duration: 46mn 2s | 1280x720<BR><BR>[b]~> Download video from KEEP2SHARE <~<BR>[url=http://k2s.cc/file/e72d05eb271a4/0009_painal_painful_anal_sex_xxx_video_d.mp4.part1.rar]0009_painal_painful_anal_sex_xxx_video_d.mp4.part1.rar[/url]<BR>[url=http://k2s.cc/file/5ba880959587f/0009_painal_painful_anal_sex_xxx_video_d.mp4.part2.rar]0009_painal_painful_anal_sex_xxx_video_d.mp4.part2.rar[/url]<BR>[url=http://k2s.cc/file/56035caa869f3/0009_painal_painful_anal_sex_xxx_video_d.mp4.part3.rar]0009_painal_painful_anal_sex_xxx_video_d.mp4.part3.rar[/url][/b]<BR><BR>More screenshots:<BR>[URL=http://pimpandhost.com/image/55197176-medium.html][IMG]http://ist3-2.filesor.com/pimpandhost.com/1/_/_/_/1/3/J/B/j/3JBj2/0009_painal_painful_anal_sex_xxx_video_d_s_0.jpg[/IMG][/URL]<BR><BR><BR>","1376","2000","3627","1302"
" BuddhabangXXX JThick Big ass from D Town JThick BB","[URL=http://pimpandhost.com/image/55199626-original.html][IMG]http://ist3-2.filesor.com/pimpandhost.com/1/_/_/_/1/3/J/B/W/3JBWy/0010_painal_painful_anal_sex_xxx_video_X_s.jpg[/IMG][/URL]<BR><BR>[b]Painal, Painful anal sex, [/b]<BR>0010_ BuddhabangXXX JThick Big ass from D Town JThick BB<BR><BR>[b]0010_painal_painful_anal_sex_xxx_video_X[/b]<BR>MPEG-4 | Size: 914 MiB | Duration: 39mn 23s | 960x540<BR><BR>[b]~> Download video from KEEP2SHARE <~<BR>[url=http://k2s.cc/file/20463d454205c/0010_painal_painful_anal_sex_xxx_video_X.mp4.part1.rar]0010_painal_painful_anal_sex_xxx_video_X.mp4.part1.rar[/url]<BR>[url=http://k2s.cc/file/6a7ea56f8dad4/0010_painal_painful_anal_sex_xxx_video_X.mp4.part2.rar]0010_painal_painful_anal_sex_xxx_video_X.mp4.part2.rar[/url][/b]<BR><BR>More screenshots:<BR>[URL=http://pimpandhost.com/image/55197177-medium.html][IMG]http://ist3-1.filesor.com/pimpandhost.com/1/_/_/_/1/3/J/B/j/3JBj3/0010_painal_painful_anal_sex_xxx_video_X_s_0.jpg[/IMG][/URL]<BR><BR><BR>","1391","1763","3545","1380"
" Evil Angel 2015 05 28 Kate England andamp Pristine Edge Ba","[URL=http://pimpandhost.com/image/55199628-original.html][IMG]http://ist3-1.filesor.com/pimpandhost.com/1/_/_/_/1/3/J/B/W/3JBWA/0011_painal_painful_anal_sex_xxx_video_d_s.jpg[/IMG][/URL]<BR><BR>[b]Painal, Painful anal sex, [/b]<BR>0011_ Evil Angel 2015 05 28 Kate England andamp Pristine Edge Banginand 39 Assholes, scene 2 540p 29018 02 h<BR><BR>[b]0011_painal_painful_anal_sex_xxx_video_d[/b]<BR>MPEG-4 | Size: 675 MiB | Duration: 49mn 29s | 960x544<BR><BR>[b]~> Download video from KEEP2SHARE <~<BR>[url=http://k2s.cc/file/4e9f5a8b39dc7/0011_painal_painful_anal_sex_xxx_video_d.mp4.part1.rar]0011_painal_painful_anal_sex_xxx_video_d.mp4.part1.rar[/url]<BR>[url=http://k2s.cc/file/9e9fcef7aba4b/0011_painal_painful_anal_sex_xxx_video_d.mp4.part2.rar]0011_painal_painful_anal_sex_xxx_video_d.mp4.part2.rar[/url][/b]<BR><BR>More screenshots:<BR>[URL=http://pimpandhost.com/image/55197178-medium.html][IMG]http://ist3-1.filesor.com/pimpandhost.com/1/_/_/_/1/3/J/B/j/3JBj4/0011_painal_painful_anal_sex_xxx_video_d_s_0.jpg[/IMG][/URL]<BR><BR><BR>","1308","2161","3658","1337"
" Fat guy fucks petite asian hooker bareback with painal EMP","[URL=http://pimpandhost.com/image/55199631-original.html][IMG]http://ist3-1.filesor.com/pimpandhost.com/1/_/_/_/1/3/J/B/W/3JBWD/0012_painal_painful_anal_sex_xxx_video_L_s.jpg[/IMG][/URL]<BR><BR>[b]Painal, Painful anal sex, [/b]<BR>0012_ Fat guy fucks petite asian hooker bareback with painal EMP Exclusive GINA BJ AND COWGIR<BR><BR>[b]0012_painal_painful_anal_sex_xxx_video_L[/b]<BR>MPEG-4 | Size: 156 MiB | Duration: 4mn 15s | 1280x720<BR><BR>[b]~> Download video from KEEP2SHARE <~<BR>[url=http://k2s.cc/file/f5f0956dc95ff/0012_painal_painful_anal_sex_xxx_video_L.mp4]0012_painal_painful_anal_sex_xxx_video_L.mp4[/url][/b]<BR><BR>More screenshots:<BR>[URL=http://pimpandhost.com/image/55197179-medium.html][IMG]http://ist3-2.filesor.com/pimpandhost.com/1/_/_/_/1/3/J/B/j/3JBj5/0012_painal_painful_anal_sex_xxx_video_L_s_0.jpg[/IMG][/URL]<BR><BR><BR>","1398","1607","3513","1366"
" Fat guy fucks petite asian hooker bareback with painal EMP","[URL=http://pimpandhost.com/image/55199633-original.html][IMG]http://ist3-2.filesor.com/pimpandhost.com/1/_/_/_/1/3/J/B/W/3JBWF/0013_painal_painful_anal_sex_xxx_video_1_s.jpg[/IMG][/URL]<BR><BR>[b]Painal, Painful anal sex, [/b]<BR>0013_ Fat guy fucks petite asian hooker bareback with painal EMP Exclusive Ginapart<BR><BR>[b]0013_painal_painful_anal_sex_xxx_video_1[/b]<BR>MPEG-4 | Size: 94.3 MiB | Duration: 8mn 4s | 720x480<BR><BR>[b]~> Download video from KEEP2SHARE <~<BR>[url=http://k2s.cc/file/a552c6b12c2f1/0013_painal_painful_anal_sex_xxx_video_1.mp4]0013_painal_painful_anal_sex_xxx_video_1.mp4[/url][/b]<BR><BR>More screenshots:<BR>[URL=http://pimpandhost.com/image/55197181-medium.html][IMG]http://ist3-1.filesor.com/pimpandhost.com/1/_/_/_/1/3/J/B/j/3JBj7/0013_painal_painful_anal_sex_xxx_video_1_s_0.jpg[/IMG][/URL]<BR><BR><BR>","1397","1729","3525","1392"
" Fat guy fucks petite asian hooker bareback with painal EMP","[URL=http://pimpandhost.com/image/55199636-original.html][IMG]http://ist3-2.filesor.com/pimpandhost.com/1/_/_/_/1/3/J/B/W/3JBWI/0014_painal_painful_anal_sex_xxx_video_2_s.jpg[/IMG][/URL]<BR><BR>[b]Painal, Painful anal sex, [/b]<BR>0014_ Fat guy fucks petite asian hooker bareback with painal EMP Exclusive Ginapart<BR><BR>[b]0014_painal_painful_anal_sex_xxx_video_2[/b]<BR>MPEG-4 | Size: 250 MiB | Duration: 6mn 47s | 1280x720<BR><BR>[b]~> Download video from KEEP2SHARE <~<BR>[url=http://k2s.cc/file/db2cd7b91c0dc/0014_painal_painful_anal_sex_xxx_video_2.mp4]0014_painal_painful_anal_sex_xxx_video_2.mp4[/url][/b]<BR><BR>More screenshots:<BR>[URL=http://pimpandhost.com/image/55197184-medium.html][IMG]http://ist3-2.filesor.com/pimpandhost.com/1/_/_/_/1/3/J/B/j/3JBja/0014_painal_painful_anal_sex_xxx_video_2_s_0.jpg[/IMG][/URL]<BR><BR><BR>","1336","2130","3552","1351"
" Fuck My Tiny Portugese Ass Erica Fontes WCPclub SD SD por","[URL=http://pimpandhost.com/image/55199638-original.html][IMG]http://ist3-1.filesor.com/pimpandhost.com/1/_/_/_/1/3/J/B/W/3JBWK/0015_painal_painful_anal_sex_xxx_video_t_s.jpg[/IMG][/URL]<BR><BR>[b]Painal, Painful anal sex, [/b]<BR>0015_ Fuck My Tiny Portugese Ass Erica Fontes WCPclub SD SD por<BR><BR>[b]0015_painal_painful_anal_sex_xxx_video_t[/b]<BR>MPEG-4 | Size: 428 MiB | Duration: 30mn 55s | 720x404<BR><BR>[b]~> Download video from KEEP2SHARE <~<BR>[url=http://k2s.cc/file/c4dad61ac90ec/0015_painal_painful_anal_sex_xxx_video_t.mp4]0015_painal_painful_anal_sex_xxx_video_t.mp4[/url][/b]<BR><BR>More screenshots:<BR>[URL=http://pimpandhost.com/image/55197185-medium.html][IMG]http://ist3-1.filesor.com/pimpandhost.com/1/_/_/_/1/3/J/B/j/3JBjb/0015_painal_painful_anal_sex_xxx_video_t_s_0.jpg[/IMG][/URL]<BR><BR><BR>","1390","1752","3538","1323"
" LegalPorno Double Addicted, Belle Claire, Kristal Caitlyn ","[URL=http://pimpandhost.com/image/55199641-original.html][IMG]http://ist3-1.filesor.com/pimpandhost.com/1/_/_/_/1/3/J/B/W/3JBWN/0016_painal_painful_anal_sex_xxx_video_3_s.jpg[/IMG][/URL]<BR><BR>[b]Painal, Painful anal sex, [/b]<BR>0016_ LegalPorno Double Addicted, Belle Claire, Kristal Caitlyn ATOM conspiracy. 3on2 DpDAPGAPES andamp ball deep anal andamp Cumswapping GIO093 Gonzo, 3 On 2, Anal, DP, DAP, Swallow, 72 Double Addicted, Belle Claire, Kristal Caitlyn ATOM conspiracy. 3on2 DpDAPGAPES and ball deep anal and Cumswapping GIO09<BR><BR>[b]0016_painal_painful_anal_sex_xxx_video_3[/b]<BR>MPEG-4 | Size: 1.92 GiB | Duration: 59mn 45s | 1280x720<BR><BR>[b]~> Download video from KEEP2SHARE <~<BR>[url=http://k2s.cc/file/d5348afbc643d/0016_painal_painful_anal_sex_xxx_video_3.mp4.part1.rar]0016_painal_painful_anal_sex_xxx_video_3.mp4.part1.rar[/url]<BR>[url=http://k2s.cc/file/07f9b2995a814/0016_painal_painful_anal_sex_xxx_video_3.mp4.part2.rar]0016_painal_painful_anal_sex_xxx_video_3.mp4.part2.rar[/url]<BR>[url=http://k2s.cc/file/a050b51d39e18/0016_painal_painful_anal_sex_xxx_video_3.mp4.part3.rar]0016_painal_painful_anal_sex_xxx_video_3.mp4.part3.rar[/url]<BR>[url=http://k2s.cc/file/4000d60865112/0016_painal_painful_anal_sex_xxx_video_3.mp4.part4.rar]0016_painal_painful_anal_sex_xxx_video_3.mp4.part4.rar[/url]<BR>[url=http://k2s.cc/file/e70c4e121dde9/0016_painal_painful_anal_sex_xxx_video_3.mp4.part5.rar]0016_painal_painful_anal_sex_xxx_video_3.mp4.part5.rar[/url][/b]<BR><BR>More screenshots:<BR>[URL=http://pimpandhost.com/image/55197187-medium.html][IMG]http://ist3-1.filesor.com/pimpandhost.com/1/_/_/_/1/3/J/B/j/3JBjd/0016_painal_painful_anal_sex_xxx_video_3_s_0.jpg[/IMG][/URL]<BR><BR><BR>","1337","2026","3649","1312"
" LegalPorno My first DP, Angelle Christine try for the firs","[URL=http://pimpandhost.com/image/55199643-original.html][IMG]http://ist3-2.filesor.com/pimpandhost.com/1/_/_/_/1/3/J/B/W/3JBWP/0017_painal_painful_anal_sex_xxx_video_p_s.jpg[/IMG][/URL]<BR><BR>[b]Painal, Painful anal sex, [/b]<BR>0017_ LegalPorno My first DP, Angelle Christine try for the first time to handle 2 cocks. Painfull anal sex, first DP and double facial SD 480p 2016 04 27 My first DP, Angelle Christine try for the first time to handle 2 cocks SD 480<BR><BR>[b]0017_painal_painful_anal_sex_xxx_video_p[/b]<BR>MPEG-4 | Size: 888 MiB | Duration: 46mn 57s | 848x480<BR><BR>[b]~> Download video from KEEP2SHARE <~<BR>[url=http://k2s.cc/file/9ffbdeb5e3417/0017_painal_painful_anal_sex_xxx_video_p.mp4.part1.rar]0017_painal_painful_anal_sex_xxx_video_p.mp4.part1.rar[/url]<BR>[url=http://k2s.cc/file/3d59a5ff995d7/0017_painal_painful_anal_sex_xxx_video_p.mp4.part2.rar]0017_painal_painful_anal_sex_xxx_video_p.mp4.part2.rar[/url][/b]<BR><BR>More screenshots:<BR>[URL=http://pimpandhost.com/image/55197188-medium.html][IMG]http://ist3-2.filesor.com/pimpandhost.com/1/_/_/_/1/3/J/B/j/3JBje/0017_painal_painful_anal_sex_xxx_video_p_s_0.jpg[/IMG][/URL]<BR><BR><BR>","1314","1838","3531","1304"
" Lets Try Anal Audrey Holiday in andquotBadass Stepsister T","[URL=http://pimpandhost.com/image/55199645-original.html][IMG]http://ist3-2.filesor.com/pimpandhost.com/1/_/_/_/1/3/J/B/W/3JBWR/0018_painal_painful_anal_sex_xxx_video_y_s.jpg[/IMG][/URL]<BR><BR>[b]Painal, Painful anal sex, [/b]<BR>0018_ Lets Try Anal Audrey Holiday in andquotBadass Stepsister Tries Analandquot 720p Lets Try Anal Audrey Holida<BR><BR>[b]0018_painal_painful_anal_sex_xxx_video_y[/b]<BR>MPEG-4 | Size: 2.47 GiB | Duration: 41mn 31s | 1280x720<BR><BR>[b]~> Download video from KEEP2SHARE <~<BR>[url=http://k2s.cc/file/4bdc52c07c331/0018_painal_painful_anal_sex_xxx_video_y.mp4.part1.rar]0018_painal_painful_anal_sex_xxx_video_y.mp4.part1.rar[/url]<BR>[url=http://k2s.cc/file/250db2206da98/0018_painal_painful_anal_sex_xxx_video_y.mp4.part2.rar]0018_painal_painful_anal_sex_xxx_video_y.mp4.part2.rar[/url]<BR>[url=http://k2s.cc/file/5ded4e6d8e760/0018_painal_painful_anal_sex_xxx_video_y.mp4.part3.rar]0018_painal_painful_anal_sex_xxx_video_y.mp4.part3.rar[/url]<BR>[url=http://k2s.cc/file/cb16dcf80fa61/0018_painal_painful_anal_sex_xxx_video_y.mp4.part4.rar]0018_painal_painful_anal_sex_xxx_video_y.mp4.part4.rar[/url]<BR>[url=http://k2s.cc/file/a411a9c8b946e/0018_painal_painful_anal_sex_xxx_video_y.mp4.part5.rar]0018_painal_painful_anal_sex_xxx_video_y.mp4.part5.rar[/url]<BR>[url=http://k2s.cc/file/3cb5804b7ffb1/0018_painal_painful_anal_sex_xxx_video_y.mp4.part6.rar]0018_painal_painful_anal_sex_xxx_video_y.mp4.part6.rar[/url][/b]<BR><BR>More screenshots:<BR>[URL=http://pimpandhost.com/image/55197189-medium.html][IMG]http://ist3-2.filesor.com/pimpandhost.com/1/_/_/_/1/3/J/B/j/3JBjf/0018_painal_painful_anal_sex_xxx_video_y_s_0.jpg[/IMG][/URL]<BR><BR><BR>","1367","1845","3670","1376"
" Making Sense of Your Teenager andbull SCARLET andbull Try ","[URL=http://pimpandhost.com/image/55199648-original.html][IMG]http://ist3-1.filesor.com/pimpandhost.com/1/_/_/_/1/3/J/B/W/3JBWU/0019_painal_painful_anal_sex_xxx_video_3_s.jpg[/IMG][/URL]<BR><BR>[b]Painal, Painful anal sex, [/b]<BR>0019_ Making Sense of Your Teenager andbull SCARLET andbull Try a Teen 10, Scene 3 Try a Teen 10 Scene <BR><BR>[b]0019_painal_painful_anal_sex_xxx_video_3[/b]<BR>MPEG-4 | Size: 141 MiB | Duration: 16mn 22s | 640x480<BR><BR>[b]~> Download video from KEEP2SHARE <~<BR>[url=http://k2s.cc/file/5418be292ce14/0019_painal_painful_anal_sex_xxx_video_3.mp4]0019_painal_painful_anal_sex_xxx_video_3.mp4[/url][/b]<BR><BR>More screenshots:<BR>[URL=http://pimpandhost.com/image/55197191-medium.html][IMG]http://ist3-1.filesor.com/pimpandhost.com/1/_/_/_/1/3/J/B/j/3JBjh/0019_painal_painful_anal_sex_xxx_video_3_s_0.jpg[/IMG][/URL]<BR><BR><BR>","1311","2073","3524","1309"
" MomPOV Taryn e380 Tattooed MILF Taryn makes her MomPOV deb","[URL=http://pimpandhost.com/image/55199650-original.html][IMG]http://ist3-2.filesor.com/pimpandhost.com/1/_/_/_/1/3/J/B/W/3JBWW/0020_painal_painful_anal_sex_xxx_video_p_s.jpg[/IMG][/URL]<BR><BR>[b]Painal, Painful anal sex, [/b]<BR>0020_ MomPOV Taryn e380 Tattooed MILF Taryn makes her MomPOV debut with some pussy pounding and painal 05.10.16 720p MomPOV e380 Taryn 720<BR><BR>[b]0020_painal_painful_anal_sex_xxx_video_p[/b]<BR>MPEG-4 | Size: 2.80 GiB | Duration: 1h 17mn | 1280x720<BR><BR>[b]~> Download video from KEEP2SHARE <~<BR>[url=http://k2s.cc/file/1eea7c57e9feb/0020_painal_painful_anal_sex_xxx_video_p.mp4.part1.rar]0020_painal_painful_anal_sex_xxx_video_p.mp4.part1.rar[/url]<BR>[url=http://k2s.cc/file/533af1c48bdbc/0020_painal_painful_anal_sex_xxx_video_p.mp4.part2.rar]0020_painal_painful_anal_sex_xxx_video_p.mp4.part2.rar[/url]<BR>[url=http://k2s.cc/file/b0339cdf2df8a/0020_painal_painful_anal_sex_xxx_video_p.mp4.part3.rar]0020_painal_painful_anal_sex_xxx_video_p.mp4.part3.rar[/url]<BR>[url=http://k2s.cc/file/8f6b110e87525/0020_painal_painful_anal_sex_xxx_video_p.mp4.part4.rar]0020_painal_painful_anal_sex_xxx_video_p.mp4.part4.rar[/url]<BR>[url=http://k2s.cc/file/6122a3e1d7ca3/0020_painal_painful_anal_sex_xxx_video_p.mp4.part5.rar]0020_painal_painful_anal_sex_xxx_video_p.mp4.part5.rar[/url]<BR>[url=http://k2s.cc/file/019cf24b5ecd0/0020_painal_painful_anal_sex_xxx_video_p.mp4.part6.rar]0020_painal_painful_anal_sex_xxx_video_p.mp4.part6.rar[/url]<BR>[url=http://k2s.cc/file/7851a1de11649/0020_painal_painful_anal_sex_xxx_video_p.mp4.part7.rar]0020_painal_painful_anal_sex_xxx_video_p.mp4.part7.rar[/url][/b]<BR><BR>More screenshots:<BR>[URL=http://pimpandhost.com/image/55197192-medium.html][IMG]http://ist3-2.filesor.com/pimpandhost.com/1/_/_/_/1/3/J/B/j/3JBji/0020_painal_painful_anal_sex_xxx_video_p_s_0.jpg[/IMG][/URL]<BR><BR><BR>","1376","1671","3650","1373"
" MyDirtyHobby 2015 05 26 sexyRia SPOILED So Goes Dirty Anal","[URL=http://pimpandhost.com/image/55199652-original.html][IMG]http://ist3-2.filesor.com/pimpandhost.com/1/_/_/_/1/3/J/B/W/3JBWY/0021_painal_painful_anal_sex_xxx_video_p_s.jpg[/IMG][/URL]<BR><BR>[b]Painal, Painful anal sex, [/b]<BR>0021_ MyDirtyHobby 2015 05 26 sexyRia SPOILED So Goes Dirty Anal Fuck MP4720p 05 26 15 sexyRia 720<BR><BR>[b]0021_painal_painful_anal_sex_xxx_video_p[/b]<BR>MPEG-4 | Size: 253 MiB | Duration: 6mn 52s | 1280x720<BR><BR>[b]~> Download video from KEEP2SHARE <~<BR>[url=http://k2s.cc/file/5d28c8c87ed58/0021_painal_painful_anal_sex_xxx_video_p.mp4]0021_painal_painful_anal_sex_xxx_video_p.mp4[/url][/b]<BR><BR>More screenshots:<BR>[URL=http://pimpandhost.com/image/55197194-medium.html][IMG]http://ist3-1.filesor.com/pimpandhost.com/1/_/_/_/1/3/J/B/j/3JBjk/0021_painal_painful_anal_sex_xxx_video_p_s_0.jpg[/IMG][/URL]<BR><BR><BR>","1344","2289","3627","1381"
" MyVeryFirstTime Alex Mae Alexand 39s First Anal 674p MyVer","[URL=http://pimpandhost.com/image/55199655-original.html][IMG]http://ist3-1.filesor.com/pimpandhost.com/1/_/_/_/1/3/J/B/X/3JBX1/0023_painal_painful_anal_sex_xxx_video_p_s.jpg[/IMG][/URL]<BR><BR>[b]Painal, Painful anal sex, [/b]<BR>0023_ MyVeryFirstTime Alex Mae Alexand 39s First Anal 674p MyVeryFirstTime Alex Mae 674<BR><BR>[b]0023_painal_painful_anal_sex_xxx_video_p[/b]<BR>MPEG-4 | Size: 986 MiB | Duration: 43mn 50s | 1280x674<BR><BR>[b]~> Download video from KEEP2SHARE <~<BR>[url=http://k2s.cc/file/ce14d28a2a093/0023_painal_painful_anal_sex_xxx_video_p.mp4.part1.rar]0023_painal_painful_anal_sex_xxx_video_p.mp4.part1.rar[/url]<BR>[url=http://k2s.cc/file/c2dd2a12bddd6/0023_painal_painful_anal_sex_xxx_video_p.mp4.part2.rar]0023_painal_painful_anal_sex_xxx_video_p.mp4.part2.rar[/url]<BR>[url=http://k2s.cc/file/b31dff20a13c3/0023_painal_painful_anal_sex_xxx_video_p.mp4.part3.rar]0023_painal_painful_anal_sex_xxx_video_p.mp4.part3.rar[/url][/b]<BR><BR>More screenshots:<BR>[URL=http://pimpandhost.com/image/55197195-medium.html][IMG]http://ist3-2.filesor.com/pimpandhost.com/1/_/_/_/1/3/J/B/j/3JBjl/0023_painal_painful_anal_sex_xxx_video_p_s_0.jpg[/IMG][/URL]<BR><BR><BR>","1358","2306","3564","1347"
" Private Society Diana Mature Amateur Latina Gets Her Ass F","[URL=http://pimpandhost.com/image/55199656-original.html][IMG]http://ist3-2.filesor.com/pimpandhost.com/1/_/_/_/1/3/J/B/X/3JBX2/0024_painal_painful_anal_sex_xxx_video_._s.jpg[/IMG][/URL]<BR><BR>[b]Painal, Painful anal sex, [/b]<BR>0024_ Private Society Diana Mature Amateur Latina Gets Her Ass Fucked 480p PrivateSociety.16.04.27.Diana.XXX<BR><BR>[b]0024_painal_painful_anal_sex_xxx_video_.[/b]<BR>MPEG-4 | Size: 225 MiB | Duration: 15mn 35s | 854x480<BR><BR>[b]~> Download video from KEEP2SHARE <~<BR>[url=http://k2s.cc/file/f5f0082dccf85/0024_painal_painful_anal_sex_xxx_video_..mp4]0024_painal_painful_anal_sex_xxx_video_..mp4[/url][/b]<BR><BR>More screenshots:<BR>[URL=http://pimpandhost.com/image/55197196-medium.html][IMG]http://ist3-1.filesor.com/pimpandhost.com/1/_/_/_/1/3/J/B/j/3JBjm/0024_painal_painful_anal_sex_xxx_video_._s_0.jpg[/IMG][/URL]<BR><BR><BR>","1317","1962","3640","1355"
" Request Painkillers donand 39t help Painkillers Dont Help ","[URL=http://pimpandhost.com/image/55199659-original.html][IMG]http://ist3-1.filesor.com/pimpandhost.com/1/_/_/_/1/3/J/B/X/3JBX5/0025_painal_painful_anal_sex_xxx_video_t_s.jpg[/IMG][/URL]<BR><BR>[b]Painal, Painful anal sex, [/b]<BR>0025_ Request Painkillers donand 39t help Painkillers Dont Help Slim Latina Teen To Feel Unbearable Pain In Her Tight Asshole PainAnalne<BR><BR>[b]0025_painal_painful_anal_sex_xxx_video_t[/b]<BR>MPEG-4 | Size: 60.0 MiB | Duration: 15mn 23s | 426x240<BR><BR>[b]~> Download video from KEEP2SHARE <~<BR>[url=http://k2s.cc/file/03c9f407de86d/0025_painal_painful_anal_sex_xxx_video_t.mp4]0025_painal_painful_anal_sex_xxx_video_t.mp4[/url][/b]<BR><BR>More screenshots:<BR>[URL=http://pimpandhost.com/image/55197198-medium.html][IMG]http://ist3-2.filesor.com/pimpandhost.com/1/_/_/_/1/3/J/B/j/3JBjo/0025_painal_painful_anal_sex_xxx_video_t_s_0.jpg[/IMG][/URL]<BR><BR><BR>","1309","1900","3635","1323"
" Shy Girls Claudiaand 39s Anal Scene Claudias Anal Scen","[URL=http://pimpandhost.com/image/55199661-original.html][IMG]http://ist3-1.filesor.com/pimpandhost.com/1/_/_/_/1/3/J/B/X/3JBX7/0026_painal_painful_anal_sex_xxx_video_e_s.jpg[/IMG][/URL]<BR><BR>[b]Painal, Painful anal sex, [/b]<BR>0026_ Shy Girls Claudiaand 39s Anal Scene Claudias Anal Scen<BR><BR>[b]0026_painal_painful_anal_sex_xxx_video_e[/b]<BR>MPEG-4 | Size: 667 MiB | Duration: 35mn 30s | 854x480<BR><BR>[b]~> Download video from KEEP2SHARE <~<BR>[url=http://k2s.cc/file/c407f0b75bf55/0026_painal_painful_anal_sex_xxx_video_e.mp4.part1.rar]0026_painal_painful_anal_sex_xxx_video_e.mp4.part1.rar[/url]<BR>[url=http://k2s.cc/file/be4ae483d024f/0026_painal_painful_anal_sex_xxx_video_e.mp4.part2.rar]0026_painal_painful_anal_sex_xxx_video_e.mp4.part2.rar[/url][/b]<BR><BR>More screenshots:<BR>[URL=http://pimpandhost.com/image/55197200-medium.html][IMG]http://ist3-1.filesor.com/pimpandhost.com/1/_/_/_/1/3/J/B/j/3JBjq/0026_painal_painful_anal_sex_xxx_video_e_s_0.jpg[/IMG][/URL]<BR><BR><BR>","1382","2249","3557","1349"
" Slow down...you donand 39t get to cum yet Amateur blonde d","[URL=http://pimpandhost.com/image/55199663-original.html][IMG]http://ist3-2.filesor.com/pimpandhost.com/1/_/_/_/1/3/J/B/X/3JBX9/0027_painal_painful_anal_sex_xxx_video_t_s.jpg[/IMG][/URL]<BR><BR>[b]Painal, Painful anal sex, [/b]<BR>0027_ Slow down...you donand 39t get to cum yet Amateur blonde demands a hard anal fuck Slow down...you dont get to cum ye<BR><BR>[b]0027_painal_painful_anal_sex_xxx_video_t[/b]<BR>Flash Video | Size: 157 MiB | Duration: 10mn 24s | 1280x720<BR><BR>[b]~> Download video from KEEP2SHARE <~<BR>[url=http://k2s.cc/file/db9c6cdb88fe6/0027_painal_painful_anal_sex_xxx_video_t.flv]0027_painal_painful_anal_sex_xxx_video_t.flv[/url][/b]<BR><BR>More screenshots:<BR>[URL=http://pimpandhost.com/image/55197201-medium.html][IMG]http://ist3-1.filesor.com/pimpandhost.com/1/_/_/_/1/3/J/B/j/3JBjr/0027_painal_painful_anal_sex_xxx_video_t_s_0.jpg[/IMG][/URL]<BR><BR><BR>","1321","1620","3548","1333"
" Tatsu2050and 39s Anal Focus Asian Ass Tatsu2050s Anal Focu","[URL=http://pimpandhost.com/image/55199666-original.html][IMG]http://ist3-2.filesor.com/pimpandhost.com/1/_/_/_/1/3/J/B/X/3JBXc/0028_painal_painful_anal_sex_xxx_video_s_s.jpg[/IMG][/URL]<BR><BR>[b]Painal, Painful anal sex, [/b]<BR>0028_ Tatsu2050and 39s Anal Focus Asian Ass Tatsu2050s Anal Focus Asian As<BR><BR>[b]0028_painal_painful_anal_sex_xxx_video_s[/b]<BR>MPEG-4 | Size: 4.71 GiB | Duration: 4h 7mn | 1024x576<BR><BR>[b]~> Download video from KEEP2SHARE <~<BR>[url=http://k2s.cc/file/98ad2742c8408/0028_painal_painful_anal_sex_xxx_video_s.mp4.part01.rar]0028_painal_painful_anal_sex_xxx_video_s.mp4.part01.rar[/url]<BR>[url=http://k2s.cc/file/6edf0ede4256d/0028_painal_painful_anal_sex_xxx_video_s.mp4.part02.rar]0028_painal_painful_anal_sex_xxx_video_s.mp4.part02.rar[/url]<BR>[url=http://k2s.cc/file/5af5cb8facc59/0028_painal_painful_anal_sex_xxx_video_s.mp4.part03.rar]0028_painal_painful_anal_sex_xxx_video_s.mp4.part03.rar[/url]<BR>[url=http://k2s.cc/file/05985c57db359/0028_painal_painful_anal_sex_xxx_video_s.mp4.part04.rar]0028_painal_painful_anal_sex_xxx_video_s.mp4.part04.rar[/url]<BR>[url=http://k2s.cc/file/99f3fc6e90bf6/0028_painal_painful_anal_sex_xxx_video_s.mp4.part05.rar]0028_painal_painful_anal_sex_xxx_video_s.mp4.part05.rar[/url]<BR>[url=http://k2s.cc/file/be6c41fafe99f/0028_painal_painful_anal_sex_xxx_video_s.mp4.part06.rar]0028_painal_painful_anal_sex_xxx_video_s.mp4.part06.rar[/url]<BR>[url=http://k2s.cc/file/4cd5388646c73/0028_painal_painful_anal_sex_xxx_video_s.mp4.part07.rar]0028_painal_painful_anal_sex_xxx_video_s.mp4.part07.rar[/url]<BR>[url=http://k2s.cc/file/4ba3ad6306c08/0028_painal_painful_anal_sex_xxx_video_s.mp4.part08.rar]0028_painal_painful_anal_sex_xxx_video_s.mp4.part08.rar[/url]<BR>[url=http://k2s.cc/file/6dc741d565814/0028_painal_painful_anal_sex_xxx_video_s.mp4.part09.rar]0028_painal_painful_anal_sex_xxx_video_s.mp4.part09.rar[/url]<BR>[url=http://k2s.cc/file/bcba28ae87714/0028_painal_painful_anal_sex_xxx_video_s.mp4.part10.rar]0028_painal_painful_anal_sex_xxx_video_s.mp4.part10.rar[/url]<BR>[url=http://k2s.cc/file/610ac7706f234/0028_painal_painful_anal_sex_xxx_video_s.mp4.part11.rar]0028_painal_painful_anal_sex_xxx_video_s.mp4.part11.rar[/url][/b]<BR><BR>More screenshots:<BR>[URL=http://pimpandhost.com/image/55197202-medium.html][IMG]http://ist3-1.filesor.com/pimpandhost.com/1/_/_/_/1/3/J/B/j/3JBjs/0028_painal_painful_anal_sex_xxx_video_s_s_0.jpg[/IMG][/URL]<BR><BR><BR>","1377","1825","3585","1353"
" Tatsu2050and 39s Anal Focus Vol. 6 Tatsu2050s Anal Focus V","[URL=http://pimpandhost.com/image/55199668-original.html][IMG]http://ist3-2.filesor.com/pimpandhost.com/1/_/_/_/1/3/J/B/X/3JBXe/0029_painal_painful_anal_sex_xxx_video_6_s.jpg[/IMG][/URL]<BR><BR>[b]Painal, Painful anal sex, [/b]<BR>0029_ Tatsu2050and 39s Anal Focus Vol. 6 Tatsu2050s Anal Focus Vol. <BR><BR>[b]0029_painal_painful_anal_sex_xxx_video_6[/b]<BR>MPEG-4 | Size: 4.67 GiB | Duration: 5h 4mn | 1920x1080<BR><BR>[b]~> Download video from KEEP2SHARE <~<BR>[url=http://k2s.cc/file/db3753b6df1e0/0029_painal_painful_anal_sex_xxx_video_6.mp4.part01.rar]0029_painal_painful_anal_sex_xxx_video_6.mp4.part01.rar[/url]<BR>[url=http://k2s.cc/file/0e452360c2815/0029_painal_painful_anal_sex_xxx_video_6.mp4.part02.rar]0029_painal_painful_anal_sex_xxx_video_6.mp4.part02.rar[/url]<BR>[url=http://k2s.cc/file/e91540b641fe6/0029_painal_painful_anal_sex_xxx_video_6.mp4.part03.rar]0029_painal_painful_anal_sex_xxx_video_6.mp4.part03.rar[/url]<BR>[url=http://k2s.cc/file/cdbd5cb9455cf/0029_painal_painful_anal_sex_xxx_video_6.mp4.part04.rar]0029_painal_painful_anal_sex_xxx_video_6.mp4.part04.rar[/url]<BR>[url=http://k2s.cc/file/716f2faf782fb/0029_painal_painful_anal_sex_xxx_video_6.mp4.part05.rar]0029_painal_painful_anal_sex_xxx_video_6.mp4.part05.rar[/url]<BR>[url=http://k2s.cc/file/9e966c50d7be8/0029_painal_painful_anal_sex_xxx_video_6.mp4.part06.rar]0029_painal_painful_anal_sex_xxx_video_6.mp4.part06.rar[/url]<BR>[url=http://k2s.cc/file/594c952dd1310/0029_painal_painful_anal_sex_xxx_video_6.mp4.part07.rar]0029_painal_painful_anal_sex_xxx_video_6.mp4.part07.rar[/url]<BR>[url=http://k2s.cc/file/f38d2d179fe0a/0029_painal_painful_anal_sex_xxx_video_6.mp4.part08.rar]0029_painal_painful_anal_sex_xxx_video_6.mp4.part08.rar[/url]<BR>[url=http://k2s.cc/file/29602b8a565a1/0029_painal_painful_anal_sex_xxx_video_6.mp4.part09.rar]0029_painal_painful_anal_sex_xxx_video_6.mp4.part09.rar[/url]<BR>[url=http://k2s.cc/file/8298f7a6a46ef/0029_painal_painful_anal_sex_xxx_video_6.mp4.part10.rar]0029_painal_painful_anal_sex_xxx_video_6.mp4.part10.rar[/url]<BR>[url=http://k2s.cc/file/0b1086f6091fa/0029_painal_painful_anal_sex_xxx_video_6.mp4.part11.rar]0029_painal_painful_anal_sex_xxx_video_6.mp4.part11.rar[/url][/b]<BR><BR>More screenshots:<BR>[URL=http://pimpandhost.com/image/55197203-medium.html][IMG]http://ist3-2.filesor.com/pimpandhost.com/1/_/_/_/1/3/J/B/j/3JBjt/0029_painal_painful_anal_sex_xxx_video_6_s_0.jpg[/IMG][/URL]<BR><BR><BR>","1355","1656","3550","1400"
" Unknown tattoo amateur girl gets rough painal keeps beggin","[URL=http://pimpandhost.com/image/55199671-original.html][IMG]http://ist3-1.filesor.com/pimpandhost.com/1/_/_/_/1/3/J/B/X/3JBXh/0030_painal_painful_anal_sex_xxx_video_d_s.jpg[/IMG][/URL]<BR><BR>[b]Painal, Painful anal sex, [/b]<BR>0030_ Unknown tattoo amateur girl gets rough painal keeps begging to stop, dude keeps slamming it in Tattoed slutanal fucked from behin<BR><BR>[b]0030_painal_painful_anal_sex_xxx_video_d[/b]<BR>MPEG-4 | Size: 147 MiB | Duration: 9mn 42s | 1280x720<BR><BR>[b]~> Download video from KEEP2SHARE <~<BR>[url=http://k2s.cc/file/e75b9516d2eae/0030_painal_painful_anal_sex_xxx_video_d.mp4]0030_painal_painful_anal_sex_xxx_video_d.mp4[/url][/b]<BR><BR>More screenshots:<BR>[URL=http://pimpandhost.com/image/55197204-medium.html][IMG]http://ist3-1.filesor.com/pimpandhost.com/1/_/_/_/1/3/J/B/j/3JBju/0030_painal_painful_anal_sex_xxx_video_d_s_0.jpg[/IMG][/URL]<BR><BR><BR>","1305","2296","3662","1363"
" Very rough amateur anal Wifes screaming painful cuckold an","[URL=http://pimpandhost.com/image/55199673-original.html][IMG]http://ist3-2.filesor.com/pimpandhost.com/1/_/_/_/1/3/J/B/X/3JBXj/0031_painal_painful_anal_sex_xxx_video_y_s.jpg[/IMG][/URL]<BR><BR>[b]Painal, Painful anal sex, [/b]<BR>0031_ Very rough amateur anal Wifes screaming painful cuckold anal for filming hubb<BR><BR>[b]0031_painal_painful_anal_sex_xxx_video_y[/b]<BR>MPEG-4 | Size: 17.9 MiB | Duration: 2mn 23s | 720x480<BR><BR>[b]~> Download video from KEEP2SHARE <~<BR>[url=http://k2s.cc/file/eafc06c07cedc/0031_painal_painful_anal_sex_xxx_video_y.mp4]0031_painal_painful_anal_sex_xxx_video_y.mp4[/url][/b]<BR><BR>More screenshots:<BR>[URL=http://pimpandhost.com/image/55197205-medium.html][IMG]http://ist3-2.filesor.com/pimpandhost.com/1/_/_/_/1/3/J/B/j/3JBjv/0031_painal_painful_anal_sex_xxx_video_y_s_0.jpg[/IMG][/URL]<BR><BR><BR>","1378","1616","3519","1396"
" WakeUpNFuck PierreWoodman Goldie Baby WUNF 161 08.07.15 Wa","[URL=http://pimpandhost.com/image/55199677-original.html][IMG]http://ist3-1.filesor.com/pimpandhost.com/1/_/_/_/1/3/J/B/X/3JBXn/0032_painal_painful_anal_sex_xxx_video_p_s.jpg[/IMG][/URL]<BR><BR>[b]Painal, Painful anal sex, [/b]<BR>0032_ WakeUpNFuck PierreWoodman Goldie Baby WUNF 161 08.07.15 WakeUpNFuck Goldie Baby WUNF 161 08.07.15 rq 720<BR><BR>[b]0032_painal_painful_anal_sex_xxx_video_p[/b]<BR>MPEG-4 | Size: 2.15 GiB | Duration: 1h 6mn | 1280x720<BR><BR>[b]~> Download video from KEEP2SHARE <~<BR>[url=http://k2s.cc/file/32b37585a7a67/0032_painal_painful_anal_sex_xxx_video_p.mp4.part1.rar]0032_painal_painful_anal_sex_xxx_video_p.mp4.part1.rar[/url]<BR>[url=http://k2s.cc/file/7b52d4f504f77/0032_painal_painful_anal_sex_xxx_video_p.mp4.part2.rar]0032_painal_painful_anal_sex_xxx_video_p.mp4.part2.rar[/url]<BR>[url=http://k2s.cc/file/2640fdd6463b3/0032_painal_painful_anal_sex_xxx_video_p.mp4.part3.rar]0032_painal_painful_anal_sex_xxx_video_p.mp4.part3.rar[/url]<BR>[url=http://k2s.cc/file/ba5a8d91f16d7/0032_painal_painful_anal_sex_xxx_video_p.mp4.part4.rar]0032_painal_painful_anal_sex_xxx_video_p.mp4.part4.rar[/url]<BR>[url=http://k2s.cc/file/4c0c3fdd9222c/0032_painal_painful_anal_sex_xxx_video_p.mp4.part5.rar]0032_painal_painful_anal_sex_xxx_video_p.mp4.part5.rar[/url][/b]<BR><BR>More screenshots:<BR>[URL=http://pimpandhost.com/image/55197206-medium.html][IMG]http://ist3-2.filesor.com/pimpandhost.com/1/_/_/_/1/3/J/B/j/3JBjw/0032_painal_painful_anal_sex_xxx_video_p_s_0.jpg[/IMG][/URL]<BR><BR><BR>","1364","2220","3601","1374"
