" Rape Fantasy Collection 33 Scenes Boys group raped two hei","[URL=http://pimpandhost.com/image/46545782-original.html][IMG]http://ist3-2.filesor.com/pimpandhost.com/1/_/_/_/1/3/9/i/G/39iGq/0001_raw_sex_xxx_video_s_s.jpg[/IMG][/URL]<BR><BR>[b]deepthroat, rough, fetish, hardcore, brutal, violence, abducted, fantasy, forced sex, ripped pantyhose, crying, rape , [/b]<BR>0001_ Rape Fantasy Collection 33 Scenes Boys group raped two heifer<BR><BR>[b]0001_raw_sex_xxx_video_s[/b]<BR>Windows Media | Size: 209 MiB | Duration: 21mn 54s | 640x480<BR><BR>[b]~> Download video from KEEP2SHARE <~<BR>[url=http://k2s.cc/file/df5fc4c350308/0001_raw_sex_xxx_video_s.wmv]0001_raw_sex_xxx_video_s.wmv[/url][/b]<BR><BR> ","1377","1574","3614","1350"
" Rape Fantasy Collection 33 Scenes Broke into the house and","[URL=http://pimpandhost.com/image/46545785-original.html][IMG]http://ist3-2.filesor.com/pimpandhost.com/1/_/_/_/1/3/9/i/G/39iGt/0002_raw_sex_xxx_video_l_s.jpg[/IMG][/URL]<BR><BR>[b]deepthroat, rough, fetish, hardcore, brutal, violence, abducted, fantasy, forced sex, ripped pantyhose, crying, rape , [/b]<BR>0002_ Rape Fantasy Collection 33 Scenes Broke into the house and raped young schoolgir<BR><BR>[b]0001_spanking_sex_xxx_video_e[/b]<BR>Flash Video | Size: 15.3 MiB | Duration: 4mn 16s | 542x406<BR><BR>[b]~> Download video from KEEP2SHARE <~<BR>[url=http://k2s.cc/file/0cd7da458c9de/0002_raw_sex_xxx_video_l.wmv]0002_raw_sex_xxx_video_l.wmv[/url][/b]<BR><BR> ","1374","1763","3582","1338"
" Rape Fantasy Collection 33 Scenes Doctor raped by a derang","[URL=http://pimpandhost.com/image/46545788-original.html][IMG]http://ist3-1.filesor.com/pimpandhost.com/1/_/_/_/1/3/9/i/G/39iGw/0003_raw_sex_xxx_video_n_s.jpg[/IMG][/URL]<BR><BR>[b]deepthroat, rough, fetish, hardcore, brutal, violence, abducted, fantasy, forced sex, ripped pantyhose, crying, rape , [/b]<BR>0003_ Rape Fantasy Collection 33 Scenes Doctor raped by a deranged military ma<BR><BR>[b]0002_raw_sex_xxx_video_l[/b]<BR>Windows Media | Size: 205 MiB | Duration: 48mn 36s | 480x360<BR><BR>[b]~> Download video from KEEP2SHARE <~<BR>[url=http://k2s.cc/file/a98eea26da911/0003_raw_sex_xxx_video_n.wmv]0003_raw_sex_xxx_video_n.wmv[/url][/b]<BR><BR> ","1317","2331","3554","1352"
" Rape Fantasy Collection 33 Scenes Hazel by Powershotz Scho","[URL=http://pimpandhost.com/image/46545790-original.html][IMG]http://ist3-1.filesor.com/pimpandhost.com/1/_/_/_/1/3/9/i/G/39iGy/0004_raw_sex_xxx_video_d_s.jpg[/IMG][/URL]<BR><BR>[b]deepthroat, rough, fetish, hardcore, brutal, violence, abducted, fantasy, forced sex, ripped pantyhose, crying, rape , [/b]<BR>0004_ Rape Fantasy Collection 33 Scenes Hazel by Powershotz Schoolgirl raped har<BR><BR>[b]0002_spanking_sex_xxx_video_l[/b]<BR>RealMedia | Size: 16.1 MiB | Duration: 5mn 9s | 320x240<BR><BR>[b]~> Download video from KEEP2SHARE <~<BR>[url=http://k2s.cc/file/f723eb591c81a/0004_raw_sex_xxx_video_d.mpg]0004_raw_sex_xxx_video_d.mpg[/url][/b]<BR><BR> ","1303","2079","3629","1333"
" Rape Fantasy Collection 33 Scenes Hazel by Powershotz Slav","[URL=http://pimpandhost.com/image/46545793-original.html][IMG]http://ist3-2.filesor.com/pimpandhost.com/1/_/_/_/1/3/9/i/G/39iGB/0005_raw_sex_xxx_video_t_s.jpg[/IMG][/URL]<BR><BR>[b]deepthroat, rough, fetish, hardcore, brutal, violence, abducted, fantasy, forced sex, ripped pantyhose, crying, rape , [/b]<BR>0005_ Rape Fantasy Collection 33 Scenes Hazel by Powershotz Slave punished for escape attemp<BR><BR>[b]0003_raw_sex_xxx_video_n[/b]<BR>Windows Media | Size: 101 MiB | Duration: 13mn 16s | 640x464<BR><BR>[b]~> Download video from KEEP2SHARE <~<BR>[url=http://k2s.cc/file/c326beaa40d1a/0005_raw_sex_xxx_video_t.wmv]0005_raw_sex_xxx_video_t.wmv[/url][/b]<BR><BR> ","1329","1996","3663","1317"
" Rape Fantasy Collection 33 Scenes Hitchhiker raped at the ","[URL=http://pimpandhost.com/image/46545803-original.html][IMG]http://ist3-2.filesor.com/pimpandhost.com/1/_/_/_/1/3/9/i/G/39iGL/0008_raw_sex_xxx_video_n_s.jpg[/IMG][/URL]<BR><BR>[b]deepthroat, rough, fetish, hardcore, brutal, violence, abducted, fantasy, forced sex, ripped pantyhose, crying, rape , [/b]<BR>0008_ Rape Fantasy Collection 33 Scenes Hitchhiker raped at the back of the va<BR><BR>[b]0004_spanking_sex_xxx_video_01[/b]<BR>RealMedia | Size: 23.0 MiB | Duration: 2mn 8s | 720x480<BR><BR>[b]~> Download video from KEEP2SHARE <~<BR>[url=http://k2s.cc/file/63d8ee6547b8c/0008_raw_sex_xxx_video_n.avi.part1.rar]0008_raw_sex_xxx_video_n.avi.part1.rar[/url]<BR>[url=http://k2s.cc/file/a248d68742f1b/0008_raw_sex_xxx_video_n.avi.part2.rar]0008_raw_sex_xxx_video_n.avi.part2.rar[/url][/b]<BR><BR> ","1317","2075","3690","1339"
" Rape Fantasy Collection 33 Scenes JAV CEN Jogger kidnapped","[URL=http://pimpandhost.com/image/46545820-original.html][IMG]http://ist3-1.filesor.com/pimpandhost.com/1/_/_/_/1/3/9/i/H/39iH2/0010_raw_sex_xxx_video_s_s.jpg[/IMG][/URL]<BR><BR>[b]deepthroat, rough, fetish, hardcore, brutal, violence, abducted, fantasy, forced sex, ripped pantyhose, crying, rape , [/b]<BR>0010_ Rape Fantasy Collection 33 Scenes JAV CEN Jogger kidnapped and fucked in the wood<BR><BR>[b]0005_spanking_sex_xxx_video_02[/b]<BR>RealMedia | Size: 21.2 MiB | Duration: 1mn 58s | 720x480<BR><BR>[b]~> Download video from KEEP2SHARE <~<BR>[url=http://k2s.cc/file/d7fa83c2c3f18/0010_raw_sex_xxx_video_s.avi]0010_raw_sex_xxx_video_s.avi[/url][/b]<BR><BR> ","1318","2074","3598","1375"
" Rape Fantasy Collection 33 Scenes JAV CEN Schoolgirl messy","[URL=http://pimpandhost.com/image/46545823-original.html][IMG]http://ist3-1.filesor.com/pimpandhost.com/1/_/_/_/1/3/9/i/H/39iH5/0011_raw_sex_xxx_video_s_s.jpg[/IMG][/URL]<BR><BR>[b]deepthroat, rough, fetish, hardcore, brutal, violence, abducted, fantasy, forced sex, ripped pantyhose, crying, rape , [/b]<BR>0011_ Rape Fantasy Collection 33 Scenes JAV CEN Schoolgirl messy creampie rape in the wood<BR><BR>[b]0006_raw_sex_xxx_video_l[/b]<BR>MPEG-PS | Size: 57.0 MiB | Duration: 4mn 25s | 320x240<BR><BR>[b]~> Download video from KEEP2SHARE <~<BR>[url=http://k2s.cc/file/2cebb2dccbf77/0011_raw_sex_xxx_video_s.mp4.part1.rar]0011_raw_sex_xxx_video_s.mp4.part1.rar[/url]<BR>[url=http://k2s.cc/file/25e86fea3d1a2/0011_raw_sex_xxx_video_s.mp4.part2.rar]0011_raw_sex_xxx_video_s.mp4.part2.rar[/url][/b]<BR><BR> ","1317","1664","3643","1395"
" Rape Fantasy Collection 33 Scenes JAV CEN Submissive Nurse","[URL=http://pimpandhost.com/image/46545826-original.html][IMG]http://ist3-1.filesor.com/pimpandhost.com/1/_/_/_/1/3/9/i/H/39iH8/0012_raw_sex_xxx_video_l_s.jpg[/IMG][/URL]<BR><BR>[b]deepthroat, rough, fetish, hardcore, brutal, violence, abducted, fantasy, forced sex, ripped pantyhose, crying, rape , [/b]<BR>0012_ Rape Fantasy Collection 33 Scenes JAV CEN Submissive Nurse Raped at Hospita<BR><BR>[b]0006_spanking_sex_xxx_video_03[/b]<BR>RealMedia | Size: 21.3 MiB | Duration: 1mn 58s | 720x480<BR><BR>[b]~> Download video from KEEP2SHARE <~<BR>[url=http://k2s.cc/file/b10c35ab41390/0012_raw_sex_xxx_video_l.avi]0012_raw_sex_xxx_video_l.avi[/url][/b]<BR><BR> ","1326","1756","3589","1400"
" Rape Fantasy Collection 33 Scenes JAV CEN Zombies rape Par","[URL=http://pimpandhost.com/image/46545828-original.html][IMG]http://ist3-2.filesor.com/pimpandhost.com/1/_/_/_/1/3/9/i/H/39iHa/0013_raw_sex_xxx_video_I_s.jpg[/IMG][/URL]<BR><BR>[b]deepthroat, rough, fetish, hardcore, brutal, violence, abducted, fantasy, forced sex, ripped pantyhose, crying, rape , [/b]<BR>0013_ Rape Fantasy Collection 33 Scenes JAV CEN Zombies rape Part <BR><BR>[b]0007_raw_sex_xxx_video_d[/b]<BR>AVI | Size: 134 MiB | Duration: 19mn 7s | 512x384<BR><BR>[b]~> Download video from KEEP2SHARE <~<BR>[url=http://k2s.cc/file/418cf3a7e2718/0013_raw_sex_xxx_video_I.mp4.part1.rar]0013_raw_sex_xxx_video_I.mp4.part1.rar[/url]<BR>[url=http://k2s.cc/file/478eec5af24d8/0013_raw_sex_xxx_video_I.mp4.part2.rar]0013_raw_sex_xxx_video_I.mp4.part2.rar[/url][/b]<BR><BR> ","1358","2270","3575","1375"
" Rape Fantasy Collection 33 Scenes JAV CEN Zombies rape Par","[URL=http://pimpandhost.com/image/46545834-original.html][IMG]http://ist3-2.filesor.com/pimpandhost.com/1/_/_/_/1/3/9/i/H/39iHg/0014_raw_sex_xxx_video_I_s.jpg[/IMG][/URL]<BR><BR>[b]deepthroat, rough, fetish, hardcore, brutal, violence, abducted, fantasy, forced sex, ripped pantyhose, crying, rape , [/b]<BR>0014_ Rape Fantasy Collection 33 Scenes JAV CEN Zombies rape Part I<BR><BR>[b]0007_spanking_sex_xxx_video_01[/b]<BR>RealMedia | Size: 6.44 MiB | Duration: 2mn 3s | 320x240<BR><BR>[b]~> Download video from KEEP2SHARE <~<BR>[url=http://k2s.cc/file/a7635c798a205/0014_raw_sex_xxx_video_I.mp4]0014_raw_sex_xxx_video_I.mp4[/url][/b]<BR><BR> ","1378","2081","3555","1382"
" Rape Fantasy Collection 33 Scenes JAV CEN raped in the rai","[URL=http://pimpandhost.com/image/46545837-original.html][IMG]http://ist3-1.filesor.com/pimpandhost.com/1/_/_/_/1/3/9/i/H/39iHj/0015_raw_sex_xxx_video_n_s.jpg[/IMG][/URL]<BR><BR>[b]deepthroat, rough, fetish, hardcore, brutal, violence, abducted, fantasy, forced sex, ripped pantyhose, crying, rape , [/b]<BR>0015_ Rape Fantasy Collection 33 Scenes JAV CEN raped in the rai<BR><BR>[b]0008_raw_sex_xxx_video_n[/b]<BR>AVI | Size: 815 MiB | Duration: 32mn 45s | 720x576<BR><BR>[b]~> Download video from KEEP2SHARE <~<BR>[url=http://k2s.cc/file/3296ae0c11df5/0015_raw_sex_xxx_video_n.mp4]0015_raw_sex_xxx_video_n.mp4[/url][/b]<BR><BR> ","1329","2327","3529","1358"
" Rape Fantasy Collection 33 Scenes JAV CEN unwillingly fuck","[URL=http://pimpandhost.com/image/46545841-original.html][IMG]http://ist3-1.filesor.com/pimpandhost.com/1/_/_/_/1/3/9/i/H/39iHn/0016_raw_sex_xxx_video_n_s.jpg[/IMG][/URL]<BR><BR>[b]deepthroat, rough, fetish, hardcore, brutal, violence, abducted, fantasy, forced sex, ripped pantyhose, crying, rape , [/b]<BR>0016_ Rape Fantasy Collection 33 Scenes JAV CEN unwillingly fucked in priso<BR><BR>[b]0008_spanking_sex_xxx_video_02[/b]<BR>RealMedia | Size: 6.43 MiB | Duration: 2mn 3s | 320x240<BR><BR>[b]~> Download video from KEEP2SHARE <~<BR>[url=http://k2s.cc/file/15435593e3207/0016_raw_sex_xxx_video_n.avi]0016_raw_sex_xxx_video_n.avi[/url][/b]<BR><BR> ","1347","2366","3652","1364"
" Rape Fantasy Collection 33 Scenes Jogger drugged abducted ","[URL=http://pimpandhost.com/image/46545844-original.html][IMG]http://ist3-2.filesor.com/pimpandhost.com/1/_/_/_/1/3/9/i/H/39iHq/0017_raw_sex_xxx_video_c_s.jpg[/IMG][/URL]<BR><BR>[b]deepthroat, rough, fetish, hardcore, brutal, violence, abducted, fantasy, forced sex, ripped pantyhose, crying, rape , [/b]<BR>0017_ Rape Fantasy Collection 33 Scenes Jogger drugged abducted and fucked in a clini<BR><BR>[b]0009_raw_sex_xxx_video_r[/b]<BR>Windows Media | Size: 162 MiB | Duration: 16mn 59s | 640x480<BR><BR>[b]~> Download video from KEEP2SHARE <~<BR>[url=http://k2s.cc/file/45efd3d6ae025/0017_raw_sex_xxx_video_c.avi]0017_raw_sex_xxx_video_c.avi[/url][/b]<BR><BR> ","1360","2135","3506","1379"
" Rape Fantasy Collection 33 Scenes Kidnapped and raped scho","[URL=http://pimpandhost.com/image/46545848-original.html][IMG]http://ist3-2.filesor.com/pimpandhost.com/1/_/_/_/1/3/9/i/H/39iHu/0018_raw_sex_xxx_video_l_s.jpg[/IMG][/URL]<BR><BR>[b]deepthroat, rough, fetish, hardcore, brutal, violence, abducted, fantasy, forced sex, ripped pantyhose, crying, rape , [/b]<BR>0018_ Rape Fantasy Collection 33 Scenes Kidnapped and raped schoolgir<BR><BR>[b]0009_spanking_sex_xxx_video_03[/b]<BR>RealMedia | Size: 6.14 MiB | Duration: 1mn 57s | 320x240<BR><BR>[b]~> Download video from KEEP2SHARE <~<BR>[url=http://k2s.cc/file/8b4dc4e71aa7e/0018_raw_sex_xxx_video_l.avi]0018_raw_sex_xxx_video_l.avi[/url][/b]<BR><BR> ","1334","1969","3606","1352"
" Rape Fantasy Collection 33 Scenes Mother and daughter rape","[URL=http://pimpandhost.com/image/46545851-original.html][IMG]http://ist3-2.filesor.com/pimpandhost.com/1/_/_/_/1/3/9/i/H/39iHx/0019_raw_sex_xxx_video_s_s.jpg[/IMG][/URL]<BR><BR>[b]deepthroat, rough, fetish, hardcore, brutal, violence, abducted, fantasy, forced sex, ripped pantyhose, crying, rape , [/b]<BR>0019_ Rape Fantasy Collection 33 Scenes Mother and daughter raped by 4 burglar<BR><BR>[b]0010_raw_sex_xxx_video_s[/b]<BR>AVI | Size: 293 MiB | Duration: 25mn 30s | 720x396<BR><BR>[b]~> Download video from KEEP2SHARE <~<BR>[url=http://k2s.cc/file/5966010e43c10/0019_raw_sex_xxx_video_s.mpg]0019_raw_sex_xxx_video_s.mpg[/url][/b]<BR><BR> ","1371","1721","3592","1397"
" Rape Fantasy Collection 33 Scenes Nun Rap","[URL=http://pimpandhost.com/image/46545854-original.html][IMG]http://ist3-2.filesor.com/pimpandhost.com/1/_/_/_/1/3/9/i/H/39iHA/0020_raw_sex_xxx_video_e_s.jpg[/IMG][/URL]<BR><BR>[b]deepthroat, rough, fetish, hardcore, brutal, violence, abducted, fantasy, forced sex, ripped pantyhose, crying, rape , [/b]<BR>0020_ Rape Fantasy Collection 33 Scenes Nun Rap<BR><BR>[b]0010_spanking_sex_xxx_video_01[/b]<BR>RealMedia | Size: 24.2 MiB | Duration: 2mn 14s | 720x480<BR><BR>[b]~> Download video from KEEP2SHARE <~<BR>[url=http://k2s.cc/file/1b736f495aa0a/0020_raw_sex_xxx_video_e.wmv]0020_raw_sex_xxx_video_e.wmv[/url][/b]<BR><BR> ","1353","2316","3694","1310"
" Rape Fantasy Collection 33 Scenes Nurse rape","[URL=http://pimpandhost.com/image/46545856-original.html][IMG]http://ist3-2.filesor.com/pimpandhost.com/1/_/_/_/1/3/9/i/H/39iHC/0021_raw_sex_xxx_video_d_s.jpg[/IMG][/URL]<BR><BR>[b]deepthroat, rough, fetish, hardcore, brutal, violence, abducted, fantasy, forced sex, ripped pantyhose, crying, rape , [/b]<BR>0021_ Rape Fantasy Collection 33 Scenes Nurse rape<BR><BR>[b]0011_raw_sex_xxx_video_s[/b]<BR>MPEG-4 | Size: 604 MiB | Duration: 33mn 29s | 816x456<BR><BR>[b]~> Download video from KEEP2SHARE <~<BR>[url=http://k2s.cc/file/43fd10c2a5db4/0021_raw_sex_xxx_video_d.avi]0021_raw_sex_xxx_video_d.avi[/url][/b]<BR><BR> ","1376","1807","3672","1354"
" Rape Fantasy Collection 33 Scenes Paralyzed Girl Gets Abus","[URL=http://pimpandhost.com/image/46545860-original.html][IMG]http://ist3-2.filesor.com/pimpandhost.com/1/_/_/_/1/3/9/i/H/39iHG/0022_raw_sex_xxx_video_d_s.jpg[/IMG][/URL]<BR><BR>[b]deepthroat, rough, fetish, hardcore, brutal, violence, abducted, fantasy, forced sex, ripped pantyhose, crying, rape , [/b]<BR>0022_ Rape Fantasy Collection 33 Scenes Paralyzed Girl Gets Abuse<BR><BR>[b]0011_spanking_sex_xxx_video_02[/b]<BR>RealMedia | Size: 24.3 MiB | Duration: 2mn 15s | 720x480<BR><BR>[b]~> Download video from KEEP2SHARE <~<BR>[url=http://k2s.cc/file/80fc1e4299801/0022_raw_sex_xxx_video_d.wmv.part1.rar]0022_raw_sex_xxx_video_d.wmv.part1.rar[/url]<BR>[url=http://k2s.cc/file/14093bc24afd2/0022_raw_sex_xxx_video_d.wmv.part2.rar]0022_raw_sex_xxx_video_d.wmv.part2.rar[/url][/b]<BR><BR> ","1399","1618","3571","1327"
" Rape Fantasy Collection 33 Scenes Perched Behind Rap","[URL=http://pimpandhost.com/image/46545870-original.html][IMG]http://ist3-2.filesor.com/pimpandhost.com/1/_/_/_/1/3/9/i/H/39iHQ/0023_raw_sex_xxx_video_e_s.jpg[/IMG][/URL]<BR><BR>[b]deepthroat, rough, fetish, hardcore, brutal, violence, abducted, fantasy, forced sex, ripped pantyhose, crying, rape , [/b]<BR>0023_ Rape Fantasy Collection 33 Scenes Perched Behind Rap<BR><BR>[b]0012_raw_sex_xxx_video_l[/b]<BR>AVI | Size: 327 MiB | Duration: 38mn 57s | 800x450<BR><BR>[b]~> Download video from KEEP2SHARE <~<BR>[url=http://k2s.cc/file/e16c037ca938d/0023_raw_sex_xxx_video_e.avi]0023_raw_sex_xxx_video_e.avi[/url][/b]<BR><BR> ","1305","1954","3672","1352"
" Rape Fantasy Collection 33 Scenes Plumber raped petite wit","[URL=http://pimpandhost.com/image/46545876-original.html][IMG]http://ist3-1.filesor.com/pimpandhost.com/1/_/_/_/1/3/9/i/H/39iHW/0024_raw_sex_xxx_video_s_s.jpg[/IMG][/URL]<BR><BR>[b]deepthroat, rough, fetish, hardcore, brutal, violence, abducted, fantasy, forced sex, ripped pantyhose, crying, rape , [/b]<BR>0024_ Rape Fantasy Collection 33 Scenes Plumber raped petite with pigtail<BR><BR>[b]0012_spanking_sex_xxx_video_03[/b]<BR>RealMedia | Size: 24.7 MiB | Duration: 2mn 17s | 720x480<BR><BR>[b]~> Download video from KEEP2SHARE <~<BR>[url=http://k2s.cc/file/7d720b67dc419/0024_raw_sex_xxx_video_s.wmv]0024_raw_sex_xxx_video_s.wmv[/url][/b]<BR><BR> ","1346","2055","3532","1306"
" Rape Fantasy Collection 33 Scenes Polina forced threesom","[URL=http://pimpandhost.com/image/46545881-original.html][IMG]http://ist3-2.filesor.com/pimpandhost.com/1/_/_/_/1/3/9/i/I/39iI1/0025_raw_sex_xxx_video_e_s.jpg[/IMG][/URL]<BR><BR>[b]deepthroat, rough, fetish, hardcore, brutal, violence, abducted, fantasy, forced sex, ripped pantyhose, crying, rape , [/b]<BR>0025_ Rape Fantasy Collection 33 Scenes Polina forced threesom<BR><BR>[b]0013_raw_sex_xxx_video_I[/b]<BR>MPEG-4 | Size: 596 MiB | Duration: 51mn 16s | 720x404<BR><BR>[b]~> Download video from KEEP2SHARE <~<BR>[url=http://k2s.cc/file/a3206967a79ff/0025_raw_sex_xxx_video_e.mp4]0025_raw_sex_xxx_video_e.mp4[/url][/b]<BR><BR> ","1332","1675","3670","1367"
" Rape Fantasy Collection 33 Scenes Rape Room Gangban","[URL=http://pimpandhost.com/image/46545887-original.html][IMG]http://ist3-1.filesor.com/pimpandhost.com/1/_/_/_/1/3/9/i/I/39iI7/0027_raw_sex_xxx_video_g_s.jpg[/IMG][/URL]<BR><BR>[b]deepthroat, rough, fetish, hardcore, brutal, violence, abducted, fantasy, forced sex, ripped pantyhose, crying, rape , [/b]<BR>0027_ Rape Fantasy Collection 33 Scenes Rape Room Gangban<BR><BR>[b]0014_raw_sex_xxx_video_I[/b]<BR>MPEG-4 | Size: 254 MiB | Duration: 22mn 20s | 720x404<BR><BR>[b]~> Download video from KEEP2SHARE <~<BR>[url=http://k2s.cc/file/63784c29c8b36/0027_raw_sex_xxx_video_g.avi]0027_raw_sex_xxx_video_g.avi[/url][/b]<BR><BR> ","1372","1840","3536","1342"
" Rape Fantasy Collection 33 Scenes Raped at the dinner tabl","[URL=http://pimpandhost.com/image/46545891-original.html][IMG]http://ist3-1.filesor.com/pimpandhost.com/1/_/_/_/1/3/9/i/I/39iIb/0028_raw_sex_xxx_video_e_s.jpg[/IMG][/URL]<BR><BR>[b]deepthroat, rough, fetish, hardcore, brutal, violence, abducted, fantasy, forced sex, ripped pantyhose, crying, rape , [/b]<BR>0028_ Rape Fantasy Collection 33 Scenes Raped at the dinner tabl<BR><BR>[b]0014_spanking_sex_xxx_video_02[/b]<BR>RealMedia | Size: 6.40 MiB | Duration: 1mn 47s | 640x480<BR><BR>[b]~> Download video from KEEP2SHARE <~<BR>[url=http://k2s.cc/file/08e861c0e0df6/0028_raw_sex_xxx_video_e.wmv]0028_raw_sex_xxx_video_e.wmv[/url][/b]<BR><BR> ","1362","2079","3577","1315"
" Rape Fantasy Collection 33 Scenes Xandria Salome Construct","[URL=http://pimpandhost.com/image/46545894-original.html][IMG]http://ist3-2.filesor.com/pimpandhost.com/1/_/_/_/1/3/9/i/I/39iIe/0029_raw_sex_xxx_video_e_s.jpg[/IMG][/URL]<BR><BR>[b]deepthroat, rough, fetish, hardcore, brutal, violence, abducted, fantasy, forced sex, ripped pantyhose, crying, rape , [/b]<BR>0029_ Rape Fantasy Collection 33 Scenes Xandria Salome Construction Site Rap<BR><BR>[b]0015_raw_sex_xxx_video_n[/b]<BR>MPEG-4 | Size: 230 MiB | Duration: 15mn 50s | 728x408<BR><BR>[b]~> Download video from KEEP2SHARE <~<BR>[url=http://k2s.cc/file/af42aa3d3b677/0029_raw_sex_xxx_video_e.mpg]0029_raw_sex_xxx_video_e.mpg[/url][/b]<BR><BR> ","1355","1818","3552","1331"
" Rape Fantasy Collection 33 Scenes kolmonist hardcore abuse","[URL=http://pimpandhost.com/image/46545899-original.html][IMG]http://ist3-2.filesor.com/pimpandhost.com/1/_/_/_/1/3/9/i/I/39iIj/0031_raw_sex_xxx_video_t_s.jpg[/IMG][/URL]<BR><BR>[b]deepthroat, rough, fetish, hardcore, brutal, violence, abducted, fantasy, forced sex, ripped pantyhose, crying, rape , [/b]<BR>0031_ Rape Fantasy Collection 33 Scenes kolmonist hardcore abuse in public toile<BR><BR>[b]0016_raw_sex_xxx_video_n[/b]<BR>AVI | Size: 304 MiB | Duration: 24mn 38s | 640x480<BR><BR>[b]~> Download video from KEEP2SHARE <~<BR>[url=http://k2s.cc/file/182cf258babdf/0031_raw_sex_xxx_video_t.avi]0031_raw_sex_xxx_video_t.avi[/url][/b]<BR><BR> ","1370","1605","3671","1368"
" Rape Fantasy Collection 33 Scenes rough brazilian rape act","[URL=http://pimpandhost.com/image/46545903-original.html][IMG]http://ist3-1.filesor.com/pimpandhost.com/1/_/_/_/1/3/9/i/I/39iIn/0032_raw_sex_xxx_video_n_s.jpg[/IMG][/URL]<BR><BR>[b]deepthroat, rough, fetish, hardcore, brutal, violence, abducted, fantasy, forced sex, ripped pantyhose, crying, rape , [/b]<BR>0032_ Rape Fantasy Collection 33 Scenes rough brazilian rape actio<BR><BR>[b]0016_spanking_sex_xxx_video_w[/b]<BR>Windows Media | Size: 82.0 MiB | Duration: 7mn 17s | 720x480<BR><BR>[b]~> Download video from KEEP2SHARE <~<BR>[url=http://k2s.cc/file/bca97c68da3a1/0032_raw_sex_xxx_video_n.avi]0032_raw_sex_xxx_video_n.avi[/url][/b]<BR><BR> ","1325","1685","3692","1330"
" Rape Fantasy Collection 33 Scenes skinny military officer ","[URL=http://pimpandhost.com/image/46545909-original.html][IMG]http://ist3-1.filesor.com/pimpandhost.com/1/_/_/_/1/3/9/i/I/39iIt/0033_raw_sex_xxx_video_s_s.jpg[/IMG][/URL]<BR><BR>[b]deepthroat, rough, fetish, hardcore, brutal, violence, abducted, fantasy, forced sex, ripped pantyhose, crying, rape , [/b]<BR>0033_ Rape Fantasy Collection 33 Scenes skinny military officer taken by 2 soldier<BR><BR>[b]0017_raw_sex_xxx_video_c[/b]<BR>AVI | Size: 150 MiB | Duration: 37mn 28s | 512x384<BR><BR>[b]~> Download video from KEEP2SHARE <~<BR>[url=http://k2s.cc/file/fda37142d0358/0033_raw_sex_xxx_video_s.wmv]0033_raw_sex_xxx_video_s.wmv[/url][/b]<BR><BR> ","1371","2234","3664","1317"
