" BLACK SHEMALE HARDCORE update May 19, 2016 Diamond Ti Jahe","[URL=http://pimpandhost.com/image/55410214-original.html][IMG]http://ist3-1.filesor.com/pimpandhost.com/1/_/_/_/1/3/K/u/J/3KuJ8/0001_shemale_sex_transsexual_xxx_video_4_s.jpg[/IMG][/URL]<BR><BR>[b]Shemale, Transsexual, Ladyboy, Tranny, [/b]<BR>0001_ BLACK SHEMALE HARDCORE update May 19, 2016 Diamond Ti Jahe diamondtijaheblueOWHCbtg1 1 hdmp<BR><BR>[b]0001_shemale_sex_transsexual_xxx_video_4[/b]<BR>MPEG-4 | Size: 763 MiB | Duration: 24mn 44s | 1280x720<BR><BR>[b]~> Download video from KEEP2SHARE <~<BR>[url=http://k2s.cc/file/4b334b97a2210/0001_shemale_sex_transsexual_xxx_video_4.mp4.part1.rar]0001_shemale_sex_transsexual_xxx_video_4.mp4.part1.rar[/url]<BR>[url=http://k2s.cc/file/34d37ad16053a/0001_shemale_sex_transsexual_xxx_video_4.mp4.part2.rar]0001_shemale_sex_transsexual_xxx_video_4.mp4.part2.rar[/url][/b]<BR><BR>More screenshots:<BR>[URL=http://pimpandhost.com/image/55410205-medium.html][IMG]http://ist3-1.filesor.com/pimpandhost.com/1/_/_/_/1/3/K/u/I/3KuIZ/0001_shemale_sex_transsexual_xxx_video_4_s_0.jpg[/IMG][/URL]<BR><BR><BR>","1338","2322","3588","1360"
" BigBootyTGirls Trans500 Brittany Sophia Big Booty TS Ass F","[URL=http://pimpandhost.com/image/55410215-original.html][IMG]http://ist3-2.filesor.com/pimpandhost.com/1/_/_/_/1/3/K/u/J/3KuJ9/0002_shemale_sex_transsexual_xxx_video_p_s.jpg[/IMG][/URL]<BR><BR>[b]Shemale, Transsexual, Ladyboy, Tranny, [/b]<BR>0002_ BigBootyTGirls Trans500 Brittany Sophia Big Booty TS Ass Fucking BigBootyTGirls Brittany Sophia Big Booty TS Ass Fucking 20 May 2016 rq 1080<BR><BR>[b]0002_shemale_sex_transsexual_xxx_video_p[/b]<BR>MPEG-4 | Size: 1.40 GiB | Duration: 38mn 36s | 1920x1080<BR><BR>[b]~> Download video from KEEP2SHARE <~<BR>[url=http://k2s.cc/file/5a2cce118e052/0002_shemale_sex_transsexual_xxx_video_p.mp4.part1.rar]0002_shemale_sex_transsexual_xxx_video_p.mp4.part1.rar[/url]<BR>[url=http://k2s.cc/file/ede73674d07b6/0002_shemale_sex_transsexual_xxx_video_p.mp4.part2.rar]0002_shemale_sex_transsexual_xxx_video_p.mp4.part2.rar[/url]<BR>[url=http://k2s.cc/file/3464ef6667c67/0002_shemale_sex_transsexual_xxx_video_p.mp4.part3.rar]0002_shemale_sex_transsexual_xxx_video_p.mp4.part3.rar[/url]<BR>[url=http://k2s.cc/file/c53b2308dc80a/0002_shemale_sex_transsexual_xxx_video_p.mp4.part4.rar]0002_shemale_sex_transsexual_xxx_video_p.mp4.part4.rar[/url][/b]<BR><BR>More screenshots:<BR>[URL=http://pimpandhost.com/image/55410207-medium.html][IMG]http://ist3-1.filesor.com/pimpandhost.com/1/_/_/_/1/3/K/u/J/3KuJ1/0002_shemale_sex_transsexual_xxx_video_p_s_0.jpg[/IMG][/URL]<BR><BR><BR>","1324","2295","3673","1336"
" LadyboysFuckedBareback Quiz Hung Bombshell Barebacking 720","[URL=http://pimpandhost.com/image/55410217-original.html][IMG]http://ist3-1.filesor.com/pimpandhost.com/1/_/_/_/1/3/K/u/J/3KuJb/0004_shemale_sex_transsexual_xxx_video_1_s.jpg[/IMG][/URL]<BR><BR>[b]Shemale, Transsexual, Ladyboy, Tranny, [/b]<BR>0004_ LadyboysFuckedBareback Quiz Hung Bombshell Barebacking 720p ipad and iphone version quiz hungbombshellbarebacking ipod 00<BR><BR>[b]0004_shemale_sex_transsexual_xxx_video_1[/b]<BR>MPEG-4 | Size: 235 MiB | Duration: 19mn 13s | 1280x720<BR><BR>[b]~> Download video from KEEP2SHARE <~<BR>[url=http://k2s.cc/file/7fac10fb2397c/0004_shemale_sex_transsexual_xxx_video_1.mp4]0004_shemale_sex_transsexual_xxx_video_1.mp4[/url][/b]<BR><BR>More screenshots:<BR>[URL=http://pimpandhost.com/image/55410208-medium.html][IMG]http://ist3-1.filesor.com/pimpandhost.com/1/_/_/_/1/3/K/u/J/3KuJ2/0004_shemale_sex_transsexual_xxx_video_1_s_0.jpg[/IMG][/URL]<BR><BR><BR>","1361","1855","3660","1372"
" SHEMALE JAPAN HARDCORE update May 19, 2016 Miharu Tatebaya","[URL=http://pimpandhost.com/image/55410221-original.html][IMG]http://ist3-1.filesor.com/pimpandhost.com/1/_/_/_/1/3/K/u/J/3KuJf/0006_shemale_sex_transsexual_xxx_video_4_s.jpg[/IMG][/URL]<BR><BR>[b]Shemale, Transsexual, Ladyboy, Tranny, [/b]<BR>0006_ SHEMALE JAPAN HARDCORE update May 19, 2016 Miharu Tatebayashi miharutatebayashitbhc2 1 hdmp<BR><BR>[b]0006_shemale_sex_transsexual_xxx_video_4[/b]<BR>MPEG-4 | Size: 705 MiB | Duration: 31mn 35s | 854x480<BR><BR>[b]~> Download video from KEEP2SHARE <~<BR>[url=http://k2s.cc/file/54c4fc6dbf548/0006_shemale_sex_transsexual_xxx_video_4.mp4.part1.rar]0006_shemale_sex_transsexual_xxx_video_4.mp4.part1.rar[/url]<BR>[url=http://k2s.cc/file/9bc8c0fba553b/0006_shemale_sex_transsexual_xxx_video_4.mp4.part2.rar]0006_shemale_sex_transsexual_xxx_video_4.mp4.part2.rar[/url][/b]<BR><BR>More screenshots:<BR>[URL=http://pimpandhost.com/image/55410211-medium.html][IMG]http://ist3-1.filesor.com/pimpandhost.com/1/_/_/_/1/3/K/u/J/3KuJ5/0006_shemale_sex_transsexual_xxx_video_4_s_0.jpg[/IMG][/URL]<BR><BR><BR>","1313","1944","3590","1350"
" SHEMALE PORNSTAR update May 20, 2016 Venus de Cuellar venu","[URL=http://pimpandhost.com/image/55410222-original.html][IMG]http://ist3-1.filesor.com/pimpandhost.com/1/_/_/_/1/3/K/u/J/3KuJg/0007_shemale_sex_transsexual_xxx_video_4_s.jpg[/IMG][/URL]<BR><BR>[b]Shemale, Transsexual, Ladyboy, Tranny, [/b]<BR>0007_ SHEMALE PORNSTAR update May 20, 2016 Venus de Cuellar venuscuellargoodyAMP1 1 hdmp<BR><BR>[b]0007_shemale_sex_transsexual_xxx_video_4[/b]<BR>MPEG-4 | Size: 510 MiB | Duration: 16mn 32s | 1280x720<BR><BR>[b]~> Download video from KEEP2SHARE <~<BR>[url=http://k2s.cc/file/450077b9e49f2/0007_shemale_sex_transsexual_xxx_video_4.mp4.part1.rar]0007_shemale_sex_transsexual_xxx_video_4.mp4.part1.rar[/url]<BR>[url=http://k2s.cc/file/d65bd2fe3ed71/0007_shemale_sex_transsexual_xxx_video_4.mp4.part2.rar]0007_shemale_sex_transsexual_xxx_video_4.mp4.part2.rar[/url][/b]<BR><BR>More screenshots:<BR>[URL=http://pimpandhost.com/image/55410212-medium.html][IMG]http://ist3-1.filesor.com/pimpandhost.com/1/_/_/_/1/3/K/u/J/3KuJ6/0007_shemale_sex_transsexual_xxx_video_4_s_0.jpg[/IMG][/URL]<BR><BR><BR>","1328","2234","3518","1362"
" SHEMALES FROM HELL update May 21, 2016 NataliaAvellarMarcu","[URL=http://pimpandhost.com/image/55410223-original.html][IMG]http://ist3-2.filesor.com/pimpandhost.com/1/_/_/_/1/3/K/u/J/3KuJh/0008_shemale_sex_transsexual_xxx_video_4_s.jpg[/IMG][/URL]<BR><BR>[b]Shemale, Transsexual, Ladyboy, Tranny, [/b]<BR>0008_ SHEMALES FROM HELL update May 21, 2016 NataliaAvellarMarcusLD 1 hdmp<BR><BR>[b]0008_shemale_sex_transsexual_xxx_video_4[/b]<BR>MPEG-4 | Size: 798 MiB | Duration: 21mn 46s | 1280x720<BR><BR>[b]~> Download video from KEEP2SHARE <~<BR>[url=http://k2s.cc/file/6344343e0d0b7/0008_shemale_sex_transsexual_xxx_video_4.mp4.part1.rar]0008_shemale_sex_transsexual_xxx_video_4.mp4.part1.rar[/url]<BR>[url=http://k2s.cc/file/1b75f6193ee38/0008_shemale_sex_transsexual_xxx_video_4.mp4.part2.rar]0008_shemale_sex_transsexual_xxx_video_4.mp4.part2.rar[/url][/b]<BR><BR>More screenshots:<BR>[URL=http://pimpandhost.com/image/55410213-medium.html][IMG]http://ist3-1.filesor.com/pimpandhost.com/1/_/_/_/1/3/K/u/J/3KuJ7/0008_shemale_sex_transsexual_xxx_video_4_s_0.jpg[/IMG][/URL]<BR><BR><BR>","1374","1505","3629","1341"
" SHEMALES FROM HELL update May 21, 2016 RaphaelleVermontRaf","[URL=http://pimpandhost.com/image/55410224-original.html][IMG]http://ist3-1.filesor.com/pimpandhost.com/1/_/_/_/1/3/K/u/J/3KuJi/0009_shemale_sex_transsexual_xxx_video_4_s.jpg[/IMG][/URL]<BR><BR>[b]Shemale, Transsexual, Ladyboy, Tranny, [/b]<BR>0009_ SHEMALES FROM HELL update May 21, 2016 RaphaelleVermontRafaLD 1 hdmp<BR><BR>[b]0009_shemale_sex_transsexual_xxx_video_4[/b]<BR>MPEG-4 | Size: 819 MiB | Duration: 22mn 20s | 1280x720<BR><BR>[b]~> Download video from KEEP2SHARE <~<BR>[url=http://k2s.cc/file/00d17edbe16d2/0009_shemale_sex_transsexual_xxx_video_4.mp4.part1.rar]0009_shemale_sex_transsexual_xxx_video_4.mp4.part1.rar[/url]<BR>[url=http://k2s.cc/file/d3e3a4a3bd2b3/0009_shemale_sex_transsexual_xxx_video_4.mp4.part2.rar]0009_shemale_sex_transsexual_xxx_video_4.mp4.part2.rar[/url][/b]<BR><BR>More screenshots:<BR>[URL=http://pimpandhost.com/image/55410216-medium.html][IMG]http://ist3-1.filesor.com/pimpandhost.com/1/_/_/_/1/3/K/u/J/3KuJa/0009_shemale_sex_transsexual_xxx_video_4_s_0.jpg[/IMG][/URL]<BR><BR><BR>","1305","1902","3545","1343"
" SHEMALESTROKERS update May 18, 2016 Bianca Hills ts bianca","[URL=http://pimpandhost.com/image/55410225-original.html][IMG]http://ist3-2.filesor.com/pimpandhost.com/1/_/_/_/1/3/K/u/J/3KuJj/0010_shemale_sex_transsexual_xxx_video_p_s.jpg[/IMG][/URL]<BR><BR>[b]Shemale, Transsexual, Ladyboy, Tranny, [/b]<BR>0010_ SHEMALESTROKERS update May 18, 2016 Bianca Hills ts biancahills2 solo 1080<BR><BR>[b]0010_shemale_sex_transsexual_xxx_video_p[/b]<BR>MPEG-4 | Size: 921 MiB | Duration: 15mn 14s | 1888x1062<BR><BR>[b]~> Download video from KEEP2SHARE <~<BR>[url=http://k2s.cc/file/72978b2b9952e/0010_shemale_sex_transsexual_xxx_video_p.mp4.part1.rar]0010_shemale_sex_transsexual_xxx_video_p.mp4.part1.rar[/url]<BR>[url=http://k2s.cc/file/f4bac22e1695e/0010_shemale_sex_transsexual_xxx_video_p.mp4.part2.rar]0010_shemale_sex_transsexual_xxx_video_p.mp4.part2.rar[/url][/b]<BR><BR>More screenshots:<BR>[URL=http://pimpandhost.com/image/55410219-medium.html][IMG]http://ist3-2.filesor.com/pimpandhost.com/1/_/_/_/1/3/K/u/J/3KuJd/0010_shemale_sex_transsexual_xxx_video_p_s_0.jpg[/IMG][/URL]<BR><BR><BR>","1336","2101","3505","1360"
" SHEMALESTROKERS update May 20, 2016 Aubrey Kate ts aubreyk","[URL=http://pimpandhost.com/image/55410226-original.html][IMG]http://ist3-2.filesor.com/pimpandhost.com/1/_/_/_/1/3/K/u/J/3KuJk/0011_shemale_sex_transsexual_xxx_video_p_s.jpg[/IMG][/URL]<BR><BR>[b]Shemale, Transsexual, Ladyboy, Tranny, [/b]<BR>0011_ SHEMALESTROKERS update May 20, 2016 Aubrey Kate ts aubreykate6 solo 1080<BR><BR>[b]0011_shemale_sex_transsexual_xxx_video_p[/b]<BR>MPEG-4 | Size: 612 MiB | Duration: 20mn 32s | 1920x1080<BR><BR>[b]~> Download video from KEEP2SHARE <~<BR>[url=http://k2s.cc/file/0ccfbde9f5056/0011_shemale_sex_transsexual_xxx_video_p.mp4.part1.rar]0011_shemale_sex_transsexual_xxx_video_p.mp4.part1.rar[/url]<BR>[url=http://k2s.cc/file/2a2a25f55f98b/0011_shemale_sex_transsexual_xxx_video_p.mp4.part2.rar]0011_shemale_sex_transsexual_xxx_video_p.mp4.part2.rar[/url][/b]<BR><BR>More screenshots:<BR>[URL=http://pimpandhost.com/image/55410227-medium.html][IMG]http://ist3-1.filesor.com/pimpandhost.com/1/_/_/_/1/3/K/u/J/3KuJl/0011_shemale_sex_transsexual_xxx_video_p_s_0.jpg[/IMG][/URL]<BR><BR><BR>","1355","2303","3693","1315"
" SHEMALEYUM update from May 11 to May 17, 2016 aubreystarrB","[URL=http://pimpandhost.com/image/55410228-original.html][IMG]http://ist3-2.filesor.com/pimpandhost.com/1/_/_/_/1/3/K/u/J/3KuJm/0012_shemale_sex_transsexual_xxx_video_4_s.jpg[/IMG][/URL]<BR><BR>[b]Shemale, Transsexual, Ladyboy, Tranny, [/b]<BR>0012_ SHEMALEYUM update from May 11 to May 17, 2016 aubreystarrBW8 1 hdmp<BR><BR>[b]0012_shemale_sex_transsexual_xxx_video_4[/b]<BR>MPEG-4 | Size: 327 MiB | Duration: 10mn 34s | 1280x720<BR><BR>[b]~> Download video from KEEP2SHARE <~<BR>[url=http://k2s.cc/file/b1a80775775bd/0012_shemale_sex_transsexual_xxx_video_4.mp4]0012_shemale_sex_transsexual_xxx_video_4.mp4[/url][/b]<BR><BR>More screenshots:<BR>[URL=http://pimpandhost.com/image/55410232-medium.html][IMG]http://ist3-1.filesor.com/pimpandhost.com/1/_/_/_/1/3/K/u/J/3KuJq/0012_shemale_sex_transsexual_xxx_video_4_s_0.jpg[/IMG][/URL]<BR><BR><BR>","1328","2185","3675","1320"
" SHEMALEYUM update from May 11 to May 17, 2016 brookezanell","[URL=http://pimpandhost.com/image/55410229-original.html][IMG]http://ist3-1.filesor.com/pimpandhost.com/1/_/_/_/1/3/K/u/J/3KuJn/0013_shemale_sex_transsexual_xxx_video_4_s.jpg[/IMG][/URL]<BR><BR>[b]Shemale, Transsexual, Ladyboy, Tranny, [/b]<BR>0013_ SHEMALEYUM update from May 11 to May 17, 2016 brookezanellRD01 1 hdmp<BR><BR>[b]0013_shemale_sex_transsexual_xxx_video_4[/b]<BR>MPEG-4 | Size: 540 MiB | Duration: 17mn 29s | 1280x720<BR><BR>[b]~> Download video from KEEP2SHARE <~<BR>[url=http://k2s.cc/file/9eaab4dc13215/0013_shemale_sex_transsexual_xxx_video_4.mp4.part1.rar]0013_shemale_sex_transsexual_xxx_video_4.mp4.part1.rar[/url]<BR>[url=http://k2s.cc/file/b818dd80e6005/0013_shemale_sex_transsexual_xxx_video_4.mp4.part2.rar]0013_shemale_sex_transsexual_xxx_video_4.mp4.part2.rar[/url][/b]<BR><BR>More screenshots:<BR>[URL=http://pimpandhost.com/image/55410236-medium.html][IMG]http://ist3-1.filesor.com/pimpandhost.com/1/_/_/_/1/3/K/u/J/3KuJu/0013_shemale_sex_transsexual_xxx_video_4_s_0.jpg[/IMG][/URL]<BR><BR><BR>","1378","2364","3586","1392"
" SHEMALEYUM update from May 11 to May 17, 2016 freyawynnRD0","[URL=http://pimpandhost.com/image/55410230-original.html][IMG]http://ist3-2.filesor.com/pimpandhost.com/1/_/_/_/1/3/K/u/J/3KuJo/0014_shemale_sex_transsexual_xxx_video_4_s.jpg[/IMG][/URL]<BR><BR>[b]Shemale, Transsexual, Ladyboy, Tranny, [/b]<BR>0014_ SHEMALEYUM update from May 11 to May 17, 2016 freyawynnRD06 1 hdmp<BR><BR>[b]0014_shemale_sex_transsexual_xxx_video_4[/b]<BR>MPEG-4 | Size: 344 MiB | Duration: 11mn 8s | 1280x720<BR><BR>[b]~> Download video from KEEP2SHARE <~<BR>[url=http://k2s.cc/file/946edb14356e2/0014_shemale_sex_transsexual_xxx_video_4.mp4]0014_shemale_sex_transsexual_xxx_video_4.mp4[/url][/b]<BR><BR>More screenshots:<BR>[URL=http://pimpandhost.com/image/55410240-medium.html][IMG]http://ist3-2.filesor.com/pimpandhost.com/1/_/_/_/1/3/K/u/J/3KuJy/0014_shemale_sex_transsexual_xxx_video_4_s_0.jpg[/IMG][/URL]<BR><BR><BR>","1345","2294","3584","1373"
" SHEMALEYUM update from May 11 to May 17, 2016 leahnova.1.a","[URL=http://pimpandhost.com/image/55410231-original.html][IMG]http://ist3-1.filesor.com/pimpandhost.com/1/_/_/_/1/3/K/u/J/3KuJp/0015_shemale_sex_transsexual_xxx_video_4_s.jpg[/IMG][/URL]<BR><BR>[b]Shemale, Transsexual, Ladyboy, Tranny, [/b]<BR>0015_ SHEMALEYUM update from May 11 to May 17, 2016 leahnova.1.amp.hdmp<BR><BR>[b]0015_shemale_sex_transsexual_xxx_video_4[/b]<BR>MPEG-4 | Size: 302 MiB | Duration: 9mn 47s | 1280x720<BR><BR>[b]~> Download video from KEEP2SHARE <~<BR>[url=http://k2s.cc/file/41f36d7c035df/0015_shemale_sex_transsexual_xxx_video_4.mp4]0015_shemale_sex_transsexual_xxx_video_4.mp4[/url][/b]<BR><BR>More screenshots:<BR>[URL=http://pimpandhost.com/image/55410245-medium.html][IMG]http://ist3-1.filesor.com/pimpandhost.com/1/_/_/_/1/3/K/u/J/3KuJD/0015_shemale_sex_transsexual_xxx_video_4_s_0.jpg[/IMG][/URL]<BR><BR><BR>","1370","1958","3569","1343"
" SHEMALEYUM update from May 11 to May 17, 2016 willowkruege","[URL=http://pimpandhost.com/image/55410233-original.html][IMG]http://ist3-1.filesor.com/pimpandhost.com/1/_/_/_/1/3/K/u/J/3KuJr/0016_shemale_sex_transsexual_xxx_video_4_s.jpg[/IMG][/URL]<BR><BR>[b]Shemale, Transsexual, Ladyboy, Tranny, [/b]<BR>0016_ SHEMALEYUM update from May 11 to May 17, 2016 willowkruegerOW3 1 hdmp<BR><BR>[b]0016_shemale_sex_transsexual_xxx_video_4[/b]<BR>MPEG-4 | Size: 317 MiB | Duration: 10mn 16s | 1280x720<BR><BR>[b]~> Download video from KEEP2SHARE <~<BR>[url=http://k2s.cc/file/c916cf6cbbb09/0016_shemale_sex_transsexual_xxx_video_4.mp4]0016_shemale_sex_transsexual_xxx_video_4.mp4[/url][/b]<BR><BR>More screenshots:<BR>[URL=http://pimpandhost.com/image/55410250-medium.html][IMG]http://ist3-2.filesor.com/pimpandhost.com/1/_/_/_/1/3/K/u/J/3KuJI/0016_shemale_sex_transsexual_xxx_video_4_s_0.jpg[/IMG][/URL]<BR><BR><BR>","1352","2392","3668","1357"
" SHEMALEYUM update from May 18 to May 21, 2016 barbie.2.amp","[URL=http://pimpandhost.com/image/55410234-original.html][IMG]http://ist3-1.filesor.com/pimpandhost.com/1/_/_/_/1/3/K/u/J/3KuJs/0017_shemale_sex_transsexual_xxx_video_4_s.jpg[/IMG][/URL]<BR><BR>[b]Shemale, Transsexual, Ladyboy, Tranny, [/b]<BR>0017_ SHEMALEYUM update from May 18 to May 21, 2016 barbie.2.amp.hdmp<BR><BR>[b]0017_shemale_sex_transsexual_xxx_video_4[/b]<BR>MPEG-4 | Size: 276 MiB | Duration: 11mn 8s | 1280x720<BR><BR>[b]~> Download video from KEEP2SHARE <~<BR>[url=http://k2s.cc/file/dace402a01a2f/0017_shemale_sex_transsexual_xxx_video_4.mp4]0017_shemale_sex_transsexual_xxx_video_4.mp4[/url][/b]<BR><BR>More screenshots:<BR>[URL=http://pimpandhost.com/image/55410253-medium.html][IMG]http://ist3-2.filesor.com/pimpandhost.com/1/_/_/_/1/3/K/u/J/3KuJL/0017_shemale_sex_transsexual_xxx_video_4_s_0.jpg[/IMG][/URL]<BR><BR><BR>","1344","1558","3500","1380"
" SHEMALEYUM update from May 18 to May 21, 2016 caseyhazeOW1","[URL=http://pimpandhost.com/image/55410235-original.html][IMG]http://ist3-2.filesor.com/pimpandhost.com/1/_/_/_/1/3/K/u/J/3KuJt/0018_shemale_sex_transsexual_xxx_video_4_s.jpg[/IMG][/URL]<BR><BR>[b]Shemale, Transsexual, Ladyboy, Tranny, [/b]<BR>0018_ SHEMALEYUM update from May 18 to May 21, 2016 caseyhazeOW1 1 hdmp<BR><BR>[b]0018_shemale_sex_transsexual_xxx_video_4[/b]<BR>MPEG-4 | Size: 347 MiB | Duration: 11mn 14s | 1280x720<BR><BR>[b]~> Download video from KEEP2SHARE <~<BR>[url=http://k2s.cc/file/a6865a7ad68c3/0018_shemale_sex_transsexual_xxx_video_4.mp4]0018_shemale_sex_transsexual_xxx_video_4.mp4[/url][/b]<BR><BR>More screenshots:<BR>[URL=http://pimpandhost.com/image/55410254-medium.html][IMG]http://ist3-1.filesor.com/pimpandhost.com/1/_/_/_/1/3/K/u/J/3KuJM/0018_shemale_sex_transsexual_xxx_video_4_s_0.jpg[/IMG][/URL]<BR><BR><BR>","1374","1527","3579","1328"
" SHEMALEYUM update from May 18 to May 21, 2016 jordahnsuxRD","[URL=http://pimpandhost.com/image/55410238-original.html][IMG]http://ist3-2.filesor.com/pimpandhost.com/1/_/_/_/1/3/K/u/J/3KuJw/0019_shemale_sex_transsexual_xxx_video_4_s.jpg[/IMG][/URL]<BR><BR>[b]Shemale, Transsexual, Ladyboy, Tranny, [/b]<BR>0019_ SHEMALEYUM update from May 18 to May 21, 2016 jordahnsuxRD03 1 hdmp<BR><BR>[b]0019_shemale_sex_transsexual_xxx_video_4[/b]<BR>MPEG-4 | Size: 499 MiB | Duration: 16mn 9s | 1280x720<BR><BR>[b]~> Download video from KEEP2SHARE <~<BR>[url=http://k2s.cc/file/9437c0c38201f/0019_shemale_sex_transsexual_xxx_video_4.mp4.part1.rar]0019_shemale_sex_transsexual_xxx_video_4.mp4.part1.rar[/url]<BR>[url=http://k2s.cc/file/f2efa1d25ad60/0019_shemale_sex_transsexual_xxx_video_4.mp4.part2.rar]0019_shemale_sex_transsexual_xxx_video_4.mp4.part2.rar[/url][/b]<BR><BR>More screenshots:<BR>[URL=http://pimpandhost.com/image/55410255-medium.html][IMG]http://ist3-2.filesor.com/pimpandhost.com/1/_/_/_/1/3/K/u/J/3KuJN/0019_shemale_sex_transsexual_xxx_video_4_s_0.jpg[/IMG][/URL]<BR><BR><BR>","1393","1821","3588","1321"
" SHEMALEYUM update from May 18 to May 21, 2016 sarahwebbBW2","[URL=http://pimpandhost.com/image/55410239-original.html][IMG]http://ist3-2.filesor.com/pimpandhost.com/1/_/_/_/1/3/K/u/J/3KuJx/0020_shemale_sex_transsexual_xxx_video_4_s.jpg[/IMG][/URL]<BR><BR>[b]Shemale, Transsexual, Ladyboy, Tranny, [/b]<BR>0020_ SHEMALEYUM update from May 18 to May 21, 2016 sarahwebbBW2 1 hdmp<BR><BR>[b]0020_shemale_sex_transsexual_xxx_video_4[/b]<BR>MPEG-4 | Size: 421 MiB | Duration: 13mn 38s | 1280x720<BR><BR>[b]~> Download video from KEEP2SHARE <~<BR>[url=http://k2s.cc/file/8d1046ac3cb1e/0020_shemale_sex_transsexual_xxx_video_4.mp4]0020_shemale_sex_transsexual_xxx_video_4.mp4[/url][/b]<BR><BR>More screenshots:<BR>[URL=http://pimpandhost.com/image/55410257-medium.html][IMG]http://ist3-1.filesor.com/pimpandhost.com/1/_/_/_/1/3/K/u/J/3KuJP/0020_shemale_sex_transsexual_xxx_video_4_s_0.jpg[/IMG][/URL]<BR><BR><BR>","1311","1785","3583","1390"
" Sissy Champagne PMV 5968192 h","[URL=http://pimpandhost.com/image/55410241-original.html][IMG]http://ist3-1.filesor.com/pimpandhost.com/1/_/_/_/1/3/K/u/J/3KuJz/0021_shemale_sex_transsexual_xxx_video_d_s.jpg[/IMG][/URL]<BR><BR>[b]Shemale, Transsexual, Ladyboy, Tranny, [/b]<BR>0021_ Sissy Champagne PMV 5968192 h<BR><BR>[b]0021_shemale_sex_transsexual_xxx_video_d[/b]<BR>MPEG-4 | Size: 374 MiB | Duration: 27mn 24s | 1280x720<BR><BR>[b]~> Download video from KEEP2SHARE <~<BR>[url=http://k2s.cc/file/5e158610ed622/0021_shemale_sex_transsexual_xxx_video_d.mp4]0021_shemale_sex_transsexual_xxx_video_d.mp4[/url][/b]<BR><BR>More screenshots:<BR>[URL=http://pimpandhost.com/image/55410260-medium.html][IMG]http://ist3-2.filesor.com/pimpandhost.com/1/_/_/_/1/3/K/u/J/3KuJS/0021_shemale_sex_transsexual_xxx_video_d_s_0.jpg[/IMG][/URL]<BR><BR><BR>","1327","2259","3664","1373"
" TS BaileyJay Bailey Jay Bailey andamp Lance Slut Bonanza 2","[URL=http://pimpandhost.com/image/55410243-original.html][IMG]http://ist3-1.filesor.com/pimpandhost.com/1/_/_/_/1/3/K/u/J/3KuJB/0022_shemale_sex_transsexual_xxx_video_q_s.jpg[/IMG][/URL]<BR><BR>[b]Shemale, Transsexual, Ladyboy, Tranny, [/b]<BR>0022_ TS BaileyJay Bailey Jay Bailey andamp Lance Slut Bonanza 20 May 2016 720p TS BaileyJay Bailey Jay Bailey and Lance Slut Bonanza 20 May 2016 720p r<BR><BR>[b]0022_shemale_sex_transsexual_xxx_video_q[/b]<BR>Windows Media | Size: 305 MiB | Duration: 13mn 45s | 1280x720<BR><BR>[b]~> Download video from KEEP2SHARE <~<BR>[url=http://k2s.cc/file/3c18f157df580/0022_shemale_sex_transsexual_xxx_video_q.wmv]0022_shemale_sex_transsexual_xxx_video_q.wmv[/url][/b]<BR><BR>More screenshots:<BR>[URL=http://pimpandhost.com/image/55410262-medium.html][IMG]http://ist3-2.filesor.com/pimpandhost.com/1/_/_/_/1/3/K/u/J/3KuJU/0022_shemale_sex_transsexual_xxx_video_q_s_0.jpg[/IMG][/URL]<BR><BR><BR>","1373","1711","3592","1342"
" TS Hayden andamp Friends Masked Shemale Robber MP41080p cl","[URL=http://pimpandhost.com/image/55410244-original.html][IMG]http://ist3-1.filesor.com/pimpandhost.com/1/_/_/_/1/3/K/u/J/3KuJC/0023_shemale_sex_transsexual_xxx_video_r_s.jpg[/IMG][/URL]<BR><BR>[b]Shemale, Transsexual, Ladyboy, Tranny, [/b]<BR>0023_ TS Hayden andamp Friends Masked Shemale Robber MP41080p clips4sale shemale robbe<BR><BR>[b]0023_shemale_sex_transsexual_xxx_video_r[/b]<BR>MPEG-4 | Size: 753 MiB | Duration: 14mn 43s | 1920x1080<BR><BR>[b]~> Download video from KEEP2SHARE <~<BR>[url=http://k2s.cc/file/6b22babae8bb4/0023_shemale_sex_transsexual_xxx_video_r.mp4.part1.rar]0023_shemale_sex_transsexual_xxx_video_r.mp4.part1.rar[/url]<BR>[url=http://k2s.cc/file/90a8661c9afae/0023_shemale_sex_transsexual_xxx_video_r.mp4.part2.rar]0023_shemale_sex_transsexual_xxx_video_r.mp4.part2.rar[/url][/b]<BR><BR>More screenshots:<BR>[URL=http://pimpandhost.com/image/55410265-medium.html][IMG]http://ist3-1.filesor.com/pimpandhost.com/1/_/_/_/1/3/K/u/J/3KuJX/0023_shemale_sex_transsexual_xxx_video_r_s_0.jpg[/IMG][/URL]<BR><BR><BR>","1375","2226","3671","1326"
" TSPussyHunters Kink Jeze Belle and Delia DeLions Contract ","[URL=http://pimpandhost.com/image/55410247-original.html][IMG]http://ist3-1.filesor.com/pimpandhost.com/1/_/_/_/1/3/K/u/J/3KuJF/0024_shemale_sex_transsexual_xxx_video_p_s.jpg[/IMG][/URL]<BR><BR>[b]Shemale, Transsexual, Ladyboy, Tranny, [/b]<BR>0024_ TSPussyHunters Kink Jeze Belle and Delia DeLions Contract clause gives Jeze Belle an unexpected Cream Pie TSPussyHunters Jeze Belle and Delia DeLions Contract clause gives Jeze Belle an unexpected Cream Pie May 20, 2016 rq 720<BR><BR>[b]0024_shemale_sex_transsexual_xxx_video_p[/b]<BR>MPEG-4 | Size: 1.52 GiB | Duration: 42mn 33s | 1280x720<BR><BR>[b]~> Download video from KEEP2SHARE <~<BR>[url=http://k2s.cc/file/577337f9d4c57/0024_shemale_sex_transsexual_xxx_video_p.mp4.part1.rar]0024_shemale_sex_transsexual_xxx_video_p.mp4.part1.rar[/url]<BR>[url=http://k2s.cc/file/080ab29bd5516/0024_shemale_sex_transsexual_xxx_video_p.mp4.part2.rar]0024_shemale_sex_transsexual_xxx_video_p.mp4.part2.rar[/url]<BR>[url=http://k2s.cc/file/09add7ccbc0bb/0024_shemale_sex_transsexual_xxx_video_p.mp4.part3.rar]0024_shemale_sex_transsexual_xxx_video_p.mp4.part3.rar[/url]<BR>[url=http://k2s.cc/file/a9373fb5ab2e8/0024_shemale_sex_transsexual_xxx_video_p.mp4.part4.rar]0024_shemale_sex_transsexual_xxx_video_p.mp4.part4.rar[/url][/b]<BR><BR>More screenshots:<BR>[URL=http://pimpandhost.com/image/55410267-medium.html][IMG]http://ist3-1.filesor.com/pimpandhost.com/1/_/_/_/1/3/K/u/J/3KuJZ/0024_shemale_sex_transsexual_xxx_video_p_s_0.jpg[/IMG][/URL]<BR><BR><BR>","1380","2122","3666","1323"
" TSplayground Deborah Mastronelly, Spencer Fox 19 May 2016 ","[URL=http://pimpandhost.com/image/55410248-original.html][IMG]http://ist3-2.filesor.com/pimpandhost.com/1/_/_/_/1/3/K/u/J/3KuJG/0025_shemale_sex_transsexual_xxx_video_q_s.jpg[/IMG][/URL]<BR><BR>[b]Shemale, Transsexual, Ladyboy, Tranny, [/b]<BR>0025_ TSplayground Deborah Mastronelly, Spencer Fox 19 May 2016 720p rq TSplayground Deborah Mastronelly, Spencer Fox 19 May 2016 720p r<BR><BR>[b]0025_shemale_sex_transsexual_xxx_video_q[/b]<BR>MPEG-4 | Size: 1.12 GiB | Duration: 32mn 16s | 1280x720<BR><BR>[b]~> Download video from KEEP2SHARE <~<BR>[url=http://k2s.cc/file/bcc694268c4fa/0025_shemale_sex_transsexual_xxx_video_q.mp4.part1.rar]0025_shemale_sex_transsexual_xxx_video_q.mp4.part1.rar[/url]<BR>[url=http://k2s.cc/file/7365c020c8cdd/0025_shemale_sex_transsexual_xxx_video_q.mp4.part2.rar]0025_shemale_sex_transsexual_xxx_video_q.mp4.part2.rar[/url]<BR>[url=http://k2s.cc/file/3a6b59d474b93/0025_shemale_sex_transsexual_xxx_video_q.mp4.part3.rar]0025_shemale_sex_transsexual_xxx_video_q.mp4.part3.rar[/url][/b]<BR><BR>More screenshots:<BR>[URL=http://pimpandhost.com/image/55410269-medium.html][IMG]http://ist3-2.filesor.com/pimpandhost.com/1/_/_/_/1/3/K/u/K/3KuK1/0025_shemale_sex_transsexual_xxx_video_q_s_0.jpg[/IMG][/URL]<BR><BR><BR>","1376","2247","3505","1349"
" Transfinity.xxx Kendra Sinclaire Fishnet Bodysuit, Heels, ","[URL=http://pimpandhost.com/image/55410249-original.html][IMG]http://ist3-2.filesor.com/pimpandhost.com/1/_/_/_/1/3/K/u/J/3KuJH/0026_shemale_sex_transsexual_xxx_video_o_s.jpg[/IMG][/URL]<BR><BR>[b]Shemale, Transsexual, Ladyboy, Tranny, [/b]<BR>0026_ Transfinity.xxx Kendra Sinclaire Fishnet Bodysuit, Heels, and Dildo MP4720p Transfinity.xxx Kendra Sinclaire Fishnet Bodysuit, Heels, and Dild<BR><BR>[b]0026_shemale_sex_transsexual_xxx_video_o[/b]<BR>MPEG-4 | Size: 605 MiB | Duration: 22mn 54s | 1280x720<BR><BR>[b]~> Download video from KEEP2SHARE <~<BR>[url=http://k2s.cc/file/b0e8d006a4854/0026_shemale_sex_transsexual_xxx_video_o.mp4.part1.rar]0026_shemale_sex_transsexual_xxx_video_o.mp4.part1.rar[/url]<BR>[url=http://k2s.cc/file/e791b44e28a3d/0026_shemale_sex_transsexual_xxx_video_o.mp4.part2.rar]0026_shemale_sex_transsexual_xxx_video_o.mp4.part2.rar[/url][/b]<BR><BR>More screenshots:<BR>[URL=http://pimpandhost.com/image/55410270-medium.html][IMG]http://ist3-1.filesor.com/pimpandhost.com/1/_/_/_/1/3/K/u/K/3KuK2/0026_shemale_sex_transsexual_xxx_video_o_s_0.jpg[/IMG][/URL]<BR><BR><BR>","1386","1883","3655","1379"
" Transfinity.xxx Kendra Sinclaire Petgirl and the Dragon MP","[URL=http://pimpandhost.com/image/55410251-original.html][IMG]http://ist3-1.filesor.com/pimpandhost.com/1/_/_/_/1/3/K/u/J/3KuJJ/0027_shemale_sex_transsexual_xxx_video_n_s.jpg[/IMG][/URL]<BR><BR>[b]Shemale, Transsexual, Ladyboy, Tranny, [/b]<BR>0027_ Transfinity.xxx Kendra Sinclaire Petgirl and the Dragon MP4720p Transfinity.xxx Kendra Sinclaire Petgirl and the Drago<BR><BR>[b]0027_shemale_sex_transsexual_xxx_video_n[/b]<BR>MPEG-4 | Size: 581 MiB | Duration: 12mn 50s | 1280x720<BR><BR>[b]~> Download video from KEEP2SHARE <~<BR>[url=http://k2s.cc/file/944bf4317bb5f/0027_shemale_sex_transsexual_xxx_video_n.mp4.part1.rar]0027_shemale_sex_transsexual_xxx_video_n.mp4.part1.rar[/url]<BR>[url=http://k2s.cc/file/35dd796e31aa5/0027_shemale_sex_transsexual_xxx_video_n.mp4.part2.rar]0027_shemale_sex_transsexual_xxx_video_n.mp4.part2.rar[/url][/b]<BR><BR>More screenshots:<BR>[URL=http://pimpandhost.com/image/55410271-medium.html][IMG]http://ist3-2.filesor.com/pimpandhost.com/1/_/_/_/1/3/K/u/K/3KuK3/0027_shemale_sex_transsexual_xxx_video_n_s_0.jpg[/IMG][/URL]<BR><BR><BR>","1379","1691","3699","1390"
" femout.xxx Lily Queen Queen of Quebec femout xxx Lily Quee","[URL=http://pimpandhost.com/image/55410252-original.html][IMG]http://ist3-2.filesor.com/pimpandhost.com/1/_/_/_/1/3/K/u/J/3KuJK/0028_shemale_sex_transsexual_xxx_video_q_s.jpg[/IMG][/URL]<BR><BR>[b]Shemale, Transsexual, Ladyboy, Tranny, [/b]<BR>0028_ femout.xxx Lily Queen Queen of Quebec femout xxx Lily Queen Queen of Quebec May 18, 2016 720p r<BR><BR>[b]0028_shemale_sex_transsexual_xxx_video_q[/b]<BR>MPEG-4 | Size: 498 MiB | Duration: 16mn 9s | 1280x720<BR><BR>[b]~> Download video from KEEP2SHARE <~<BR>[url=http://k2s.cc/file/2bdb187531508/0028_shemale_sex_transsexual_xxx_video_q.mp4.part1.rar]0028_shemale_sex_transsexual_xxx_video_q.mp4.part1.rar[/url]<BR>[url=http://k2s.cc/file/2760f88a09c63/0028_shemale_sex_transsexual_xxx_video_q.mp4.part2.rar]0028_shemale_sex_transsexual_xxx_video_q.mp4.part2.rar[/url][/b]<BR><BR>More screenshots:<BR>[URL=http://pimpandhost.com/image/55410275-medium.html][IMG]http://ist3-2.filesor.com/pimpandhost.com/1/_/_/_/1/3/K/u/K/3KuK7/0028_shemale_sex_transsexual_xxx_video_q_s_0.jpg[/IMG][/URL]<BR><BR><BR>","1353","1864","3660","1381"
