" Ashe Maree from MFC spanks herself 1200 times ashe maree m","[URL=http://pimpandhost.com/image/55046140-original.html][IMG]http://ist3-1.filesor.com/pimpandhost.com/1/_/_/_/1/3/I/Y/0/3IY0Y/0001_spanking_sex_xxx_video_9_s.jpg[/IMG][/URL]<BR><BR>[b]Spanking, Ass worship, [/b]<BR>0001_ Ashe Maree from MFC spanks herself 1200 times ashe maree mfc 2016032<BR><BR>[b]0001_spanking_sex_xxx_video_9[/b]<BR>Flash Video | Size: 420 MiB | Duration: 54mn 41s | 1072x804<BR><BR>[b]~> Download video from KEEP2SHARE <~<BR>[url=http://k2s.cc/file/0ce6cbcb3de8a/0001_spanking_sex_xxx_video_9.flv]0001_spanking_sex_xxx_video_9.flv[/url][/b]<BR><BR>More screenshots:<BR>[URL=http://pimpandhost.com/image/55046134-medium.html][IMG]http://ist3-1.filesor.com/pimpandhost.com/1/_/_/_/1/3/I/Y/0/3IY0S/0001_spanking_sex_xxx_video_9_s_0.jpg[/IMG][/URL]<BR><BR><BR>","1347","2009","3587","1307"
" Michelle gets fucked in the ass after a spanking Michelle ","[URL=http://pimpandhost.com/image/55046141-original.html][IMG]http://ist3-1.filesor.com/pimpandhost.com/1/_/_/_/1/3/I/Y/0/3IY0Z/0002_spanking_sex_xxx_video_4_s.jpg[/IMG][/URL]<BR><BR>[b]Spanking, Ass worship, [/b]<BR>0002_ Michelle gets fucked in the ass after a spanking Michelle gets a spanking and fucked in the ass MP<BR><BR>[b]0002_spanking_sex_xxx_video_4[/b]<BR>MPEG-4 | Size: 412 MiB | Duration: 7mn 5s | 1280x720<BR><BR>[b]~> Download video from KEEP2SHARE <~<BR>[url=http://k2s.cc/file/fd5b572909e80/0002_spanking_sex_xxx_video_4.mp4]0002_spanking_sex_xxx_video_4.mp4[/url][/b]<BR><BR>More screenshots:<BR>[URL=http://pimpandhost.com/image/55046135-medium.html][IMG]http://ist3-2.filesor.com/pimpandhost.com/1/_/_/_/1/3/I/Y/0/3IY0T/0002_spanking_sex_xxx_video_4_s_0.jpg[/IMG][/URL]<BR><BR><BR>","1361","1515","3584","1377"
" Mood Pictures Revenge on the Laughing Girl HD Mood Picture","[URL=http://pimpandhost.com/image/55046144-original.html][IMG]http://ist3-2.filesor.com/pimpandhost.com/1/_/_/_/1/3/I/Y/1/3IY12/0003_spanking_sex_xxx_video_D_s.jpg[/IMG][/URL]<BR><BR>[b]Spanking, Ass worship, [/b]<BR>0003_ Mood Pictures Revenge on the Laughing Girl HD Mood Pictures Revenge on the Laughing Girl H<BR><BR>[b]0003_spanking_sex_xxx_video_D[/b]<BR>Windows Media | Size: 1.55 GiB | Duration: 40mn 38s | 1280x720<BR><BR>[b]~> Download video from KEEP2SHARE <~<BR>[url=http://k2s.cc/file/7d2715c11ca7b/0003_spanking_sex_xxx_video_D.wmv.part1.rar]0003_spanking_sex_xxx_video_D.wmv.part1.rar[/url]<BR>[url=http://k2s.cc/file/75ebf21971868/0003_spanking_sex_xxx_video_D.wmv.part2.rar]0003_spanking_sex_xxx_video_D.wmv.part2.rar[/url]<BR>[url=http://k2s.cc/file/26c6de28e52a1/0003_spanking_sex_xxx_video_D.wmv.part3.rar]0003_spanking_sex_xxx_video_D.wmv.part3.rar[/url]<BR>[url=http://k2s.cc/file/73743c54829b9/0003_spanking_sex_xxx_video_D.wmv.part4.rar]0003_spanking_sex_xxx_video_D.wmv.part4.rar[/url][/b]<BR><BR>More screenshots:<BR>[URL=http://pimpandhost.com/image/55046136-medium.html][IMG]http://ist3-2.filesor.com/pimpandhost.com/1/_/_/_/1/3/I/Y/0/3IY0U/0003_spanking_sex_xxx_video_D_s_0.jpg[/IMG][/URL]<BR><BR><BR>","1309","1829","3569","1341"
" Outlaw Double the Trouble, Double the Spanking Outlaw Doub","[URL=http://pimpandhost.com/image/55046146-original.html][IMG]http://ist3-2.filesor.com/pimpandhost.com/1/_/_/_/1/3/I/Y/1/3IY14/0004_spanking_sex_xxx_video_g_s.jpg[/IMG][/URL]<BR><BR>[b]Spanking, Ass worship, [/b]<BR>0004_ Outlaw Double the Trouble, Double the Spanking Outlaw Double the Trouble, Double the Spankin<BR><BR>[b]0004_spanking_sex_xxx_video_g[/b]<BR>Windows Media | Size: 510 MiB | Duration: 31mn 30s | 640x480<BR><BR>[b]~> Download video from KEEP2SHARE <~<BR>[url=http://k2s.cc/file/9638673b79397/0004_spanking_sex_xxx_video_g.avi.part1.rar]0004_spanking_sex_xxx_video_g.avi.part1.rar[/url]<BR>[url=http://k2s.cc/file/e9698952add1d/0004_spanking_sex_xxx_video_g.avi.part2.rar]0004_spanking_sex_xxx_video_g.avi.part2.rar[/url][/b]<BR><BR>More screenshots:<BR>[URL=http://pimpandhost.com/image/55046138-medium.html][IMG]http://ist3-1.filesor.com/pimpandhost.com/1/_/_/_/1/3/I/Y/0/3IY0W/0004_spanking_sex_xxx_video_g_s_0.jpg[/IMG][/URL]<BR><BR><BR>","1370","2168","3590","1370"
" ShadowLane 2005 11 29 Samantha Woodley Mischief Makers 2 J","[URL=http://pimpandhost.com/image/55046149-original.html][IMG]http://ist3-1.filesor.com/pimpandhost.com/1/_/_/_/1/3/I/Y/1/3IY17/0005_spanking_sex_xxx_video_s_s.jpg[/IMG][/URL]<BR><BR>[b]Spanking, Ass worship, [/b]<BR>0005_ ShadowLane 2005 11 29 Samantha Woodley Mischief Makers 2 Judgment Day The Rat Bastards ShadowLane 2005 11 29 Samantha Woodley Mischief Makers 2 Judgment Day The Rat Bastard<BR><BR>[b]0005_spanking_sex_xxx_video_s[/b]<BR>MPEG-4 | Size: 133 MiB | Duration: 8mn 34s | 720x540<BR><BR>[b]~> Download video from KEEP2SHARE <~<BR>[url=http://k2s.cc/file/56ccb1c1e17f4/0005_spanking_sex_xxx_video_s.mp4]0005_spanking_sex_xxx_video_s.mp4[/url][/b]<BR><BR>More screenshots:<BR>[URL=http://pimpandhost.com/image/55046139-medium.html][IMG]http://ist3-2.filesor.com/pimpandhost.com/1/_/_/_/1/3/I/Y/0/3IY0X/0005_spanking_sex_xxx_video_s_s_0.jpg[/IMG][/URL]<BR><BR><BR>","1314","1888","3654","1396"
" ShadowLane 2005 11 29 Sierra Salem Mischief Makers 2 Judgm","[URL=http://pimpandhost.com/image/55046151-original.html][IMG]http://ist3-1.filesor.com/pimpandhost.com/1/_/_/_/1/3/I/Y/1/3IY19/0006_spanking_sex_xxx_video_s_s.jpg[/IMG][/URL]<BR><BR>[b]Spanking, Ass worship, [/b]<BR>0006_ ShadowLane 2005 11 29 Sierra Salem Mischief Makers 2 Judgment Day The Rat Bastards ShadowLane 2005 11 29 Sierra Salem Mischief Makers 2 Judgment Day The Rat Bastard<BR><BR>[b]0006_spanking_sex_xxx_video_s[/b]<BR>MPEG-4 | Size: 118 MiB | Duration: 7mn 34s | 720x540<BR><BR>[b]~> Download video from KEEP2SHARE <~<BR>[url=http://k2s.cc/file/42bf55f2ad4e3/0006_spanking_sex_xxx_video_s.mp4]0006_spanking_sex_xxx_video_s.mp4[/url][/b]<BR><BR>More screenshots:<BR>[URL=http://pimpandhost.com/image/55046142-medium.html][IMG]http://ist3-1.filesor.com/pimpandhost.com/1/_/_/_/1/3/I/Y/1/3IY10/0006_spanking_sex_xxx_video_s_s_0.jpg[/IMG][/URL]<BR><BR><BR>","1329","1521","3589","1322"
" ShadowLane 2005 12 18 Lizzie Madison Punishment Book Part ","[URL=http://pimpandhost.com/image/55046153-original.html][IMG]http://ist3-2.filesor.com/pimpandhost.com/1/_/_/_/1/3/I/Y/1/3IY1b/0007_spanking_sex_xxx_video_s_s.jpg[/IMG][/URL]<BR><BR>[b]Spanking, Ass worship, [/b]<BR>0007_ ShadowLane 2005 12 18 Lizzie Madison Punishment Book Part 1 The Rat Bastards ShadowLane 2005 12 18 Lizzie Madison Punishment Book Part 1 The Rat Bastard<BR><BR>[b]0007_spanking_sex_xxx_video_s[/b]<BR>MPEG-4 | Size: 124 MiB | Duration: 8mn 2s | 720x544<BR><BR>[b]~> Download video from KEEP2SHARE <~<BR>[url=http://k2s.cc/file/ef0c5f649509a/0007_spanking_sex_xxx_video_s.mp4]0007_spanking_sex_xxx_video_s.mp4[/url][/b]<BR><BR>More screenshots:<BR>[URL=http://pimpandhost.com/image/55046148-medium.html][IMG]http://ist3-1.filesor.com/pimpandhost.com/1/_/_/_/1/3/I/Y/1/3IY16/0007_spanking_sex_xxx_video_s_s_0.jpg[/IMG][/URL]<BR><BR><BR>","1352","1679","3675","1326"
" ShadowLane 2005 12 18 Lizzie Madison Punishment Book Part ","[URL=http://pimpandhost.com/image/55046155-original.html][IMG]http://ist3-2.filesor.com/pimpandhost.com/1/_/_/_/1/3/I/Y/1/3IY1d/0008_spanking_sex_xxx_video_s_s.jpg[/IMG][/URL]<BR><BR>[b]Spanking, Ass worship, [/b]<BR>0008_ ShadowLane 2005 12 18 Lizzie Madison Punishment Book Part 2 The Rat Bastards ShadowLane 2005 12 18 Lizzie Madison Punishment Book Part 2 The Rat Bastard<BR><BR>[b]0008_spanking_sex_xxx_video_s[/b]<BR>MPEG-4 | Size: 184 MiB | Duration: 11mn 50s | 720x544<BR><BR>[b]~> Download video from KEEP2SHARE <~<BR>[url=http://k2s.cc/file/3c89d59edabfb/0008_spanking_sex_xxx_video_s.mp4]0008_spanking_sex_xxx_video_s.mp4[/url][/b]<BR><BR>More screenshots:<BR>[URL=http://pimpandhost.com/image/55046152-medium.html][IMG]http://ist3-2.filesor.com/pimpandhost.com/1/_/_/_/1/3/I/Y/1/3IY1a/0008_spanking_sex_xxx_video_s_s_0.jpg[/IMG][/URL]<BR><BR><BR>","1323","1845","3588","1370"
" ShadowLane 2005 12 18 Lizzie Madison Punishment Book Part ","[URL=http://pimpandhost.com/image/55046157-original.html][IMG]http://ist3-1.filesor.com/pimpandhost.com/1/_/_/_/1/3/I/Y/1/3IY1f/0009_spanking_sex_xxx_video_s_s.jpg[/IMG][/URL]<BR><BR>[b]Spanking, Ass worship, [/b]<BR>0009_ ShadowLane 2005 12 18 Lizzie Madison Punishment Book Part 3 The Rat Bastards ShadowLane 2005 12 18 Lizzie Madison Punishment Book Part 3 The Rat Bastard<BR><BR>[b]0009_spanking_sex_xxx_video_s[/b]<BR>MPEG-4 | Size: 242 MiB | Duration: 15mn 36s | 720x544<BR><BR>[b]~> Download video from KEEP2SHARE <~<BR>[url=http://k2s.cc/file/890bfda600bc9/0009_spanking_sex_xxx_video_s.mp4]0009_spanking_sex_xxx_video_s.mp4[/url][/b]<BR><BR>More screenshots:<BR>[URL=http://pimpandhost.com/image/55046154-medium.html][IMG]http://ist3-1.filesor.com/pimpandhost.com/1/_/_/_/1/3/I/Y/1/3IY1c/0009_spanking_sex_xxx_video_s_s_0.jpg[/IMG][/URL]<BR><BR><BR>","1395","2291","3655","1356"
" ShadowLane 2006 01 23 Clare Fonda Spanking 101 The Rat Bas","[URL=http://pimpandhost.com/image/55046158-original.html][IMG]http://ist3-2.filesor.com/pimpandhost.com/1/_/_/_/1/3/I/Y/1/3IY1g/0010_spanking_sex_xxx_video_s_s.jpg[/IMG][/URL]<BR><BR>[b]Spanking, Ass worship, [/b]<BR>0010_ ShadowLane 2006 01 23 Clare Fonda Spanking 101 The Rat Bastards ShadowLane 2006 01 23 Clare Fonda Spanking 101 The Rat Bastard<BR><BR>[b]0010_spanking_sex_xxx_video_s[/b]<BR>MPEG-4 | Size: 196 MiB | Duration: 12mn 37s | 720x540<BR><BR>[b]~> Download video from KEEP2SHARE <~<BR>[url=http://k2s.cc/file/489d59a931ee5/0010_spanking_sex_xxx_video_s.mp4]0010_spanking_sex_xxx_video_s.mp4[/url][/b]<BR><BR>More screenshots:<BR>[URL=http://pimpandhost.com/image/55046159-medium.html][IMG]http://ist3-1.filesor.com/pimpandhost.com/1/_/_/_/1/3/I/Y/1/3IY1h/0010_spanking_sex_xxx_video_s_s_0.jpg[/IMG][/URL]<BR><BR><BR>","1390","1673","3565","1400"
" ShadowLane 2006 01 23 Clare Fonda andamp Genesis Spanking ","[URL=http://pimpandhost.com/image/55046160-original.html][IMG]http://ist3-2.filesor.com/pimpandhost.com/1/_/_/_/1/3/I/Y/1/3IY1i/0011_spanking_sex_xxx_video_s_s.jpg[/IMG][/URL]<BR><BR>[b]Spanking, Ass worship, [/b]<BR>0011_ ShadowLane 2006 01 23 Clare Fonda andamp Genesis Spanking 101 The Rat Bastards ShadowLane 2006 01 23 Clare Fonda and Genesis Spanking 101 The Rat Bastard<BR><BR>[b]0011_spanking_sex_xxx_video_s[/b]<BR>MPEG-4 | Size: 73.7 MiB | Duration: 4mn 45s | 480x360<BR><BR>[b]~> Download video from KEEP2SHARE <~<BR>[url=http://k2s.cc/file/7c8c836f0f4fa/0011_spanking_sex_xxx_video_s.mp4]0011_spanking_sex_xxx_video_s.mp4[/url][/b]<BR><BR>More screenshots:<BR>[URL=http://pimpandhost.com/image/55046164-medium.html][IMG]http://ist3-1.filesor.com/pimpandhost.com/1/_/_/_/1/3/I/Y/1/3IY1m/0011_spanking_sex_xxx_video_s_s_0.jpg[/IMG][/URL]<BR><BR><BR>","1356","2105","3580","1325"
" ShadowLane 2006 01 23 Traci Greer Spanking 101 The Rat Bas","[URL=http://pimpandhost.com/image/55046161-original.html][IMG]http://ist3-1.filesor.com/pimpandhost.com/1/_/_/_/1/3/I/Y/1/3IY1j/0012_spanking_sex_xxx_video_s_s.jpg[/IMG][/URL]<BR><BR>[b]Spanking, Ass worship, [/b]<BR>0012_ ShadowLane 2006 01 23 Traci Greer Spanking 101 The Rat Bastards ShadowLane 2006 01 23 Traci Greer Spanking 101 The Rat Bastard<BR><BR>[b]0012_spanking_sex_xxx_video_s[/b]<BR>MPEG-4 | Size: 101 MiB | Duration: 6mn 30s | 480x360<BR><BR>[b]~> Download video from KEEP2SHARE <~<BR>[url=http://k2s.cc/file/720343eddb607/0012_spanking_sex_xxx_video_s.mp4]0012_spanking_sex_xxx_video_s.mp4[/url][/b]<BR><BR>More screenshots:<BR>[URL=http://pimpandhost.com/image/55046169-medium.html][IMG]http://ist3-1.filesor.com/pimpandhost.com/1/_/_/_/1/3/I/Y/1/3IY1r/0012_spanking_sex_xxx_video_s_s_0.jpg[/IMG][/URL]<BR><BR><BR>","1341","2266","3691","1356"
" ShadowLane 2006 02 27 Amber Pixie Wells Heirs to Misfortun","[URL=http://pimpandhost.com/image/55046162-original.html][IMG]http://ist3-1.filesor.com/pimpandhost.com/1/_/_/_/1/3/I/Y/1/3IY1k/0013_spanking_sex_xxx_video_s_s.jpg[/IMG][/URL]<BR><BR>[b]Spanking, Ass worship, [/b]<BR>0013_ ShadowLane 2006 02 27 Amber Pixie Wells Heirs to Misfortune The Rat Bastards ShadowLane 2006 02 27 Amber Pixie Wells Heirs to Misfortune The Rat Bastard<BR><BR>[b]0013_spanking_sex_xxx_video_s[/b]<BR>MPEG-4 | Size: 98.2 MiB | Duration: 6mn 19s | 720x540<BR><BR>[b]~> Download video from KEEP2SHARE <~<BR>[url=http://k2s.cc/file/745d5b1eb4481/0013_spanking_sex_xxx_video_s.mp4]0013_spanking_sex_xxx_video_s.mp4[/url][/b]<BR><BR>More screenshots:<BR>[URL=http://pimpandhost.com/image/55046172-medium.html][IMG]http://ist3-2.filesor.com/pimpandhost.com/1/_/_/_/1/3/I/Y/1/3IY1u/0013_spanking_sex_xxx_video_s_s_0.jpg[/IMG][/URL]<BR><BR><BR>","1328","2149","3603","1357"
" ShadowLane 2007 06 29 Samantha Woodley Samantha Woodley fr","[URL=http://pimpandhost.com/image/55046163-original.html][IMG]http://ist3-2.filesor.com/pimpandhost.com/1/_/_/_/1/3/I/Y/1/3IY1l/0014_spanking_sex_xxx_video_s_s.jpg[/IMG][/URL]<BR><BR>[b]Spanking, Ass worship, [/b]<BR>0014_ ShadowLane 2007 06 29 Samantha Woodley Samantha Woodley from Sting Operation Part 2b The Rat Bastards ShadowLane 2007 06 29 Samantha Woodley Samantha Woodley from Sting Operation Part 2b The Rat Bastard<BR><BR>[b]0014_spanking_sex_xxx_video_s[/b]<BR>MPEG-4 | Size: 99.6 MiB | Duration: 6mn 28s | 720x540<BR><BR>[b]~> Download video from KEEP2SHARE <~<BR>[url=http://k2s.cc/file/7dc2122417916/0014_spanking_sex_xxx_video_s.mp4]0014_spanking_sex_xxx_video_s.mp4[/url][/b]<BR><BR>More screenshots:<BR>[URL=http://pimpandhost.com/image/55046175-medium.html][IMG]http://ist3-1.filesor.com/pimpandhost.com/1/_/_/_/1/3/I/Y/1/3IY1x/0014_spanking_sex_xxx_video_s_s_0.jpg[/IMG][/URL]<BR><BR><BR>","1375","2364","3659","1326"
" ShadowLane 2007 10 02 Amelia Rutherford andamp Samantha Gr","[URL=http://pimpandhost.com/image/55046165-original.html][IMG]http://ist3-2.filesor.com/pimpandhost.com/1/_/_/_/1/3/I/Y/1/3IY1n/0015_spanking_sex_xxx_video_s_s.jpg[/IMG][/URL]<BR><BR>[b]Spanking, Ass worship, [/b]<BR>0015_ ShadowLane 2007 10 02 Amelia Rutherford andamp Samantha Grace Dept Store Discipline Part 1 The Rat Bastards ShadowLane 2007 10 02 Amelia Rutherford and Samantha Grace Dept Store Discipline Part 1 The Rat Bastard<BR><BR>[b]0015_spanking_sex_xxx_video_s[/b]<BR>MPEG-4 | Size: 244 MiB | Duration: 15mn 41s | 720x480<BR><BR>[b]~> Download video from KEEP2SHARE <~<BR>[url=http://k2s.cc/file/69448e98f8c3c/0015_spanking_sex_xxx_video_s.mp4]0015_spanking_sex_xxx_video_s.mp4[/url][/b]<BR><BR>More screenshots:<BR>[URL=http://pimpandhost.com/image/55046179-medium.html][IMG]http://ist3-2.filesor.com/pimpandhost.com/1/_/_/_/1/3/I/Y/1/3IY1B/0015_spanking_sex_xxx_video_s_s_0.jpg[/IMG][/URL]<BR><BR><BR>","1316","2101","3606","1339"
" ShadowLane 2007 10 02 Amelia Rutherford andamp Samantha Gr","[URL=http://pimpandhost.com/image/55046167-original.html][IMG]http://ist3-2.filesor.com/pimpandhost.com/1/_/_/_/1/3/I/Y/1/3IY1p/0016_spanking_sex_xxx_video_s_s.jpg[/IMG][/URL]<BR><BR>[b]Spanking, Ass worship, [/b]<BR>0016_ ShadowLane 2007 10 02 Amelia Rutherford andamp Samantha Grace Dept Store Discipline Part 2 The Rat Bastards ShadowLane 2007 10 02 Amelia Rutherford and Samantha Grace Dept Store Discipline Part 2 The Rat Bastard<BR><BR>[b]0016_spanking_sex_xxx_video_s[/b]<BR>MPEG-4 | Size: 288 MiB | Duration: 18mn 32s | 720x480<BR><BR>[b]~> Download video from KEEP2SHARE <~<BR>[url=http://k2s.cc/file/55debf3aa9e13/0016_spanking_sex_xxx_video_s.mp4]0016_spanking_sex_xxx_video_s.mp4[/url][/b]<BR><BR>More screenshots:<BR>[URL=http://pimpandhost.com/image/55046182-medium.html][IMG]http://ist3-1.filesor.com/pimpandhost.com/1/_/_/_/1/3/I/Y/1/3IY1E/0016_spanking_sex_xxx_video_s_s_0.jpg[/IMG][/URL]<BR><BR><BR>","1305","2376","3516","1300"
" ShadowLane 2007 10 02 Amelia Rutherford andamp Samantha Gr","[URL=http://pimpandhost.com/image/55046168-original.html][IMG]http://ist3-1.filesor.com/pimpandhost.com/1/_/_/_/1/3/I/Y/1/3IY1q/0017_spanking_sex_xxx_video_s_s.jpg[/IMG][/URL]<BR><BR>[b]Spanking, Ass worship, [/b]<BR>0017_ ShadowLane 2007 10 02 Amelia Rutherford andamp Samantha Grace Dept Store Discipline Part 3 The Rat Bastards ShadowLane 2007 10 02 Amelia Rutherford and Samantha Grace Dept Store Discipline Part 3 The Rat Bastard<BR><BR>[b]0017_spanking_sex_xxx_video_s[/b]<BR>MPEG-4 | Size: 346 MiB | Duration: 22mn 13s | 720x480<BR><BR>[b]~> Download video from KEEP2SHARE <~<BR>[url=http://k2s.cc/file/1a495b39e8ac8/0017_spanking_sex_xxx_video_s.mp4]0017_spanking_sex_xxx_video_s.mp4[/url][/b]<BR><BR>More screenshots:<BR>[URL=http://pimpandhost.com/image/55046185-medium.html][IMG]http://ist3-1.filesor.com/pimpandhost.com/1/_/_/_/1/3/I/Y/1/3IY1H/0017_spanking_sex_xxx_video_s_s_0.jpg[/IMG][/URL]<BR><BR><BR>","1386","2272","3612","1375"
" ShadowLane 2007 10 02 Amelia Rutherford andamp Samantha Gr","[URL=http://pimpandhost.com/image/55046170-original.html][IMG]http://ist3-2.filesor.com/pimpandhost.com/1/_/_/_/1/3/I/Y/1/3IY1s/0018_spanking_sex_xxx_video_s_s.jpg[/IMG][/URL]<BR><BR>[b]Spanking, Ass worship, [/b]<BR>0018_ ShadowLane 2007 10 02 Amelia Rutherford andamp Samantha Grace Dept Store Discipline Part 4 The Rat Bastards ShadowLane 2007 10 02 Amelia Rutherford and Samantha Grace Dept Store Discipline Part 4 The Rat Bastard<BR><BR>[b]0018_spanking_sex_xxx_video_s[/b]<BR>MPEG-4 | Size: 149 MiB | Duration: 9mn 33s | 480x360<BR><BR>[b]~> Download video from KEEP2SHARE <~<BR>[url=http://k2s.cc/file/c51bc94cdad4d/0018_spanking_sex_xxx_video_s.mp4]0018_spanking_sex_xxx_video_s.mp4[/url][/b]<BR><BR>More screenshots:<BR>[URL=http://pimpandhost.com/image/55046186-medium.html][IMG]http://ist3-1.filesor.com/pimpandhost.com/1/_/_/_/1/3/I/Y/1/3IY1I/0018_spanking_sex_xxx_video_s_s_0.jpg[/IMG][/URL]<BR><BR><BR>","1305","2299","3648","1361"
" ShadowLane 2011 05 06 Sybil Hawthorne Playing by Myself Vo","[URL=http://pimpandhost.com/image/55046171-original.html][IMG]http://ist3-2.filesor.com/pimpandhost.com/1/_/_/_/1/3/I/Y/1/3IY1t/0019_spanking_sex_xxx_video_s_s.jpg[/IMG][/URL]<BR><BR>[b]Spanking, Ass worship, [/b]<BR>0019_ ShadowLane 2011 05 06 Sybil Hawthorne Playing by Myself Vol. 1 The Rat Bastards ShadowLane 2011 05 06 Sybil Hawthorne Playing by Myself Vol. 1 The Rat Bastard<BR><BR>[b]0019_spanking_sex_xxx_video_s[/b]<BR>MPEG-4 | Size: 217 MiB | Duration: 14mn 0s | 720x540<BR><BR>[b]~> Download video from KEEP2SHARE <~<BR>[url=http://k2s.cc/file/5ff42f96e8306/0019_spanking_sex_xxx_video_s.mp4]0019_spanking_sex_xxx_video_s.mp4[/url][/b]<BR><BR>More screenshots:<BR>[URL=http://pimpandhost.com/image/55046187-medium.html][IMG]http://ist3-2.filesor.com/pimpandhost.com/1/_/_/_/1/3/I/Y/1/3IY1J/0019_spanking_sex_xxx_video_s_s_0.jpg[/IMG][/URL]<BR><BR><BR>","1356","1626","3673","1398"
" ShadowLane 2011 05 15 Lena Ramone Playing by Myself Vol. 2","[URL=http://pimpandhost.com/image/55046173-original.html][IMG]http://ist3-2.filesor.com/pimpandhost.com/1/_/_/_/1/3/I/Y/1/3IY1v/0020_spanking_sex_xxx_video_s_s.jpg[/IMG][/URL]<BR><BR>[b]Spanking, Ass worship, [/b]<BR>0020_ ShadowLane 2011 05 15 Lena Ramone Playing by Myself Vol. 2 Part 1 The Rat Bastards ShadowLane 2011 05 15 Lena Ramone Playing by Myself Vol. 2 Part 1 The Rat Bastard<BR><BR>[b]0020_spanking_sex_xxx_video_s[/b]<BR>MPEG-4 | Size: 121 MiB | Duration: 7mn 51s | 720x480<BR><BR>[b]~> Download video from KEEP2SHARE <~<BR>[url=http://k2s.cc/file/858186d940582/0020_spanking_sex_xxx_video_s.mp4]0020_spanking_sex_xxx_video_s.mp4[/url][/b]<BR><BR>More screenshots:<BR>[URL=http://pimpandhost.com/image/55046188-medium.html][IMG]http://ist3-2.filesor.com/pimpandhost.com/1/_/_/_/1/3/I/Y/1/3IY1K/0020_spanking_sex_xxx_video_s_s_0.jpg[/IMG][/URL]<BR><BR><BR>","1400","2234","3607","1327"
" ShadowLane 2011 05 15 Lena Ramone Playing by Myself Vol. 2","[URL=http://pimpandhost.com/image/55046174-original.html][IMG]http://ist3-2.filesor.com/pimpandhost.com/1/_/_/_/1/3/I/Y/1/3IY1w/0021_spanking_sex_xxx_video_s_s.jpg[/IMG][/URL]<BR><BR>[b]Spanking, Ass worship, [/b]<BR>0021_ ShadowLane 2011 05 15 Lena Ramone Playing by Myself Vol. 2 Part 2 The Rat Bastards ShadowLane 2011 05 15 Lena Ramone Playing by Myself Vol. 2 Part 2 The Rat Bastard<BR><BR>[b]0021_spanking_sex_xxx_video_s[/b]<BR>MPEG-4 | Size: 106 MiB | Duration: 6mn 51s | 720x480<BR><BR>[b]~> Download video from KEEP2SHARE <~<BR>[url=http://k2s.cc/file/204299400633f/0021_spanking_sex_xxx_video_s.mp4]0021_spanking_sex_xxx_video_s.mp4[/url][/b]<BR><BR>More screenshots:<BR>[URL=http://pimpandhost.com/image/55046189-medium.html][IMG]http://ist3-1.filesor.com/pimpandhost.com/1/_/_/_/1/3/I/Y/1/3IY1L/0021_spanking_sex_xxx_video_s_s_0.jpg[/IMG][/URL]<BR><BR><BR>","1354","1543","3669","1328"
" ShadowLane 2011 05 15 Lena Ramone Playing by Myself Vol. 2","[URL=http://pimpandhost.com/image/55046177-original.html][IMG]http://ist3-2.filesor.com/pimpandhost.com/1/_/_/_/1/3/I/Y/1/3IY1z/0022_spanking_sex_xxx_video_s_s.jpg[/IMG][/URL]<BR><BR>[b]Spanking, Ass worship, [/b]<BR>0022_ ShadowLane 2011 05 15 Lena Ramone Playing by Myself Vol. 2 Part 3 The Rat Bastards ShadowLane 2011 05 15 Lena Ramone Playing by Myself Vol. 2 Part 3 The Rat Bastard<BR><BR>[b]0022_spanking_sex_xxx_video_s[/b]<BR>MPEG-4 | Size: 123 MiB | Duration: 7mn 56s | 720x480<BR><BR>[b]~> Download video from KEEP2SHARE <~<BR>[url=http://k2s.cc/file/88e5d2c23a402/0022_spanking_sex_xxx_video_s.mp4]0022_spanking_sex_xxx_video_s.mp4[/url][/b]<BR><BR>More screenshots:<BR>[URL=http://pimpandhost.com/image/55046190-medium.html][IMG]http://ist3-2.filesor.com/pimpandhost.com/1/_/_/_/1/3/I/Y/1/3IY1M/0022_spanking_sex_xxx_video_s_s_0.jpg[/IMG][/URL]<BR><BR><BR>","1300","2073","3609","1316"
" Shadowslaves Prison Camp Parts 1 4 Prison Camp Part ","[URL=http://pimpandhost.com/image/55046178-original.html][IMG]http://ist3-1.filesor.com/pimpandhost.com/1/_/_/_/1/3/I/Y/1/3IY1A/0023_spanking_sex_xxx_video_1_s.jpg[/IMG][/URL]<BR><BR>[b]Spanking, Ass worship, [/b]<BR>0023_ Shadowslaves Prison Camp Parts 1 4 Prison Camp Part <BR><BR>[b]0023_spanking_sex_xxx_video_1[/b]<BR>Windows Media | Size: 1 015 MiB | Duration: 57mn 16s | 1280x720<BR><BR>[b]~> Download video from KEEP2SHARE <~<BR>[url=http://k2s.cc/file/ae881d7dbb144/0023_spanking_sex_xxx_video_1.wmv.part1.rar]0023_spanking_sex_xxx_video_1.wmv.part1.rar[/url]<BR>[url=http://k2s.cc/file/e32c5303ece54/0023_spanking_sex_xxx_video_1.wmv.part2.rar]0023_spanking_sex_xxx_video_1.wmv.part2.rar[/url]<BR>[url=http://k2s.cc/file/8739617cddfe1/0023_spanking_sex_xxx_video_1.wmv.part3.rar]0023_spanking_sex_xxx_video_1.wmv.part3.rar[/url][/b]<BR><BR>More screenshots:<BR>[URL=http://pimpandhost.com/image/55046192-medium.html][IMG]http://ist3-2.filesor.com/pimpandhost.com/1/_/_/_/1/3/I/Y/1/3IY1O/0023_spanking_sex_xxx_video_1_s_0.jpg[/IMG][/URL]<BR><BR><BR>","1330","1569","3611","1335"
" Shadowslaves Prison Camp Parts 1 4 Prison Camp Part ","[URL=http://pimpandhost.com/image/55046180-original.html][IMG]http://ist3-2.filesor.com/pimpandhost.com/1/_/_/_/1/3/I/Y/1/3IY1C/0024_spanking_sex_xxx_video_2_s.jpg[/IMG][/URL]<BR><BR>[b]Spanking, Ass worship, [/b]<BR>0024_ Shadowslaves Prison Camp Parts 1 4 Prison Camp Part <BR><BR>[b]0024_spanking_sex_xxx_video_2[/b]<BR>Windows Media | Size: 823 MiB | Duration: 46mn 28s | 1280x720<BR><BR>[b]~> Download video from KEEP2SHARE <~<BR>[url=http://k2s.cc/file/9502cabbc9aab/0024_spanking_sex_xxx_video_2.wmv.part1.rar]0024_spanking_sex_xxx_video_2.wmv.part1.rar[/url]<BR>[url=http://k2s.cc/file/f4d947a51d6be/0024_spanking_sex_xxx_video_2.wmv.part2.rar]0024_spanking_sex_xxx_video_2.wmv.part2.rar[/url][/b]<BR><BR>More screenshots:<BR>[URL=http://pimpandhost.com/image/55046193-medium.html][IMG]http://ist3-1.filesor.com/pimpandhost.com/1/_/_/_/1/3/I/Y/1/3IY1P/0024_spanking_sex_xxx_video_2_s_0.jpg[/IMG][/URL]<BR><BR><BR>","1305","2073","3571","1391"
" Shadowslaves Prison Camp Parts 1 4 Prison Camp Part ","[URL=http://pimpandhost.com/image/55046181-original.html][IMG]http://ist3-1.filesor.com/pimpandhost.com/1/_/_/_/1/3/I/Y/1/3IY1D/0025_spanking_sex_xxx_video_3_s.jpg[/IMG][/URL]<BR><BR>[b]Spanking, Ass worship, [/b]<BR>0025_ Shadowslaves Prison Camp Parts 1 4 Prison Camp Part <BR><BR>[b]0025_spanking_sex_xxx_video_3[/b]<BR>Windows Media | Size: 366 MiB | Duration: 20mn 40s | 1280x720<BR><BR>[b]~> Download video from KEEP2SHARE <~<BR>[url=http://k2s.cc/file/7fa46964c425c/0025_spanking_sex_xxx_video_3.wmv]0025_spanking_sex_xxx_video_3.wmv[/url][/b]<BR><BR>More screenshots:<BR>[URL=http://pimpandhost.com/image/55046195-medium.html][IMG]http://ist3-2.filesor.com/pimpandhost.com/1/_/_/_/1/3/I/Y/1/3IY1R/0025_spanking_sex_xxx_video_3_s_0.jpg[/IMG][/URL]<BR><BR><BR>","1349","2326","3630","1355"
" Shadowslaves Prison Camp Parts 1 4 Prison Camp Part ","[URL=http://pimpandhost.com/image/55046183-original.html][IMG]http://ist3-2.filesor.com/pimpandhost.com/1/_/_/_/1/3/I/Y/1/3IY1F/0026_spanking_sex_xxx_video_4_s.jpg[/IMG][/URL]<BR><BR>[b]Spanking, Ass worship, [/b]<BR>0026_ Shadowslaves Prison Camp Parts 1 4 Prison Camp Part <BR><BR>[b]0026_spanking_sex_xxx_video_4[/b]<BR>Windows Media | Size: 828 MiB | Duration: 47mn 56s | 1280x720<BR><BR>[b]~> Download video from KEEP2SHARE <~<BR>[url=http://k2s.cc/file/573081b72a715/0026_spanking_sex_xxx_video_4.wmv.part1.rar]0026_spanking_sex_xxx_video_4.wmv.part1.rar[/url]<BR>[url=http://k2s.cc/file/5a1588121353c/0026_spanking_sex_xxx_video_4.wmv.part2.rar]0026_spanking_sex_xxx_video_4.wmv.part2.rar[/url][/b]<BR><BR>More screenshots:<BR>[URL=http://pimpandhost.com/image/55046196-medium.html][IMG]http://ist3-1.filesor.com/pimpandhost.com/1/_/_/_/1/3/I/Y/1/3IY1S/0026_spanking_sex_xxx_video_4_s_0.jpg[/IMG][/URL]<BR><BR><BR>","1381","1849","3530","1336"
" Xev Bellringer andamp Princess Leia Bratty Sisters Convert","[URL=http://pimpandhost.com/image/55046184-original.html][IMG]http://ist3-2.filesor.com/pimpandhost.com/1/_/_/_/1/3/I/Y/1/3IY1G/0027_spanking_sex_xxx_video_s_s.jpg[/IMG][/URL]<BR><BR>[b]Spanking, Ass worship, [/b]<BR>0027_ Xev Bellringer andamp Princess Leia Bratty Sisters Converted To Sex Bots Bratty Sisters Converted To Sex Bot<BR><BR>[b]0027_spanking_sex_xxx_video_s[/b]<BR>MPEG-4 | Size: 1.13 GiB | Duration: 26mn 2s | 1920x1080<BR><BR>[b]~> Download video from KEEP2SHARE <~<BR>[url=http://k2s.cc/file/d76139abf2886/0027_spanking_sex_xxx_video_s.mp4.part1.rar]0027_spanking_sex_xxx_video_s.mp4.part1.rar[/url]<BR>[url=http://k2s.cc/file/78e480b5fb733/0027_spanking_sex_xxx_video_s.mp4.part2.rar]0027_spanking_sex_xxx_video_s.mp4.part2.rar[/url]<BR>[url=http://k2s.cc/file/ca5cac61cd2d5/0027_spanking_sex_xxx_video_s.mp4.part3.rar]0027_spanking_sex_xxx_video_s.mp4.part3.rar[/url][/b]<BR><BR>More screenshots:<BR>[URL=http://pimpandhost.com/image/55046199-medium.html][IMG]http://ist3-2.filesor.com/pimpandhost.com/1/_/_/_/1/3/I/Y/1/3IY1V/0027_spanking_sex_xxx_video_s_s_0.jpg[/IMG][/URL]<BR><BR><BR>","1353","1514","3567","1352"
