" Busted Babysitters 2015 10 07 Noelle Easton, Veronica Avlu","[URL=http://pimpandhost.com/image/55147832-original.html][IMG]http://ist3-2.filesor.com/pimpandhost.com/1/_/_/_/1/3/J/o/t/3Jota/0001_squirting_gushing_female_orgasm_ejaculation_xxx_video_0_s.jpg[/IMG][/URL]<BR><BR>[b]Squirting orgasm, Female ejaculation, Gushing, Female orgasm, [/b]<BR>0001_ Busted Babysitters 2015 10 07 Noelle Easton, Veronica Avluv Horny MILF Catches Big Tit Babysitter 720pMP4 bbs noelle veronica kf091315 720p 800<BR><BR>[b]0001_squirting_gushing_female_orgasm_ejaculation_xxx_video_0[/b]<BR>MPEG-4 | Size: 3.85 GiB | Duration: 1h 4mn | 1280x720<BR><BR>[b]~> Download video from KEEP2SHARE <~<BR>[url=http://k2s.cc/file/5e7529b7fd109/0001_squirting_gushing_female_orgasm_ejaculation_xxx_video_0.mp4.part01.rar]0001_squirting_gushing_female_orgasm_ejaculation_xxx_video_0.mp4.part01.rar[/url]<BR>[url=http://k2s.cc/file/5788e98105cdb/0001_squirting_gushing_female_orgasm_ejaculation_xxx_video_0.mp4.part02.rar]0001_squirting_gushing_female_orgasm_ejaculation_xxx_video_0.mp4.part02.rar[/url]<BR>[url=http://k2s.cc/file/d7b44084da51f/0001_squirting_gushing_female_orgasm_ejaculation_xxx_video_0.mp4.part03.rar]0001_squirting_gushing_female_orgasm_ejaculation_xxx_video_0.mp4.part03.rar[/url]<BR>[url=http://k2s.cc/file/7e2bb67a64793/0001_squirting_gushing_female_orgasm_ejaculation_xxx_video_0.mp4.part04.rar]0001_squirting_gushing_female_orgasm_ejaculation_xxx_video_0.mp4.part04.rar[/url]<BR>[url=http://k2s.cc/file/71925f5c739e8/0001_squirting_gushing_female_orgasm_ejaculation_xxx_video_0.mp4.part05.rar]0001_squirting_gushing_female_orgasm_ejaculation_xxx_video_0.mp4.part05.rar[/url]<BR>[url=http://k2s.cc/file/5325bc385d343/0001_squirting_gushing_female_orgasm_ejaculation_xxx_video_0.mp4.part06.rar]0001_squirting_gushing_female_orgasm_ejaculation_xxx_video_0.mp4.part06.rar[/url]<BR>[url=http://k2s.cc/file/fdf154a93f35e/0001_squirting_gushing_female_orgasm_ejaculation_xxx_video_0.mp4.part07.rar]0001_squirting_gushing_female_orgasm_ejaculation_xxx_video_0.mp4.part07.rar[/url]<BR>[url=http://k2s.cc/file/c13c064403580/0001_squirting_gushing_female_orgasm_ejaculation_xxx_video_0.mp4.part08.rar]0001_squirting_gushing_female_orgasm_ejaculation_xxx_video_0.mp4.part08.rar[/url]<BR>[url=http://k2s.cc/file/823cb1899ad00/0001_squirting_gushing_female_orgasm_ejaculation_xxx_video_0.mp4.part09.rar]0001_squirting_gushing_female_orgasm_ejaculation_xxx_video_0.mp4.part09.rar[/url][/b]<BR><BR>More screenshots:<BR>[URL=http://pimpandhost.com/image/55147815-medium.html][IMG]http://ist3-2.filesor.com/pimpandhost.com/1/_/_/_/1/3/J/o/s/3JosT/0001_squirting_gushing_female_orgasm_ejaculation_xxx_video_0_s_0.jpg[/IMG][/URL]<BR><BR><BR>","1331","1684","3636","1375"
" FuckingMachines 2015 09 30 Cassidy Klein All Natural Beaut","[URL=http://pimpandhost.com/image/55147833-original.html][IMG]http://ist3-2.filesor.com/pimpandhost.com/1/_/_/_/1/3/J/o/t/3Jotb/0002_squirting_gushing_female_orgasm_ejaculation_xxx_video_8_s.jpg[/IMG][/URL]<BR><BR>[b]Squirting orgasm, Female ejaculation, Gushing, Female orgasm, [/b]<BR>0002_ FuckingMachines 2015 09 30 Cassidy Klein All Natural Beauty Gets Power Fucked720pMP4 FM Sep 30, 2015 Cassidy Klein 3889<BR><BR>[b]0002_squirting_gushing_female_orgasm_ejaculation_xxx_video_8[/b]<BR>MPEG-4 | Size: 1.51 GiB | Duration: 42mn 9s | 1280x720<BR><BR>[b]~> Download video from KEEP2SHARE <~<BR>[url=http://k2s.cc/file/375439562a1ca/0002_squirting_gushing_female_orgasm_ejaculation_xxx_video_8.mp4.part1.rar]0002_squirting_gushing_female_orgasm_ejaculation_xxx_video_8.mp4.part1.rar[/url]<BR>[url=http://k2s.cc/file/7a60e7cb59dfd/0002_squirting_gushing_female_orgasm_ejaculation_xxx_video_8.mp4.part2.rar]0002_squirting_gushing_female_orgasm_ejaculation_xxx_video_8.mp4.part2.rar[/url]<BR>[url=http://k2s.cc/file/18956dcbc9203/0002_squirting_gushing_female_orgasm_ejaculation_xxx_video_8.mp4.part3.rar]0002_squirting_gushing_female_orgasm_ejaculation_xxx_video_8.mp4.part3.rar[/url]<BR>[url=http://k2s.cc/file/87f8c65eaa939/0002_squirting_gushing_female_orgasm_ejaculation_xxx_video_8.mp4.part4.rar]0002_squirting_gushing_female_orgasm_ejaculation_xxx_video_8.mp4.part4.rar[/url][/b]<BR><BR>More screenshots:<BR>[URL=http://pimpandhost.com/image/55147825-medium.html][IMG]http://ist3-2.filesor.com/pimpandhost.com/1/_/_/_/1/3/J/o/t/3Jot3/0002_squirting_gushing_female_orgasm_ejaculation_xxx_video_8_s_0.jpg[/IMG][/URL]<BR><BR><BR>","1385","2150","3676","1382"
" GirlsWay 2015 10 22 Adriana Chechik, Jelena Jensen The Tur","[URL=http://pimpandhost.com/image/55147835-original.html][IMG]http://ist3-1.filesor.com/pimpandhost.com/1/_/_/_/1/3/J/o/t/3Jotd/0003_squirting_gushing_female_orgasm_ejaculation_xxx_video_p_s.jpg[/IMG][/URL]<BR><BR>[b]Squirting orgasm, Female ejaculation, Gushing, Female orgasm, [/b]<BR>0003_ GirlsWay 2015 10 22 Adriana Chechik, Jelena Jensen The Turning Part Three 1080pMP4 The Turning Part Three 29830 01 1080<BR><BR>[b]0003_squirting_gushing_female_orgasm_ejaculation_xxx_video_p[/b]<BR>MPEG-4 | Size: 1.81 GiB | Duration: 37mn 20s | 1920x1080<BR><BR>[b]~> Download video from KEEP2SHARE <~<BR>[url=http://k2s.cc/file/6b37135e1402f/0003_squirting_gushing_female_orgasm_ejaculation_xxx_video_p.mp4.part1.rar]0003_squirting_gushing_female_orgasm_ejaculation_xxx_video_p.mp4.part1.rar[/url]<BR>[url=http://k2s.cc/file/e6511a3bf812c/0003_squirting_gushing_female_orgasm_ejaculation_xxx_video_p.mp4.part2.rar]0003_squirting_gushing_female_orgasm_ejaculation_xxx_video_p.mp4.part2.rar[/url]<BR>[url=http://k2s.cc/file/8a742c2bb87c1/0003_squirting_gushing_female_orgasm_ejaculation_xxx_video_p.mp4.part3.rar]0003_squirting_gushing_female_orgasm_ejaculation_xxx_video_p.mp4.part3.rar[/url]<BR>[url=http://k2s.cc/file/6ef1ceb3a2520/0003_squirting_gushing_female_orgasm_ejaculation_xxx_video_p.mp4.part4.rar]0003_squirting_gushing_female_orgasm_ejaculation_xxx_video_p.mp4.part4.rar[/url][/b]<BR><BR>More screenshots:<BR>[URL=http://pimpandhost.com/image/55147828-medium.html][IMG]http://ist3-2.filesor.com/pimpandhost.com/1/_/_/_/1/3/J/o/t/3Jot6/0003_squirting_gushing_female_orgasm_ejaculation_xxx_video_p_s_0.jpg[/IMG][/URL]<BR><BR><BR>","1349","2053","3631","1338"
" Hump The Bundle Teen Nicole Ray Squirts HTB Teen Squirts N","[URL=http://pimpandhost.com/image/55147836-original.html][IMG]http://ist3-2.filesor.com/pimpandhost.com/1/_/_/_/1/3/J/o/t/3Jote/0004_squirting_gushing_female_orgasm_ejaculation_xxx_video_y_s.jpg[/IMG][/URL]<BR><BR>[b]Squirting orgasm, Female ejaculation, Gushing, Female orgasm, [/b]<BR>0004_ Hump The Bundle Teen Nicole Ray Squirts HTB Teen Squirts Nicole Ra<BR><BR>[b]0004_squirting_gushing_female_orgasm_ejaculation_xxx_video_y[/b]<BR>MPEG-4 | Size: 1.39 GiB | Duration: 25mn 59s | 1920x1080<BR><BR>[b]~> Download video from KEEP2SHARE <~<BR>[url=http://k2s.cc/file/22fba2971f820/0004_squirting_gushing_female_orgasm_ejaculation_xxx_video_y.mp4.part1.rar]0004_squirting_gushing_female_orgasm_ejaculation_xxx_video_y.mp4.part1.rar[/url]<BR>[url=http://k2s.cc/file/2c8c16979359f/0004_squirting_gushing_female_orgasm_ejaculation_xxx_video_y.mp4.part2.rar]0004_squirting_gushing_female_orgasm_ejaculation_xxx_video_y.mp4.part2.rar[/url]<BR>[url=http://k2s.cc/file/d7360eed703d5/0004_squirting_gushing_female_orgasm_ejaculation_xxx_video_y.mp4.part3.rar]0004_squirting_gushing_female_orgasm_ejaculation_xxx_video_y.mp4.part3.rar[/url]<BR>[url=http://k2s.cc/file/c4bb1988a5438/0004_squirting_gushing_female_orgasm_ejaculation_xxx_video_y.mp4.part4.rar]0004_squirting_gushing_female_orgasm_ejaculation_xxx_video_y.mp4.part4.rar[/url][/b]<BR><BR>More screenshots:<BR>[URL=http://pimpandhost.com/image/55147829-medium.html][IMG]http://ist3-1.filesor.com/pimpandhost.com/1/_/_/_/1/3/J/o/t/3Jot7/0004_squirting_gushing_female_orgasm_ejaculation_xxx_video_y_s_0.jpg[/IMG][/URL]<BR><BR><BR>","1305","2090","3572","1395"
" Kelsey is squirting all over Kelsey squirting all ove","[URL=http://pimpandhost.com/image/55147838-original.html][IMG]http://ist3-2.filesor.com/pimpandhost.com/1/_/_/_/1/3/J/o/t/3Jotg/0005_squirting_gushing_female_orgasm_ejaculation_xxx_video_r_s.jpg[/IMG][/URL]<BR><BR>[b]Squirting orgasm, Female ejaculation, Gushing, Female orgasm, [/b]<BR>0005_ Kelsey is squirting all over Kelsey squirting all ove<BR><BR>[b]0005_squirting_gushing_female_orgasm_ejaculation_xxx_video_r[/b]<BR>MPEG-4 | Size: 37.5 MiB | Duration: 1mn 12s | 720x480<BR><BR>[b]~> Download video from KEEP2SHARE <~<BR>[url=http://k2s.cc/file/4ef986ef3b965/0005_squirting_gushing_female_orgasm_ejaculation_xxx_video_r.mp4]0005_squirting_gushing_female_orgasm_ejaculation_xxx_video_r.mp4[/url][/b]<BR><BR>More screenshots:<BR>[URL=http://pimpandhost.com/image/55147830-medium.html][IMG]http://ist3-2.filesor.com/pimpandhost.com/1/_/_/_/1/3/J/o/t/3Jot8/0005_squirting_gushing_female_orgasm_ejaculation_xxx_video_r_s_0.jpg[/IMG][/URL]<BR><BR><BR>","1329","2081","3638","1398"
" Lindsey Meadows See Her Squirt 2 Scene 1 See Her Squirt 2 ","[URL=http://pimpandhost.com/image/55147839-original.html][IMG]http://ist3-2.filesor.com/pimpandhost.com/1/_/_/_/1/3/J/o/t/3Joth/0006_squirting_gushing_female_orgasm_ejaculation_xxx_video_1_s.jpg[/IMG][/URL]<BR><BR>[b]Squirting orgasm, Female ejaculation, Gushing, Female orgasm, [/b]<BR>0006_ Lindsey Meadows See Her Squirt 2 Scene 1 See Her Squirt 2 Scene <BR><BR>[b]0006_squirting_gushing_female_orgasm_ejaculation_xxx_video_1[/b]<BR>MPEG-4 | Size: 210 MiB | Duration: 24mn 11s | 640x480<BR><BR>[b]~> Download video from KEEP2SHARE <~<BR>[url=http://k2s.cc/file/76b9ba8982f1a/0006_squirting_gushing_female_orgasm_ejaculation_xxx_video_1.mp4]0006_squirting_gushing_female_orgasm_ejaculation_xxx_video_1.mp4[/url][/b]<BR><BR>More screenshots:<BR>[URL=http://pimpandhost.com/image/55147831-medium.html][IMG]http://ist3-1.filesor.com/pimpandhost.com/1/_/_/_/1/3/J/o/t/3Jot9/0006_squirting_gushing_female_orgasm_ejaculation_xxx_video_1_s_0.jpg[/IMG][/URL]<BR><BR><BR>","1322","1848","3668","1314"
" ManyVids littlesubgirl Squirt on my Face Squirt on my Fac","[URL=http://pimpandhost.com/image/55147841-original.html][IMG]http://ist3-1.filesor.com/pimpandhost.com/1/_/_/_/1/3/J/o/t/3Jotj/0007_squirting_gushing_female_orgasm_ejaculation_xxx_video_e_s.jpg[/IMG][/URL]<BR><BR>[b]Squirting orgasm, Female ejaculation, Gushing, Female orgasm, [/b]<BR>0007_ ManyVids littlesubgirl Squirt on my Face Squirt on my Fac<BR><BR>[b]0007_squirting_gushing_female_orgasm_ejaculation_xxx_video_e[/b]<BR>MPEG-4 | Size: 476 MiB | Duration: 13mn 0s | 1280x720<BR><BR>[b]~> Download video from KEEP2SHARE <~<BR>[url=http://k2s.cc/file/4f6af01778fcd/0007_squirting_gushing_female_orgasm_ejaculation_xxx_video_e.mp4]0007_squirting_gushing_female_orgasm_ejaculation_xxx_video_e.mp4[/url][/b]<BR><BR>More screenshots:<BR>[URL=http://pimpandhost.com/image/55147834-medium.html][IMG]http://ist3-1.filesor.com/pimpandhost.com/1/_/_/_/1/3/J/o/t/3Jotc/0007_squirting_gushing_female_orgasm_ejaculation_xxx_video_e_s_0.jpg[/IMG][/URL]<BR><BR><BR>","1389","1708","3668","1400"
" Passion hd Christiana Cinn A Helping Hand HD720p THE RAT B","[URL=http://pimpandhost.com/image/55147842-original.html][IMG]http://ist3-2.filesor.com/pimpandhost.com/1/_/_/_/1/3/J/o/t/3Jotk/0008_squirting_gushing_female_orgasm_ejaculation_xxx_video_0_s.jpg[/IMG][/URL]<BR><BR>[b]Squirting orgasm, Female ejaculation, Gushing, Female orgasm, [/b]<BR>0008_ Passion hd Christiana Cinn A Helping Hand HD720p THE RAT BASTARDS passion hd christiana.cinn.a.helping.hand.72<BR><BR>[b]0008_squirting_gushing_female_orgasm_ejaculation_xxx_video_0[/b]<BR>MPEG-4 | Size: 800 MiB | Duration: 29mn 25s | 1280x720<BR><BR>[b]~> Download video from KEEP2SHARE <~<BR>[url=http://k2s.cc/file/3891a4814d784/0008_squirting_gushing_female_orgasm_ejaculation_xxx_video_0.mp4.part1.rar]0008_squirting_gushing_female_orgasm_ejaculation_xxx_video_0.mp4.part1.rar[/url]<BR>[url=http://k2s.cc/file/5eb848b27b81f/0008_squirting_gushing_female_orgasm_ejaculation_xxx_video_0.mp4.part2.rar]0008_squirting_gushing_female_orgasm_ejaculation_xxx_video_0.mp4.part2.rar[/url][/b]<BR><BR>More screenshots:<BR>[URL=http://pimpandhost.com/image/55147837-medium.html][IMG]http://ist3-2.filesor.com/pimpandhost.com/1/_/_/_/1/3/J/o/t/3Jotf/0008_squirting_gushing_female_orgasm_ejaculation_xxx_video_0_s_0.jpg[/IMG][/URL]<BR><BR><BR>","1341","2107","3598","1372"
" REQ Pure18 2011 08 20 Missi Daniels Hot lovers 432p hot lo","[URL=http://pimpandhost.com/image/55147844-original.html][IMG]http://ist3-2.filesor.com/pimpandhost.com/1/_/_/_/1/3/J/o/t/3Jotm/0009_squirting_gushing_female_orgasm_ejaculation_xxx_video_g_s.jpg[/IMG][/URL]<BR><BR>[b]Squirting orgasm, Female ejaculation, Gushing, Female orgasm, [/b]<BR>0009_ REQ Pure18 2011 08 20 Missi Daniels Hot lovers 432p hot lovers bi<BR><BR>[b]0009_squirting_gushing_female_orgasm_ejaculation_xxx_video_g[/b]<BR>MPEG-4 | Size: 383 MiB | Duration: 34mn 44s | 768x432<BR><BR>[b]~> Download video from KEEP2SHARE <~<BR>[url=http://k2s.cc/file/a8a7102ffed81/0009_squirting_gushing_female_orgasm_ejaculation_xxx_video_g.mp4]0009_squirting_gushing_female_orgasm_ejaculation_xxx_video_g.mp4[/url][/b]<BR><BR>More screenshots:<BR>[URL=http://pimpandhost.com/image/55147840-medium.html][IMG]http://ist3-2.filesor.com/pimpandhost.com/1/_/_/_/1/3/J/o/t/3Joti/0009_squirting_gushing_female_orgasm_ejaculation_xxx_video_g_s_0.jpg[/IMG][/URL]<BR><BR><BR>","1388","1653","3594","1373"
" SexuallyBroken 2015 09 25 Lush redhead Savannah Fox bound ","[URL=http://pimpandhost.com/image/55147845-original.html][IMG]http://ist3-1.filesor.com/pimpandhost.com/1/_/_/_/1/3/J/o/t/3Jotn/0010_squirting_gushing_female_orgasm_ejaculation_xxx_video_r_s.jpg[/IMG][/URL]<BR><BR>[b]Squirting orgasm, Female ejaculation, Gushing, Female orgasm, [/b]<BR>0010_ SexuallyBroken 2015 09 25 Lush redhead Savannah Fox bound down and roughly fucked by BBC into squirting orgasms720pMP4 SB Sep 25, 2015 Savannah Fox, Matt Williams, Jack Hamme<BR><BR>[b]0010_squirting_gushing_female_orgasm_ejaculation_xxx_video_r[/b]<BR>MPEG-4 | Size: 835 MiB | Duration: 16mn 27s | 1280x720<BR><BR>[b]~> Download video from KEEP2SHARE <~<BR>[url=http://k2s.cc/file/c4352d0841be2/0010_squirting_gushing_female_orgasm_ejaculation_xxx_video_r.mp4.part1.rar]0010_squirting_gushing_female_orgasm_ejaculation_xxx_video_r.mp4.part1.rar[/url]<BR>[url=http://k2s.cc/file/d864f1d5d31ad/0010_squirting_gushing_female_orgasm_ejaculation_xxx_video_r.mp4.part2.rar]0010_squirting_gushing_female_orgasm_ejaculation_xxx_video_r.mp4.part2.rar[/url][/b]<BR><BR>More screenshots:<BR>[URL=http://pimpandhost.com/image/55147843-medium.html][IMG]http://ist3-2.filesor.com/pimpandhost.com/1/_/_/_/1/3/J/o/t/3Jotl/0010_squirting_gushing_female_orgasm_ejaculation_xxx_video_r_s_0.jpg[/IMG][/URL]<BR><BR><BR>","1390","1813","3609","1339"
" SinDee Jennings in Squirt Squad SinDee.Jennings. .Squirt.S","[URL=http://pimpandhost.com/image/55147848-original.html][IMG]http://ist3-1.filesor.com/pimpandhost.com/1/_/_/_/1/3/J/o/t/3Jotq/0011_squirting_gushing_female_orgasm_ejaculation_xxx_video_d_s.jpg[/IMG][/URL]<BR><BR>[b]Squirting orgasm, Female ejaculation, Gushing, Female orgasm, [/b]<BR>0011_ SinDee Jennings in Squirt Squad SinDee.Jennings. .Squirt.Squa<BR><BR>[b]0011_squirting_gushing_female_orgasm_ejaculation_xxx_video_d[/b]<BR>AVI | Size: 292 MiB | Duration: 31mn 45s | 640x352<BR><BR>[b]~> Download video from KEEP2SHARE <~<BR>[url=http://k2s.cc/file/1fe3aed6f8470/0011_squirting_gushing_female_orgasm_ejaculation_xxx_video_d.avi]0011_squirting_gushing_female_orgasm_ejaculation_xxx_video_d.avi[/url][/b]<BR><BR>More screenshots:<BR>[URL=http://pimpandhost.com/image/55147847-medium.html][IMG]http://ist3-1.filesor.com/pimpandhost.com/1/_/_/_/1/3/J/o/t/3Jotp/0011_squirting_gushing_female_orgasm_ejaculation_xxx_video_d_s_0.jpg[/IMG][/URL]<BR><BR><BR>","1397","1675","3654","1301"
" VanieXXXX Valentineand 39s Day Show VanieXXXX St. Valantin","[URL=http://pimpandhost.com/image/55147850-original.html][IMG]http://ist3-2.filesor.com/pimpandhost.com/1/_/_/_/1/3/J/o/t/3Jots/0014_squirting_gushing_female_orgasm_ejaculation_xxx_video_w_s.jpg[/IMG][/URL]<BR><BR>[b]Squirting orgasm, Female ejaculation, Gushing, Female orgasm, [/b]<BR>0014_ VanieXXXX Valentineand 39s Day Show VanieXXXX St. Valantines Sho<BR><BR>[b]0012_squirting_gushing_female_orgasm_ejaculation_xxx_video_bs[/b]<BR> | Size: 15.0 KiB | Duration:  |[b]0013_squirting_gushing_female_orgasm_ejaculation_xxx_video_o[/b]<BR> | Size: 678 Bytes | Duration:  |[b]0014_squirting_gushing_female_orgasm_ejaculation_xxx_video_w[/b]<BR>MPEG-4 | Size: 860 MiB | Duration: 19mn 6s | 1280x720<BR><BR>[b]~> Download video from KEEP2SHARE <~<BR>[url=http://k2s.cc/file/6fe55b078cbaa/0014_squirting_gushing_female_orgasm_ejaculation_xxx_video_w.mp4.part1.rar]0014_squirting_gushing_female_orgasm_ejaculation_xxx_video_w.mp4.part1.rar[/url]<BR>[url=http://k2s.cc/file/9dae6669aceb6/0014_squirting_gushing_female_orgasm_ejaculation_xxx_video_w.mp4.part2.rar]0014_squirting_gushing_female_orgasm_ejaculation_xxx_video_w.mp4.part2.rar[/url][/b]<BR><BR>More screenshots:<BR>[URL=http://pimpandhost.com/image/55147851-medium.html][IMG]http://ist3-2.filesor.com/pimpandhost.com/1/_/_/_/1/3/J/o/t/3Jott/0014_squirting_gushing_female_orgasm_ejaculation_xxx_video_w_s_0.jpg[/IMG][/URL]<BR><BR><BR>","1385","1619","3693","1314"
" Wicked Pictures Axel Braunand 39s Squirt Class 2 Split Sce","[URL=http://pimpandhost.com/image/55147852-original.html][IMG]http://ist3-2.filesor.com/pimpandhost.com/1/_/_/_/1/3/J/o/t/3Jotu/0015_squirting_gushing_female_orgasm_ejaculation_xxx_video_y_s.jpg[/IMG][/URL]<BR><BR>[b]Squirting orgasm, Female ejaculation, Gushing, Female orgasm, [/b]<BR>0015_ Wicked Pictures Axel Braunand 39s Squirt Class 2 Split Scenes 480p scene1 rile<BR><BR>[b]0015_squirting_gushing_female_orgasm_ejaculation_xxx_video_y[/b]<BR>MPEG-4 | Size: 320 MiB | Duration: 29mn 56s | 852x480<BR><BR>[b]~> Download video from KEEP2SHARE <~<BR>[url=http://k2s.cc/file/4839cf2effb5b/0015_squirting_gushing_female_orgasm_ejaculation_xxx_video_y.mp4]0015_squirting_gushing_female_orgasm_ejaculation_xxx_video_y.mp4[/url][/b]<BR><BR>More screenshots:<BR>[URL=http://pimpandhost.com/image/55147854-medium.html][IMG]http://ist3-2.filesor.com/pimpandhost.com/1/_/_/_/1/3/J/o/t/3Jotw/0015_squirting_gushing_female_orgasm_ejaculation_xxx_video_y_s_0.jpg[/IMG][/URL]<BR><BR><BR>","1378","2085","3523","1300"
" Wicked Pictures Axel Braunand 39s Squirt Class 2 Split Sce","[URL=http://pimpandhost.com/image/55147853-original.html][IMG]http://ist3-1.filesor.com/pimpandhost.com/1/_/_/_/1/3/J/o/t/3Jotv/0016_squirting_gushing_female_orgasm_ejaculation_xxx_video_e_s.jpg[/IMG][/URL]<BR><BR>[b]Squirting orgasm, Female ejaculation, Gushing, Female orgasm, [/b]<BR>0016_ Wicked Pictures Axel Braunand 39s Squirt Class 2 Split Scenes 480p scene2 ajappl<BR><BR>[b]0016_squirting_gushing_female_orgasm_ejaculation_xxx_video_e[/b]<BR>MPEG-4 | Size: 263 MiB | Duration: 25mn 1s | 852x480<BR><BR>[b]~> Download video from KEEP2SHARE <~<BR>[url=http://k2s.cc/file/230c390baefc7/0016_squirting_gushing_female_orgasm_ejaculation_xxx_video_e.mp4]0016_squirting_gushing_female_orgasm_ejaculation_xxx_video_e.mp4[/url][/b]<BR><BR>More screenshots:<BR>[URL=http://pimpandhost.com/image/55147862-medium.html][IMG]http://ist3-1.filesor.com/pimpandhost.com/1/_/_/_/1/3/J/o/t/3JotE/0016_squirting_gushing_female_orgasm_ejaculation_xxx_video_e_s_0.jpg[/IMG][/URL]<BR><BR><BR>","1303","2357","3529","1393"
" Wicked Pictures Axel Braunand 39s Squirt Class 2 Split Sce","[URL=http://pimpandhost.com/image/55147855-original.html][IMG]http://ist3-2.filesor.com/pimpandhost.com/1/_/_/_/1/3/J/o/t/3Jotx/0017_squirting_gushing_female_orgasm_ejaculation_xxx_video_y_s.jpg[/IMG][/URL]<BR><BR>[b]Squirting orgasm, Female ejaculation, Gushing, Female orgasm, [/b]<BR>0017_ Wicked Pictures Axel Braunand 39s Squirt Class 2 Split Scenes 480p scene3 zigg<BR><BR>[b]0017_squirting_gushing_female_orgasm_ejaculation_xxx_video_y[/b]<BR>MPEG-4 | Size: 328 MiB | Duration: 21mn 49s | 852x480<BR><BR>[b]~> Download video from KEEP2SHARE <~<BR>[url=http://k2s.cc/file/1668c103a2923/0017_squirting_gushing_female_orgasm_ejaculation_xxx_video_y.mp4]0017_squirting_gushing_female_orgasm_ejaculation_xxx_video_y.mp4[/url][/b]<BR><BR>More screenshots:<BR>[URL=http://pimpandhost.com/image/55147866-medium.html][IMG]http://ist3-1.filesor.com/pimpandhost.com/1/_/_/_/1/3/J/o/t/3JotI/0017_squirting_gushing_female_orgasm_ejaculation_xxx_video_y_s_0.jpg[/IMG][/URL]<BR><BR><BR>","1318","2389","3685","1359"
" Wicked Pictures Axel Braunand 39s Squirt Class 2 Split Sce","[URL=http://pimpandhost.com/image/55147856-original.html][IMG]http://ist3-1.filesor.com/pimpandhost.com/1/_/_/_/1/3/J/o/t/3Joty/0018_squirting_gushing_female_orgasm_ejaculation_xxx_video_a_s.jpg[/IMG][/URL]<BR><BR>[b]Squirting orgasm, Female ejaculation, Gushing, Female orgasm, [/b]<BR>0018_ Wicked Pictures Axel Braunand 39s Squirt Class 2 Split Scenes 480p scene4 cyther<BR><BR>[b]0018_squirting_gushing_female_orgasm_ejaculation_xxx_video_a[/b]<BR>MPEG-4 | Size: 286 MiB | Duration: 15mn 15s | 852x480<BR><BR>[b]~> Download video from KEEP2SHARE <~<BR>[url=http://k2s.cc/file/3a8f83a1ece6b/0018_squirting_gushing_female_orgasm_ejaculation_xxx_video_a.mp4]0018_squirting_gushing_female_orgasm_ejaculation_xxx_video_a.mp4[/url][/b]<BR><BR>More screenshots:<BR>[URL=http://pimpandhost.com/image/55147868-medium.html][IMG]http://ist3-2.filesor.com/pimpandhost.com/1/_/_/_/1/3/J/o/t/3JotK/0018_squirting_gushing_female_orgasm_ejaculation_xxx_video_a_s_0.jpg[/IMG][/URL]<BR><BR><BR>","1366","1873","3562","1354"
" Wicked Pictures Axel Braunand 39s Squirt Class 2 Split Sce","[URL=http://pimpandhost.com/image/55147863-original.html][IMG]http://ist3-2.filesor.com/pimpandhost.com/1/_/_/_/1/3/J/o/t/3JotF/0019_squirting_gushing_female_orgasm_ejaculation_xxx_video_n_s.jpg[/IMG][/URL]<BR><BR>[b]Squirting orgasm, Female ejaculation, Gushing, Female orgasm, [/b]<BR>0019_ Wicked Pictures Axel Braunand 39s Squirt Class 2 Split Scenes 480p scene5 vyxe<BR><BR>[b]0019_squirting_gushing_female_orgasm_ejaculation_xxx_video_n[/b]<BR>MPEG-4 | Size: 287 MiB | Duration: 19mn 4s | 852x480<BR><BR>[b]~> Download video from KEEP2SHARE <~<BR>[url=http://k2s.cc/file/ab94aaae3f1e4/0019_squirting_gushing_female_orgasm_ejaculation_xxx_video_n.mp4]0019_squirting_gushing_female_orgasm_ejaculation_xxx_video_n.mp4[/url][/b]<BR><BR>More screenshots:<BR>[URL=http://pimpandhost.com/image/55147870-medium.html][IMG]http://ist3-2.filesor.com/pimpandhost.com/1/_/_/_/1/3/J/o/t/3JotM/0019_squirting_gushing_female_orgasm_ejaculation_xxx_video_n_s_0.jpg[/IMG][/URL]<BR><BR><BR>","1359","2204","3552","1348"
" XLGirls Samantha 38G Pies andamp Thighs Samantha38G Pies a","[URL=http://pimpandhost.com/image/55147867-original.html][IMG]http://ist3-1.filesor.com/pimpandhost.com/1/_/_/_/1/3/J/o/t/3JotJ/0020_squirting_gushing_female_orgasm_ejaculation_xxx_video_s_s.jpg[/IMG][/URL]<BR><BR>[b]Squirting orgasm, Female ejaculation, Gushing, Female orgasm, [/b]<BR>0020_ XLGirls Samantha 38G Pies andamp Thighs Samantha38G Pies and Thigh<BR><BR>[b]0020_squirting_gushing_female_orgasm_ejaculation_xxx_video_s[/b]<BR>MPEG-4 | Size: 356 MiB | Duration: 12mn 43s | 1280x720<BR><BR>[b]~> Download video from KEEP2SHARE <~<BR>[url=http://k2s.cc/file/996fc57d04950/0020_squirting_gushing_female_orgasm_ejaculation_xxx_video_s.mp4]0020_squirting_gushing_female_orgasm_ejaculation_xxx_video_s.mp4[/url][/b]<BR><BR>More screenshots:<BR>[URL=http://pimpandhost.com/image/55147872-medium.html][IMG]http://ist3-1.filesor.com/pimpandhost.com/1/_/_/_/1/3/J/o/t/3JotO/0020_squirting_gushing_female_orgasm_ejaculation_xxx_video_s_s_0.jpg[/IMG][/URL]<BR><BR><BR>","1313","2226","3673","1309"
" mfc makayladevine Watch Me Squirt 11 Times premium clips4s","[URL=http://pimpandhost.com/image/55147869-original.html][IMG]http://ist3-2.filesor.com/pimpandhost.com/1/_/_/_/1/3/J/o/t/3JotL/0021_squirting_gushing_female_orgasm_ejaculation_xxx_video_%20_s.jpg[/IMG][/URL]<BR><BR>[b]Squirting orgasm, Female ejaculation, Gushing, Female orgasm, [/b]<BR>0021_ mfc makayladevine Watch Me Squirt 11 Times premium clips4sale private with 11 squirts<BR><BR>[b]0021_squirting_gushing_female_orgasm_ejaculation_xxx_video_ [/b]<BR>MPEG-4 | Size: 683 MiB | Duration: 18mn 43s | 1280x720<BR><BR>[b]~> Download video from KEEP2SHARE <~<BR>[url=http://k2s.cc/file/4532b8176b439/0021_squirting_gushing_female_orgasm_ejaculation_xxx_video__.mp4.part1.rar]0021_squirting_gushing_female_orgasm_ejaculation_xxx_video_ .mp4.part1.rar[/url]<BR>[url=http://k2s.cc/file/af99e564bc017/0021_squirting_gushing_female_orgasm_ejaculation_xxx_video__.mp4.part2.rar]0021_squirting_gushing_female_orgasm_ejaculation_xxx_video_ .mp4.part2.rar[/url][/b]<BR><BR>More screenshots:<BR>[URL=http://pimpandhost.com/image/55147873-medium.html][IMG]http://ist3-2.filesor.com/pimpandhost.com/1/_/_/_/1/3/J/o/t/3JotP/0021_squirting_gushing_female_orgasm_ejaculation_xxx_video_%20_s_0.jpg[/IMG][/URL]<BR><BR><BR>","1300","2071","3521","1386"
