" CzechMassage 16.04.21 Massage 238 1080p Very HOT scene One","[URL=http://pimpandhost.com/image/55233244-original.html][IMG]http://ist3-1.filesor.com/pimpandhost.com/1/_/_/_/1/3/J/K/G/3JKGM/0001_voyeur_sex_candid_xxx_video_8_s.jpg[/IMG][/URL]<BR><BR>[b]Voyeur, Candid, [/b]<BR>0001_ CzechMassage 16.04.21 Massage 238 1080p Very HOT scene One of my favorites czm.16.04.21.massage.23<BR><BR>[b]0001_voyeur_sex_candid_xxx_video_8[/b]<BR>MPEG-4 | Size: 722 MiB | Duration: 24mn 32s | 1920x1080<BR><BR>[b]~> Download video from KEEP2SHARE <~<BR>[url=http://k2s.cc/file/7cf4e7d85235f/0001_voyeur_sex_candid_xxx_video_8.mp4.part1.rar]0001_voyeur_sex_candid_xxx_video_8.mp4.part1.rar[/url]<BR>[url=http://k2s.cc/file/c9e162ce9ca0a/0001_voyeur_sex_candid_xxx_video_8.mp4.part2.rar]0001_voyeur_sex_candid_xxx_video_8.mp4.part2.rar[/url][/b]<BR><BR>More screenshots:<BR>[URL=http://pimpandhost.com/image/55233262-medium.html][IMG]http://ist3-2.filesor.com/pimpandhost.com/1/_/_/_/1/3/J/K/H/3JKH4/0001_voyeur_sex_candid_xxx_video_8_s_0.jpg[/IMG][/URL]<BR><BR><BR>","1347","1925","3627","1308"
" CzechMassage 16.04.28 Massage 240 1080p czm.16.04.28.massa","[URL=http://pimpandhost.com/image/55233245-original.html][IMG]http://ist3-2.filesor.com/pimpandhost.com/1/_/_/_/1/3/J/K/G/3JKGN/0002_voyeur_sex_candid_xxx_video_0_s.jpg[/IMG][/URL]<BR><BR>[b]Voyeur, Candid, [/b]<BR>0002_ CzechMassage 16.04.28 Massage 240 1080p czm.16.04.28.massage.24<BR><BR>[b]0002_voyeur_sex_candid_xxx_video_0[/b]<BR>MPEG-4 | Size: 580 MiB | Duration: 19mn 37s | 1920x1080<BR><BR>[b]~> Download video from KEEP2SHARE <~<BR>[url=http://k2s.cc/file/95d359091669a/0002_voyeur_sex_candid_xxx_video_0.mp4.part1.rar]0002_voyeur_sex_candid_xxx_video_0.mp4.part1.rar[/url]<BR>[url=http://k2s.cc/file/55a974f706c5f/0002_voyeur_sex_candid_xxx_video_0.mp4.part2.rar]0002_voyeur_sex_candid_xxx_video_0.mp4.part2.rar[/url][/b]<BR><BR>More screenshots:<BR>[URL=http://pimpandhost.com/image/55233265-medium.html][IMG]http://ist3-1.filesor.com/pimpandhost.com/1/_/_/_/1/3/J/K/H/3JKH7/0002_voyeur_sex_candid_xxx_video_0_s_0.jpg[/IMG][/URL]<BR><BR><BR>","1321","2069","3645","1338"
" CzechMassage 16.05.02 Massage 241 1080p czm.16.05.02.massa","[URL=http://pimpandhost.com/image/55233246-original.html][IMG]http://ist3-2.filesor.com/pimpandhost.com/1/_/_/_/1/3/J/K/G/3JKGO/0003_voyeur_sex_candid_xxx_video_1_s.jpg[/IMG][/URL]<BR><BR>[b]Voyeur, Candid, [/b]<BR>0003_ CzechMassage 16.05.02 Massage 241 1080p czm.16.05.02.massage.24<BR><BR>[b]0003_voyeur_sex_candid_xxx_video_1[/b]<BR>MPEG-4 | Size: 311 MiB | Duration: 10mn 34s | 1920x1080<BR><BR>[b]~> Download video from KEEP2SHARE <~<BR>[url=http://k2s.cc/file/59448d911afd7/0003_voyeur_sex_candid_xxx_video_1.mp4]0003_voyeur_sex_candid_xxx_video_1.mp4[/url][/b]<BR><BR>More screenshots:<BR>[URL=http://pimpandhost.com/image/55233271-medium.html][IMG]http://ist3-1.filesor.com/pimpandhost.com/1/_/_/_/1/3/J/K/H/3JKHd/0003_voyeur_sex_candid_xxx_video_1_s_0.jpg[/IMG][/URL]<BR><BR><BR>","1358","2185","3509","1396"
" CzechMassage Massage 242 1080p czm.16.05.05.massage.24","[URL=http://pimpandhost.com/image/55233249-original.html][IMG]http://ist3-1.filesor.com/pimpandhost.com/1/_/_/_/1/3/J/K/G/3JKGR/0004_voyeur_sex_candid_xxx_video_2_s.jpg[/IMG][/URL]<BR><BR>[b]Voyeur, Candid, [/b]<BR>0004_ CzechMassage Massage 242 1080p czm.16.05.05.massage.24<BR><BR>[b]0004_voyeur_sex_candid_xxx_video_2[/b]<BR>MPEG-4 | Size: 411 MiB | Duration: 13mn 57s | 1920x1080<BR><BR>[b]~> Download video from KEEP2SHARE <~<BR>[url=http://k2s.cc/file/e4c4e9132eab2/0004_voyeur_sex_candid_xxx_video_2.mp4]0004_voyeur_sex_candid_xxx_video_2.mp4[/url][/b]<BR><BR>More screenshots:<BR>[URL=http://pimpandhost.com/image/55233279-medium.html][IMG]http://ist3-2.filesor.com/pimpandhost.com/1/_/_/_/1/3/J/K/H/3JKHl/0004_voyeur_sex_candid_xxx_video_2_s_0.jpg[/IMG][/URL]<BR><BR><BR>","1345","2330","3657","1361"
" CzechMassage Massage 243 1080p CzechMassage.Massage.24","[URL=http://pimpandhost.com/image/55233250-original.html][IMG]http://ist3-2.filesor.com/pimpandhost.com/1/_/_/_/1/3/J/K/G/3JKGS/0005_voyeur_sex_candid_xxx_video_3_s.jpg[/IMG][/URL]<BR><BR>[b]Voyeur, Candid, [/b]<BR>0005_ CzechMassage Massage 243 1080p CzechMassage.Massage.24<BR><BR>[b]0005_voyeur_sex_candid_xxx_video_3[/b]<BR>MPEG-4 | Size: 300 MiB | Duration: 10mn 12s | 1920x1080<BR><BR>[b]~> Download video from KEEP2SHARE <~<BR>[url=http://k2s.cc/file/fa72d82bcb435/0005_voyeur_sex_candid_xxx_video_3.mp4]0005_voyeur_sex_candid_xxx_video_3.mp4[/url][/b]<BR><BR>More screenshots:<BR>[URL=http://pimpandhost.com/image/55233282-medium.html][IMG]http://ist3-2.filesor.com/pimpandhost.com/1/_/_/_/1/3/J/K/H/3JKHo/0005_voyeur_sex_candid_xxx_video_3_s_0.jpg[/IMG][/URL]<BR><BR><BR>","1362","2200","3680","1375"
" CzechMassage Massage 244 1080p czm.16.05.12.massage.24","[URL=http://pimpandhost.com/image/55233253-original.html][IMG]http://ist3-2.filesor.com/pimpandhost.com/1/_/_/_/1/3/J/K/G/3JKGV/0006_voyeur_sex_candid_xxx_video_4_s.jpg[/IMG][/URL]<BR><BR>[b]Voyeur, Candid, [/b]<BR>0006_ CzechMassage Massage 244 1080p czm.16.05.12.massage.24<BR><BR>[b]0006_voyeur_sex_candid_xxx_video_4[/b]<BR>MPEG-4 | Size: 547 MiB | Duration: 18mn 35s | 1920x1080<BR><BR>[b]~> Download video from KEEP2SHARE <~<BR>[url=http://k2s.cc/file/35df34e344312/0006_voyeur_sex_candid_xxx_video_4.mp4.part1.rar]0006_voyeur_sex_candid_xxx_video_4.mp4.part1.rar[/url]<BR>[url=http://k2s.cc/file/d32ea65abfc10/0006_voyeur_sex_candid_xxx_video_4.mp4.part2.rar]0006_voyeur_sex_candid_xxx_video_4.mp4.part2.rar[/url][/b]<BR><BR>More screenshots:<BR>[URL=http://pimpandhost.com/image/55233287-medium.html][IMG]http://ist3-1.filesor.com/pimpandhost.com/1/_/_/_/1/3/J/K/H/3JKHt/0006_voyeur_sex_candid_xxx_video_4_s_0.jpg[/IMG][/URL]<BR><BR><BR>","1340","1617","3652","1355"
" Hidden Shower Cam Cute brunette teen Hidden shower ca","[URL=http://pimpandhost.com/image/55233258-original.html][IMG]http://ist3-2.filesor.com/pimpandhost.com/1/_/_/_/1/3/J/K/H/3JKH0/0007_voyeur_sex_candid_xxx_video_m_s.jpg[/IMG][/URL]<BR><BR>[b]Voyeur, Candid, [/b]<BR>0007_ Hidden Shower Cam Cute brunette teen Hidden shower ca<BR><BR>[b]0007_voyeur_sex_candid_xxx_video_m[/b]<BR>MPEG-4 | Size: 46.0 MiB | Duration: 3mn 2s | 1280x720<BR><BR>[b]~> Download video from KEEP2SHARE <~<BR>[url=http://k2s.cc/file/b9405a501ae3e/0007_voyeur_sex_candid_xxx_video_m.mp4]0007_voyeur_sex_candid_xxx_video_m.mp4[/url][/b]<BR><BR>More screenshots:<BR>[URL=http://pimpandhost.com/image/55233292-medium.html][IMG]http://ist3-1.filesor.com/pimpandhost.com/1/_/_/_/1/3/J/K/H/3JKHy/0007_voyeur_sex_candid_xxx_video_m_s_0.jpg[/IMG][/URL]<BR><BR><BR>","1395","2240","3687","1372"
" Reallifecam captures pack 61 videos 55A7B12","[URL=http://pimpandhost.com/image/55233260-original.html][IMG]http://ist3-2.filesor.com/pimpandhost.com/1/_/_/_/1/3/J/K/H/3JKH2/0008_voyeur_sex_candid_xxx_video_5_s.jpg[/IMG][/URL]<BR><BR>[b]Voyeur, Candid, [/b]<BR>0008_ Reallifecam captures pack 61 videos 55A7B12<BR><BR>[b]0008_voyeur_sex_candid_xxx_video_5[/b]<BR>MPEG-4 | Size: 66.1 MiB | Duration: 19mn 23s | 768x432<BR><BR>[b]~> Download video from KEEP2SHARE <~<BR>[url=http://k2s.cc/file/22ce6e3db757f/0008_voyeur_sex_candid_xxx_video_5.mp4]0008_voyeur_sex_candid_xxx_video_5.mp4[/url][/b]<BR><BR>More screenshots:<BR>[URL=http://pimpandhost.com/image/55233297-medium.html][IMG]http://ist3-1.filesor.com/pimpandhost.com/1/_/_/_/1/3/J/K/H/3JKHD/0008_voyeur_sex_candid_xxx_video_5_s_0.jpg[/IMG][/URL]<BR><BR><BR>","1371","1627","3639","1318"
" Reallifecam captures pack 61 videos 55A7B1E","[URL=http://pimpandhost.com/image/55233261-original.html][IMG]http://ist3-2.filesor.com/pimpandhost.com/1/_/_/_/1/3/J/K/H/3JKH3/0009_voyeur_sex_candid_xxx_video_9_s.jpg[/IMG][/URL]<BR><BR>[b]Voyeur, Candid, [/b]<BR>0009_ Reallifecam captures pack 61 videos 55A7B1E<BR><BR>[b]0009_voyeur_sex_candid_xxx_video_9[/b]<BR>MPEG-4 | Size: 12.3 MiB | Duration: 7mn 5s | 768x432<BR><BR>[b]~> Download video from KEEP2SHARE <~<BR>[url=http://k2s.cc/file/f42225375db3b/0009_voyeur_sex_candid_xxx_video_9.mp4]0009_voyeur_sex_candid_xxx_video_9.mp4[/url][/b]<BR><BR>More screenshots:<BR>[URL=http://pimpandhost.com/image/55233302-medium.html][IMG]http://ist3-2.filesor.com/pimpandhost.com/1/_/_/_/1/3/J/K/H/3JKHI/0009_voyeur_sex_candid_xxx_video_9_s_0.jpg[/IMG][/URL]<BR><BR><BR>","1361","1794","3553","1383"
" Reallifecam captures pack 61 videos 55A7B1F","[URL=http://pimpandhost.com/image/55233263-original.html][IMG]http://ist3-1.filesor.com/pimpandhost.com/1/_/_/_/1/3/J/K/H/3JKH5/0010_voyeur_sex_candid_xxx_video_6_s.jpg[/IMG][/URL]<BR><BR>[b]Voyeur, Candid, [/b]<BR>0010_ Reallifecam captures pack 61 videos 55A7B1F<BR><BR>[b]0010_voyeur_sex_candid_xxx_video_6[/b]<BR>MPEG-4 | Size: 1.43 MiB | Duration: 1mn 15s | 768x432<BR><BR>[b]~> Download video from KEEP2SHARE <~<BR>[url=http://k2s.cc/file/9cd615d8d1d06/0010_voyeur_sex_candid_xxx_video_6.mp4]0010_voyeur_sex_candid_xxx_video_6.mp4[/url][/b]<BR><BR>More screenshots:<BR>[URL=http://pimpandhost.com/image/55233310-medium.html][IMG]http://ist3-1.filesor.com/pimpandhost.com/1/_/_/_/1/3/J/K/H/3JKHQ/0010_voyeur_sex_candid_xxx_video_6_s_0.jpg[/IMG][/URL]<BR><BR><BR>","1396","2393","3541","1354"
" Reallifecam captures pack 61 videos 55A7B25","[URL=http://pimpandhost.com/image/55233267-original.html][IMG]http://ist3-2.filesor.com/pimpandhost.com/1/_/_/_/1/3/J/K/H/3JKH9/0011_voyeur_sex_candid_xxx_video_2_s.jpg[/IMG][/URL]<BR><BR>[b]Voyeur, Candid, [/b]<BR>0011_ Reallifecam captures pack 61 videos 55A7B25<BR><BR>[b]0011_voyeur_sex_candid_xxx_video_2[/b]<BR>MPEG-4 | Size: 29.8 MiB | Duration: 22mn 53s | 768x432<BR><BR>[b]~> Download video from KEEP2SHARE <~<BR>[url=http://k2s.cc/file/796345a6a7f95/0011_voyeur_sex_candid_xxx_video_2.mp4]0011_voyeur_sex_candid_xxx_video_2.mp4[/url][/b]<BR><BR>More screenshots:<BR>[URL=http://pimpandhost.com/image/55233316-medium.html][IMG]http://ist3-2.filesor.com/pimpandhost.com/1/_/_/_/1/3/J/K/H/3JKHW/0011_voyeur_sex_candid_xxx_video_2_s_0.jpg[/IMG][/URL]<BR><BR><BR>","1375","1726","3598","1319"
" Reallifecam captures pack 61 videos 72442e22da0be0f00358c4","[URL=http://pimpandhost.com/image/55233278-original.html][IMG]http://ist3-1.filesor.com/pimpandhost.com/1/_/_/_/1/3/J/K/H/3JKHk/0012_voyeur_sex_candid_xxx_video_3_s.jpg[/IMG][/URL]<BR><BR>[b]Voyeur, Candid, [/b]<BR>0012_ Reallifecam captures pack 61 videos 72442e22da0be0f00358c473bc926c0<BR><BR>[b]0012_voyeur_sex_candid_xxx_video_3[/b]<BR>MPEG-4 | Size: 73.3 MiB | Duration: 10mn 40s | 640x360<BR><BR>[b]~> Download video from KEEP2SHARE <~<BR>[url=http://k2s.cc/file/37691adb4624e/0012_voyeur_sex_candid_xxx_video_3.mp4]0012_voyeur_sex_candid_xxx_video_3.mp4[/url][/b]<BR><BR>More screenshots:<BR>[URL=http://pimpandhost.com/image/55233322-medium.html][IMG]http://ist3-1.filesor.com/pimpandhost.com/1/_/_/_/1/3/J/K/I/3JKI2/0012_voyeur_sex_candid_xxx_video_3_s_0.jpg[/IMG][/URL]<BR><BR><BR>","1317","1743","3662","1380"
" Reallifecam captures pack 61 videos 840abded4d3241ab806a52","[URL=http://pimpandhost.com/image/55233281-original.html][IMG]http://ist3-2.filesor.com/pimpandhost.com/1/_/_/_/1/3/J/K/H/3JKHn/0013_voyeur_sex_candid_xxx_video_4_s.jpg[/IMG][/URL]<BR><BR>[b]Voyeur, Candid, [/b]<BR>0013_ Reallifecam captures pack 61 videos 840abded4d3241ab806a5220bb86076<BR><BR>[b]0013_voyeur_sex_candid_xxx_video_4[/b]<BR>MPEG-4 | Size: 68.6 MiB | Duration: 22mn 53s | 640x360<BR><BR>[b]~> Download video from KEEP2SHARE <~<BR>[url=http://k2s.cc/file/e6872d1a93c63/0013_voyeur_sex_candid_xxx_video_4.mp4]0013_voyeur_sex_candid_xxx_video_4.mp4[/url][/b]<BR><BR>More screenshots:<BR>[URL=http://pimpandhost.com/image/55233330-medium.html][IMG]http://ist3-1.filesor.com/pimpandhost.com/1/_/_/_/1/3/J/K/I/3JKIa/0013_voyeur_sex_candid_xxx_video_4_s_0.jpg[/IMG][/URL]<BR><BR><BR>","1304","2134","3609","1345"
" Reallifecam captures pack 61 videos Adriana and Daniel ","[URL=http://pimpandhost.com/image/55233283-original.html][IMG]http://ist3-1.filesor.com/pimpandhost.com/1/_/_/_/1/3/J/K/H/3JKHp/0014_voyeur_sex_candid_xxx_video_1_s.jpg[/IMG][/URL]<BR><BR>[b]Voyeur, Candid, [/b]<BR>0014_ Reallifecam captures pack 61 videos Adriana and Daniel <BR><BR>[b]0014_voyeur_sex_candid_xxx_video_1[/b]<BR>MPEG-4 | Size: 269 MiB | Duration: 27mn 41s | 1266x720<BR><BR>[b]~> Download video from KEEP2SHARE <~<BR>[url=http://k2s.cc/file/b2be60e24ef2c/0014_voyeur_sex_candid_xxx_video_1.mp4]0014_voyeur_sex_candid_xxx_video_1.mp4[/url][/b]<BR><BR>More screenshots:<BR>[URL=http://pimpandhost.com/image/55233334-medium.html][IMG]http://ist3-2.filesor.com/pimpandhost.com/1/_/_/_/1/3/J/K/I/3JKIe/0014_voyeur_sex_candid_xxx_video_1_s_0.jpg[/IMG][/URL]<BR><BR><BR>","1384","1774","3700","1378"
" Reallifecam captures pack 61 videos DandD Sex Very Nic","[URL=http://pimpandhost.com/image/55233289-original.html][IMG]http://ist3-1.filesor.com/pimpandhost.com/1/_/_/_/1/3/J/K/H/3JKHv/0015_voyeur_sex_candid_xxx_video_e_s.jpg[/IMG][/URL]<BR><BR>[b]Voyeur, Candid, [/b]<BR>0015_ Reallifecam captures pack 61 videos DandD Sex Very Nic<BR><BR>[b]0015_voyeur_sex_candid_xxx_video_e[/b]<BR>MPEG-4 | Size: 68.5 MiB | Duration: 12mn 43s | 720x424<BR><BR>[b]~> Download video from KEEP2SHARE <~<BR>[url=http://k2s.cc/file/427ea46715e2d/0015_voyeur_sex_candid_xxx_video_e.mp4]0015_voyeur_sex_candid_xxx_video_e.mp4[/url][/b]<BR><BR>More screenshots:<BR>[URL=http://pimpandhost.com/image/55233339-medium.html][IMG]http://ist3-2.filesor.com/pimpandhost.com/1/_/_/_/1/3/J/K/I/3JKIj/0015_voyeur_sex_candid_xxx_video_e_s_0.jpg[/IMG][/URL]<BR><BR><BR>","1312","2340","3600","1384"
" Reallifecam captures pack 61 videos Diana and Efim livingr","[URL=http://pimpandhost.com/image/55233293-original.html][IMG]http://ist3-1.filesor.com/pimpandhost.com/1/_/_/_/1/3/J/K/H/3JKHz/0016_voyeur_sex_candid_xxx_video_s_s.jpg[/IMG][/URL]<BR><BR>[b]Voyeur, Candid, [/b]<BR>0016_ Reallifecam captures pack 61 videos Diana and Efim livingroom blowjob and fucked in all pose<BR><BR>[b]0016_voyeur_sex_candid_xxx_video_s[/b]<BR>MPEG-4 | Size: 140 MiB | Duration: 10mn 0s | 1280x656<BR><BR>[b]~> Download video from KEEP2SHARE <~<BR>[url=http://k2s.cc/file/e214a73b39eb1/0016_voyeur_sex_candid_xxx_video_s.mp4]0016_voyeur_sex_candid_xxx_video_s.mp4[/url][/b]<BR><BR>More screenshots:<BR>[URL=http://pimpandhost.com/image/55233344-medium.html][IMG]http://ist3-2.filesor.com/pimpandhost.com/1/_/_/_/1/3/J/K/I/3JKIo/0016_voyeur_sex_candid_xxx_video_s_s_0.jpg[/IMG][/URL]<BR><BR><BR>","1307","1673","3503","1369"
" Reallifecam captures pack 61 videos Guests of Diana Efims ","[URL=http://pimpandhost.com/image/55233299-original.html][IMG]http://ist3-1.filesor.com/pimpandhost.com/1/_/_/_/1/3/J/K/H/3JKHF/0017_voyeur_sex_candid_xxx_video_g_s.jpg[/IMG][/URL]<BR><BR>[b]Voyeur, Candid, [/b]<BR>0017_ Reallifecam captures pack 61 videos Guests of Diana Efims Fuckin<BR><BR>[b]0017_voyeur_sex_candid_xxx_video_g[/b]<BR>MPEG-4 | Size: 48.6 MiB | Duration: 18mn 32s | 880x440<BR><BR>[b]~> Download video from KEEP2SHARE <~<BR>[url=http://k2s.cc/file/50ee63751f39c/0017_voyeur_sex_candid_xxx_video_g.mp4]0017_voyeur_sex_candid_xxx_video_g.mp4[/url][/b]<BR><BR>More screenshots:<BR>[URL=http://pimpandhost.com/image/55233349-medium.html][IMG]http://ist3-1.filesor.com/pimpandhost.com/1/_/_/_/1/3/J/K/I/3JKIt/0017_voyeur_sex_candid_xxx_video_g_s_0.jpg[/IMG][/URL]<BR><BR><BR>","1352","1755","3602","1348"
" Reallifecam captures pack 61 videos Leora ","[URL=http://pimpandhost.com/image/55233309-original.html][IMG]http://ist3-2.filesor.com/pimpandhost.com/1/_/_/_/1/3/J/K/H/3JKHP/0018_voyeur_sex_candid_xxx_video_1_s.jpg[/IMG][/URL]<BR><BR>[b]Voyeur, Candid, [/b]<BR>0018_ Reallifecam captures pack 61 videos Leora <BR><BR>[b]0018_voyeur_sex_candid_xxx_video_1[/b]<BR>MPEG-4 | Size: 23.1 MiB | Duration: 6mn 17s | 640x360<BR><BR>[b]~> Download video from KEEP2SHARE <~<BR>[url=http://k2s.cc/file/965708622f30d/0018_voyeur_sex_candid_xxx_video_1.mp4]0018_voyeur_sex_candid_xxx_video_1.mp4[/url][/b]<BR><BR>More screenshots:<BR>[URL=http://pimpandhost.com/image/55233354-medium.html][IMG]http://ist3-1.filesor.com/pimpandhost.com/1/_/_/_/1/3/J/K/I/3JKIy/0018_voyeur_sex_candid_xxx_video_1_s_0.jpg[/IMG][/URL]<BR><BR><BR>","1327","2146","3502","1302"
" Reallifecam captures pack 61 videos Leora ","[URL=http://pimpandhost.com/image/55233314-original.html][IMG]http://ist3-1.filesor.com/pimpandhost.com/1/_/_/_/1/3/J/K/H/3JKHU/0019_voyeur_sex_candid_xxx_video_2_s.jpg[/IMG][/URL]<BR><BR>[b]Voyeur, Candid, [/b]<BR>0019_ Reallifecam captures pack 61 videos Leora <BR><BR>[b]0019_voyeur_sex_candid_xxx_video_2[/b]<BR>MPEG-4 | Size: 11.7 MiB | Duration: 9mn 25s | 768x432<BR><BR>[b]~> Download video from KEEP2SHARE <~<BR>[url=http://k2s.cc/file/ca4036bf2928e/0019_voyeur_sex_candid_xxx_video_2.mp4]0019_voyeur_sex_candid_xxx_video_2.mp4[/url][/b]<BR><BR>More screenshots:<BR>[URL=http://pimpandhost.com/image/55233358-medium.html][IMG]http://ist3-1.filesor.com/pimpandhost.com/1/_/_/_/1/3/J/K/I/3JKIC/0019_voyeur_sex_candid_xxx_video_2_s_0.jpg[/IMG][/URL]<BR><BR><BR>","1397","1953","3545","1314"
" Reallifecam captures pack 61 videos Leora B","[URL=http://pimpandhost.com/image/55233317-original.html][IMG]http://ist3-1.filesor.com/pimpandhost.com/1/_/_/_/1/3/J/K/H/3JKHX/0020_voyeur_sex_candid_xxx_video_J_s.jpg[/IMG][/URL]<BR><BR>[b]Voyeur, Candid, [/b]<BR>0020_ Reallifecam captures pack 61 videos Leora B<BR><BR>[b]0020_voyeur_sex_candid_xxx_video_J[/b]<BR>MPEG-4 | Size: 30.5 MiB | Duration: 4mn 8s | 854x480<BR><BR>[b]~> Download video from KEEP2SHARE <~<BR>[url=http://k2s.cc/file/6025f0f7fce67/0020_voyeur_sex_candid_xxx_video_J.mp4]0020_voyeur_sex_candid_xxx_video_J.mp4[/url][/b]<BR><BR>More screenshots:<BR>[URL=http://pimpandhost.com/image/55233364-medium.html][IMG]http://ist3-2.filesor.com/pimpandhost.com/1/_/_/_/1/3/J/K/I/3JKII/0020_voyeur_sex_candid_xxx_video_J_s_0.jpg[/IMG][/URL]<BR><BR><BR>","1378","1530","3688","1383"
" Reallifecam captures pack 61 videos NMC","[URL=http://pimpandhost.com/image/55233321-original.html][IMG]http://ist3-2.filesor.com/pimpandhost.com/1/_/_/_/1/3/J/K/I/3JKI1/0021_voyeur_sex_candid_xxx_video_1_s.jpg[/IMG][/URL]<BR><BR>[b]Voyeur, Candid, [/b]<BR>0021_ Reallifecam captures pack 61 videos NMC<BR><BR>[b]0021_voyeur_sex_candid_xxx_video_1[/b]<BR>MPEG-4 | Size: 50.3 MiB | Duration: 7mn 4s | 1364x768<BR><BR>[b]~> Download video from KEEP2SHARE <~<BR>[url=http://k2s.cc/file/53eb8b6aac491/0021_voyeur_sex_candid_xxx_video_1.mp4]0021_voyeur_sex_candid_xxx_video_1.mp4[/url][/b]<BR><BR>More screenshots:<BR>[URL=http://pimpandhost.com/image/55233367-medium.html][IMG]http://ist3-1.filesor.com/pimpandhost.com/1/_/_/_/1/3/J/K/I/3JKIL/0021_voyeur_sex_candid_xxx_video_1_s_0.jpg[/IMG][/URL]<BR><BR><BR>","1374","1935","3554","1357"
" Reallifecam captures pack 61 videos Reallifecam Leora and ","[URL=http://pimpandhost.com/image/55233325-original.html][IMG]http://ist3-1.filesor.com/pimpandhost.com/1/_/_/_/1/3/J/K/I/3JKI5/0022_voyeur_sex_candid_xxx_video_n_s.jpg[/IMG][/URL]<BR><BR>[b]Voyeur, Candid, [/b]<BR>0022_ Reallifecam captures pack 61 videos Reallifecam Leora and paul blowjobs, doggystyle, pussy licking, masturbatio<BR><BR>[b]0022_voyeur_sex_candid_xxx_video_n[/b]<BR>MPEG-4 | Size: 67.8 MiB | Duration: 10mn 0s | 800x468<BR><BR>[b]~> Download video from KEEP2SHARE <~<BR>[url=http://k2s.cc/file/76f0406b7a192/0022_voyeur_sex_candid_xxx_video_n.mp4]0022_voyeur_sex_candid_xxx_video_n.mp4[/url][/b]<BR><BR>More screenshots:<BR>[URL=http://pimpandhost.com/image/55233371-medium.html][IMG]http://ist3-2.filesor.com/pimpandhost.com/1/_/_/_/1/3/J/K/I/3JKIP/0022_voyeur_sex_candid_xxx_video_n_s_0.jpg[/IMG][/URL]<BR><BR><BR>","1379","1741","3571","1392"
" Reallifecam captures pack 61 videos Reallifecam Leora bedr","[URL=http://pimpandhost.com/image/55233331-original.html][IMG]http://ist3-1.filesor.com/pimpandhost.com/1/_/_/_/1/3/J/K/I/3JKIb/0023_voyeur_sex_candid_xxx_video_5_s.jpg[/IMG][/URL]<BR><BR>[b]Voyeur, Candid, [/b]<BR>0023_ Reallifecam captures pack 61 videos Reallifecam Leora bedroom hard sex 12 01 201<BR><BR>[b]0023_voyeur_sex_candid_xxx_video_5[/b]<BR>MPEG-4 | Size: 61.4 MiB | Duration: 9mn 53s | 800x424<BR><BR>[b]~> Download video from KEEP2SHARE <~<BR>[url=http://k2s.cc/file/57e983ed4714c/0023_voyeur_sex_candid_xxx_video_5.mp4]0023_voyeur_sex_candid_xxx_video_5.mp4[/url][/b]<BR><BR>More screenshots:<BR>[URL=http://pimpandhost.com/image/55233374-medium.html][IMG]http://ist3-1.filesor.com/pimpandhost.com/1/_/_/_/1/3/J/K/I/3JKIS/0023_voyeur_sex_candid_xxx_video_5_s_0.jpg[/IMG][/URL]<BR><BR><BR>","1320","2268","3651","1327"
" Reallifecam captures pack 61 videos Reallifecam Mixed Vide","[URL=http://pimpandhost.com/image/55233333-original.html][IMG]http://ist3-2.filesor.com/pimpandhost.com/1/_/_/_/1/3/J/K/I/3JKId/0024_voyeur_sex_candid_xxx_video_s_s.jpg[/IMG][/URL]<BR><BR>[b]Voyeur, Candid, [/b]<BR>0024_ Reallifecam captures pack 61 videos Reallifecam Mixed Video<BR><BR>[b]0024_voyeur_sex_candid_xxx_video_s[/b]<BR>MPEG-4 | Size: 9.01 MiB | Duration: 3mn 9s | 1910x906<BR><BR>[b]~> Download video from KEEP2SHARE <~<BR>[url=http://k2s.cc/file/d284a1c0922a1/0024_voyeur_sex_candid_xxx_video_s.mp4]0024_voyeur_sex_candid_xxx_video_s.mp4[/url][/b]<BR><BR>More screenshots:<BR>[URL=http://pimpandhost.com/image/55233380-medium.html][IMG]http://ist3-2.filesor.com/pimpandhost.com/1/_/_/_/1/3/J/K/I/3JKIY/0024_voyeur_sex_candid_xxx_video_s_s_0.jpg[/IMG][/URL]<BR><BR><BR>","1304","2195","3693","1357"
" Reallifecam captures pack 61 videos Record 2015 09 18 00 2","[URL=http://pimpandhost.com/image/55233335-original.html][IMG]http://ist3-1.filesor.com/pimpandhost.com/1/_/_/_/1/3/J/K/I/3JKIf/0025_voyeur_sex_candid_xxx_video_7_s.jpg[/IMG][/URL]<BR><BR>[b]Voyeur, Candid, [/b]<BR>0025_ Reallifecam captures pack 61 videos Record 2015 09 18 00 28 01 78<BR><BR>[b]0025_voyeur_sex_candid_xxx_video_7[/b]<BR>MPEG-4 | Size: 6.94 MiB | Duration: 27s 700ms | 1704x1020<BR><BR>[b]~> Download video from KEEP2SHARE <~<BR>[url=http://k2s.cc/file/27a0fef989b4b/0025_voyeur_sex_candid_xxx_video_7.mp4]0025_voyeur_sex_candid_xxx_video_7.mp4[/url][/b]<BR><BR>More screenshots:<BR><BR><BR><BR>","1305","1926","3509","1333"
" Reallifecam captures pack 61 videos Unknown ","[URL=http://pimpandhost.com/image/55233338-original.html][IMG]http://ist3-2.filesor.com/pimpandhost.com/1/_/_/_/1/3/J/K/I/3JKIi/0026_voyeur_sex_candid_xxx_video_1_s.jpg[/IMG][/URL]<BR><BR>[b]Voyeur, Candid, [/b]<BR>0026_ Reallifecam captures pack 61 videos Unknown <BR><BR>[b]0026_voyeur_sex_candid_xxx_video_1[/b]<BR>MPEG-4 | Size: 12.4 MiB | Duration: 7mn 10s | 768x432<BR><BR>[b]~> Download video from KEEP2SHARE <~<BR>[url=http://k2s.cc/file/0f59c28e18de7/0026_voyeur_sex_candid_xxx_video_1.mp4]0026_voyeur_sex_candid_xxx_video_1.mp4[/url][/b]<BR><BR>More screenshots:<BR>[URL=http://pimpandhost.com/image/55233384-medium.html][IMG]http://ist3-2.filesor.com/pimpandhost.com/1/_/_/_/1/3/J/K/J/3JKJ2/0026_voyeur_sex_candid_xxx_video_1_s_0.jpg[/IMG][/URL]<BR><BR><BR>","1319","1553","3572","1316"
" Reallifecam captures pack 61 videos adrian","[URL=http://pimpandhost.com/image/55233340-original.html][IMG]http://ist3-1.filesor.com/pimpandhost.com/1/_/_/_/1/3/J/K/I/3JKIk/0027_voyeur_sex_candid_xxx_video_a_s.jpg[/IMG][/URL]<BR><BR>[b]Voyeur, Candid, [/b]<BR>0027_ Reallifecam captures pack 61 videos adrian<BR><BR>[b]0027_voyeur_sex_candid_xxx_video_a[/b]<BR>MPEG-4 | Size: 260 MiB | Duration: 8mn 35s | 720x480<BR><BR>[b]~> Download video from KEEP2SHARE <~<BR>[url=http://k2s.cc/file/0651e6432ba9d/0027_voyeur_sex_candid_xxx_video_a.mp4]0027_voyeur_sex_candid_xxx_video_a.mp4[/url][/b]<BR><BR>More screenshots:<BR>[URL=http://pimpandhost.com/image/55233391-medium.html][IMG]http://ist3-1.filesor.com/pimpandhost.com/1/_/_/_/1/3/J/K/J/3JKJ9/0027_voyeur_sex_candid_xxx_video_a_s_0.jpg[/IMG][/URL]<BR><BR><BR>","1356","2026","3560","1333"
" Reallifecam captures pack 61 videos cdnkeys995181 21xyz965","[URL=http://pimpandhost.com/image/55233343-original.html][IMG]http://ist3-2.filesor.com/pimpandhost.com/1/_/_/_/1/3/J/K/I/3JKIn/0028_voyeur_sex_candid_xxx_video_8_s.jpg[/IMG][/URL]<BR><BR>[b]Voyeur, Candid, [/b]<BR>0028_ Reallifecam captures pack 61 videos cdnkeys995181 21xyz965200<BR><BR>[b]0028_voyeur_sex_candid_xxx_video_8[/b]<BR>MPEG-4 | Size: 22.9 MiB | Duration: 9mn 57s | 720x344<BR><BR>[b]~> Download video from KEEP2SHARE <~<BR>[url=http://k2s.cc/file/6c172352902f6/0028_voyeur_sex_candid_xxx_video_8.mp4]0028_voyeur_sex_candid_xxx_video_8.mp4[/url][/b]<BR><BR>More screenshots:<BR>[URL=http://pimpandhost.com/image/55233394-medium.html][IMG]http://ist3-2.filesor.com/pimpandhost.com/1/_/_/_/1/3/J/K/J/3JKJc/0028_voyeur_sex_candid_xxx_video_8_s_0.jpg[/IMG][/URL]<BR><BR><BR>","1362","1716","3531","1336"
" Reallifecam captures pack 61 videos cdnkeys995181 21xyz965","[URL=http://pimpandhost.com/image/55233345-original.html][IMG]http://ist3-1.filesor.com/pimpandhost.com/1/_/_/_/1/3/J/K/I/3JKIp/0029_voyeur_sex_candid_xxx_video_3_s.jpg[/IMG][/URL]<BR><BR>[b]Voyeur, Candid, [/b]<BR>0029_ Reallifecam captures pack 61 videos cdnkeys995181 21xyz965201<BR><BR>[b]0029_voyeur_sex_candid_xxx_video_3[/b]<BR>MPEG-4 | Size: 22.8 MiB | Duration: 15mn 4s | 632x360<BR><BR>[b]~> Download video from KEEP2SHARE <~<BR>[url=http://k2s.cc/file/0614ecbc9d806/0029_voyeur_sex_candid_xxx_video_3.mp4]0029_voyeur_sex_candid_xxx_video_3.mp4[/url][/b]<BR><BR>More screenshots:<BR>[URL=http://pimpandhost.com/image/55233398-medium.html][IMG]http://ist3-1.filesor.com/pimpandhost.com/1/_/_/_/1/3/J/K/J/3JKJg/0029_voyeur_sex_candid_xxx_video_3_s_0.jpg[/IMG][/URL]<BR><BR><BR>","1373","1885","3686","1351"
" Reallifecam captures pack 61 videos cdnkeys995181 21xyz965","[URL=http://pimpandhost.com/image/55233348-original.html][IMG]http://ist3-1.filesor.com/pimpandhost.com/1/_/_/_/1/3/J/K/I/3JKIs/0030_voyeur_sex_candid_xxx_video_4_s.jpg[/IMG][/URL]<BR><BR>[b]Voyeur, Candid, [/b]<BR>0030_ Reallifecam captures pack 61 videos cdnkeys995181 21xyz965201<BR><BR>[b]0030_voyeur_sex_candid_xxx_video_4[/b]<BR>MPEG-4 | Size: 115 MiB | Duration: 12mn 5s | 848x480<BR><BR>[b]~> Download video from KEEP2SHARE <~<BR>[url=http://k2s.cc/file/37e5257b11b85/0030_voyeur_sex_candid_xxx_video_4.mp4]0030_voyeur_sex_candid_xxx_video_4.mp4[/url][/b]<BR><BR>More screenshots:<BR>[URL=http://pimpandhost.com/image/55233401-medium.html][IMG]http://ist3-1.filesor.com/pimpandhost.com/1/_/_/_/1/3/J/K/J/3JKJj/0030_voyeur_sex_candid_xxx_video_4_s_0.jpg[/IMG][/URL]<BR><BR><BR>","1370","1756","3585","1390"
" Reallifecam captures pack 61 videos cdnkeys995181 21xyz965","[URL=http://pimpandhost.com/image/55233352-original.html][IMG]http://ist3-1.filesor.com/pimpandhost.com/1/_/_/_/1/3/J/K/I/3JKIw/0031_voyeur_sex_candid_xxx_video_7_s.jpg[/IMG][/URL]<BR><BR>[b]Voyeur, Candid, [/b]<BR>0031_ Reallifecam captures pack 61 videos cdnkeys995181 21xyz965203<BR><BR>[b]0031_voyeur_sex_candid_xxx_video_7[/b]<BR>MPEG-4 | Size: 72.1 MiB | Duration: 11mn 1s | 854x478<BR><BR>[b]~> Download video from KEEP2SHARE <~<BR>[url=http://k2s.cc/file/a6ad975b09d7e/0031_voyeur_sex_candid_xxx_video_7.mp4]0031_voyeur_sex_candid_xxx_video_7.mp4[/url][/b]<BR><BR>More screenshots:<BR>[URL=http://pimpandhost.com/image/55233405-medium.html][IMG]http://ist3-1.filesor.com/pimpandhost.com/1/_/_/_/1/3/J/K/J/3JKJn/0031_voyeur_sex_candid_xxx_video_7_s_0.jpg[/IMG][/URL]<BR><BR><BR>","1313","1660","3534","1318"
" Reallifecam captures pack 61 videos d7ccbc4010dee723e89f7d","[URL=http://pimpandhost.com/image/55233353-original.html][IMG]http://ist3-2.filesor.com/pimpandhost.com/1/_/_/_/1/3/J/K/I/3JKIx/0032_voyeur_sex_candid_xxx_video_a_s.jpg[/IMG][/URL]<BR><BR>[b]Voyeur, Candid, [/b]<BR>0032_ Reallifecam captures pack 61 videos d7ccbc4010dee723e89f7dfa5858602<BR><BR>[b]0032_voyeur_sex_candid_xxx_video_a[/b]<BR>MPEG-4 | Size: 67.2 MiB | Duration: 7mn 5s | 848x480<BR><BR>[b]~> Download video from KEEP2SHARE <~<BR>[url=http://k2s.cc/file/65d997bd4d486/0032_voyeur_sex_candid_xxx_video_a.mp4]0032_voyeur_sex_candid_xxx_video_a.mp4[/url][/b]<BR><BR>More screenshots:<BR>[URL=http://pimpandhost.com/image/55233408-medium.html][IMG]http://ist3-1.filesor.com/pimpandhost.com/1/_/_/_/1/3/J/K/J/3JKJq/0032_voyeur_sex_candid_xxx_video_a_s_0.jpg[/IMG][/URL]<BR><BR><BR>","1395","1618","3650","1300"
" Reallifecam captures pack 61 videos files 3652.web","[URL=http://pimpandhost.com/image/55233356-original.html][IMG]http://ist3-2.filesor.com/pimpandhost.com/1/_/_/_/1/3/J/K/I/3JKIA/0033_voyeur_sex_candid_xxx_video_m_s.jpg[/IMG][/URL]<BR><BR>[b]Voyeur, Candid, [/b]<BR>0033_ Reallifecam captures pack 61 videos files 3652.web<BR><BR>[b]0033_voyeur_sex_candid_xxx_video_m[/b]<BR>MPEG-4 | Size: 12.0 MiB | Duration: 3mn 45s | 480x360<BR><BR>[b]~> Download video from KEEP2SHARE <~<BR>[url=http://k2s.cc/file/2464446917f05/0033_voyeur_sex_candid_xxx_video_m.mp4]0033_voyeur_sex_candid_xxx_video_m.mp4[/url][/b]<BR><BR>More screenshots:<BR>[URL=http://pimpandhost.com/image/55233412-medium.html][IMG]http://ist3-1.filesor.com/pimpandhost.com/1/_/_/_/1/3/J/K/J/3JKJu/0033_voyeur_sex_candid_xxx_video_m_s_0.jpg[/IMG][/URL]<BR><BR><BR>","1361","2215","3567","1380"
" Reallifecam captures pack 61 videos files 4161.web","[URL=http://pimpandhost.com/image/55233359-original.html][IMG]http://ist3-2.filesor.com/pimpandhost.com/1/_/_/_/1/3/J/K/I/3JKID/0034_voyeur_sex_candid_xxx_video_m_s.jpg[/IMG][/URL]<BR><BR>[b]Voyeur, Candid, [/b]<BR>0034_ Reallifecam captures pack 61 videos files 4161.web<BR><BR>[b]0034_voyeur_sex_candid_xxx_video_m[/b]<BR>MPEG-4 | Size: 16.3 MiB | Duration: 8mn 3s | 640x360<BR><BR>[b]~> Download video from KEEP2SHARE <~<BR>[url=http://k2s.cc/file/3c8be9b501f09/0034_voyeur_sex_candid_xxx_video_m.mp4]0034_voyeur_sex_candid_xxx_video_m.mp4[/url][/b]<BR><BR>More screenshots:<BR>[URL=http://pimpandhost.com/image/55233415-medium.html][IMG]http://ist3-2.filesor.com/pimpandhost.com/1/_/_/_/1/3/J/K/J/3JKJx/0034_voyeur_sex_candid_xxx_video_m_s_0.jpg[/IMG][/URL]<BR><BR><BR>","1386","2128","3692","1341"
" Reallifecam captures pack 61 videos files 4282.web","[URL=http://pimpandhost.com/image/55233361-original.html][IMG]http://ist3-2.filesor.com/pimpandhost.com/1/_/_/_/1/3/J/K/I/3JKIF/0035_voyeur_sex_candid_xxx_video_m_s.jpg[/IMG][/URL]<BR><BR>[b]Voyeur, Candid, [/b]<BR>0035_ Reallifecam captures pack 61 videos files 4282.web<BR><BR>[b]0035_voyeur_sex_candid_xxx_video_m[/b]<BR>MPEG-4 | Size: 27.9 MiB | Duration: 7mn 30s | 640x360<BR><BR>[b]~> Download video from KEEP2SHARE <~<BR>[url=http://k2s.cc/file/0f532815d62c1/0035_voyeur_sex_candid_xxx_video_m.mp4]0035_voyeur_sex_candid_xxx_video_m.mp4[/url][/b]<BR><BR>More screenshots:<BR>[URL=http://pimpandhost.com/image/55233418-medium.html][IMG]http://ist3-1.filesor.com/pimpandhost.com/1/_/_/_/1/3/J/K/J/3JKJA/0035_voyeur_sex_candid_xxx_video_m_s_0.jpg[/IMG][/URL]<BR><BR><BR>","1328","1733","3651","1390"
" Reallifecam captures pack 61 videos files 4514.web","[URL=http://pimpandhost.com/image/55233365-original.html][IMG]http://ist3-1.filesor.com/pimpandhost.com/1/_/_/_/1/3/J/K/I/3JKIJ/0036_voyeur_sex_candid_xxx_video_m_s.jpg[/IMG][/URL]<BR><BR>[b]Voyeur, Candid, [/b]<BR>0036_ Reallifecam captures pack 61 videos files 4514.web<BR><BR>[b]0036_voyeur_sex_candid_xxx_video_m[/b]<BR>MPEG-4 | Size: 17.7 MiB | Duration: 9mn 40s | 624x360<BR><BR>[b]~> Download video from KEEP2SHARE <~<BR>[url=http://k2s.cc/file/1dba628ea5ed3/0036_voyeur_sex_candid_xxx_video_m.mp4]0036_voyeur_sex_candid_xxx_video_m.mp4[/url][/b]<BR><BR>More screenshots:<BR>[URL=http://pimpandhost.com/image/55233421-medium.html][IMG]http://ist3-2.filesor.com/pimpandhost.com/1/_/_/_/1/3/J/K/J/3JKJD/0036_voyeur_sex_candid_xxx_video_m_s_0.jpg[/IMG][/URL]<BR><BR><BR>","1350","2319","3551","1322"
" Reallifecam captures pack 61 videos files 4772.web","[URL=http://pimpandhost.com/image/55233366-original.html][IMG]http://ist3-2.filesor.com/pimpandhost.com/1/_/_/_/1/3/J/K/I/3JKIK/0037_voyeur_sex_candid_xxx_video_m_s.jpg[/IMG][/URL]<BR><BR>[b]Voyeur, Candid, [/b]<BR>0037_ Reallifecam captures pack 61 videos files 4772.web<BR><BR>[b]0037_voyeur_sex_candid_xxx_video_m[/b]<BR>MPEG-4 | Size: 34.6 MiB | Duration: 10mn 0s | 480x360<BR><BR>[b]~> Download video from KEEP2SHARE <~<BR>[url=http://k2s.cc/file/baa53c5197c19/0037_voyeur_sex_candid_xxx_video_m.mp4]0037_voyeur_sex_candid_xxx_video_m.mp4[/url][/b]<BR><BR>More screenshots:<BR>[URL=http://pimpandhost.com/image/55233424-medium.html][IMG]http://ist3-2.filesor.com/pimpandhost.com/1/_/_/_/1/3/J/K/J/3JKJG/0037_voyeur_sex_candid_xxx_video_m_s_0.jpg[/IMG][/URL]<BR><BR><BR>","1334","1669","3647","1303"
" Reallifecam captures pack 61 videos files 5079.web","[URL=http://pimpandhost.com/image/55233369-original.html][IMG]http://ist3-1.filesor.com/pimpandhost.com/1/_/_/_/1/3/J/K/I/3JKIN/0038_voyeur_sex_candid_xxx_video_m_s.jpg[/IMG][/URL]<BR><BR>[b]Voyeur, Candid, [/b]<BR>0038_ Reallifecam captures pack 61 videos files 5079.web<BR><BR>[b]0038_voyeur_sex_candid_xxx_video_m[/b]<BR>MPEG-4 | Size: 15.5 MiB | Duration: 7mn 54s | 640x360<BR><BR>[b]~> Download video from KEEP2SHARE <~<BR>[url=http://k2s.cc/file/6241bcf266409/0038_voyeur_sex_candid_xxx_video_m.mp4]0038_voyeur_sex_candid_xxx_video_m.mp4[/url][/b]<BR><BR>More screenshots:<BR>[URL=http://pimpandhost.com/image/55233427-medium.html][IMG]http://ist3-1.filesor.com/pimpandhost.com/1/_/_/_/1/3/J/K/J/3JKJJ/0038_voyeur_sex_candid_xxx_video_m_s_0.jpg[/IMG][/URL]<BR><BR><BR>","1347","1642","3686","1361"
" Reallifecam captures pack 61 videos files 5143.web","[URL=http://pimpandhost.com/image/55233370-original.html][IMG]http://ist3-2.filesor.com/pimpandhost.com/1/_/_/_/1/3/J/K/I/3JKIO/0039_voyeur_sex_candid_xxx_video_m_s.jpg[/IMG][/URL]<BR><BR>[b]Voyeur, Candid, [/b]<BR>0039_ Reallifecam captures pack 61 videos files 5143.web<BR><BR>[b]0039_voyeur_sex_candid_xxx_video_m[/b]<BR>MPEG-4 | Size: 19.7 MiB | Duration: 7mn 29s | 640x360<BR><BR>[b]~> Download video from KEEP2SHARE <~<BR>[url=http://k2s.cc/file/30480b122fd08/0039_voyeur_sex_candid_xxx_video_m.mp4]0039_voyeur_sex_candid_xxx_video_m.mp4[/url][/b]<BR><BR>More screenshots:<BR>[URL=http://pimpandhost.com/image/55233431-medium.html][IMG]http://ist3-2.filesor.com/pimpandhost.com/1/_/_/_/1/3/J/K/J/3JKJN/0039_voyeur_sex_candid_xxx_video_m_s_0.jpg[/IMG][/URL]<BR><BR><BR>","1333","1588","3659","1328"
" Reallifecam captures pack 61 videos files 5158.web","[URL=http://pimpandhost.com/image/55233372-original.html][IMG]http://ist3-1.filesor.com/pimpandhost.com/1/_/_/_/1/3/J/K/I/3JKIQ/0040_voyeur_sex_candid_xxx_video_m_s.jpg[/IMG][/URL]<BR><BR>[b]Voyeur, Candid, [/b]<BR>0040_ Reallifecam captures pack 61 videos files 5158.web<BR><BR>[b]0040_voyeur_sex_candid_xxx_video_m[/b]<BR>MPEG-4 | Size: 21.5 MiB | Duration: 6mn 8s | 640x360<BR><BR>[b]~> Download video from KEEP2SHARE <~<BR>[url=http://k2s.cc/file/6fbe9b0336387/0040_voyeur_sex_candid_xxx_video_m.mp4]0040_voyeur_sex_candid_xxx_video_m.mp4[/url][/b]<BR><BR>More screenshots:<BR>[URL=http://pimpandhost.com/image/55233435-medium.html][IMG]http://ist3-1.filesor.com/pimpandhost.com/1/_/_/_/1/3/J/K/J/3JKJR/0040_voyeur_sex_candid_xxx_video_m_s_0.jpg[/IMG][/URL]<BR><BR><BR>","1323","1988","3558","1384"
" Reallifecam captures pack 61 videos files 5198.web","[URL=http://pimpandhost.com/image/55233373-original.html][IMG]http://ist3-1.filesor.com/pimpandhost.com/1/_/_/_/1/3/J/K/I/3JKIR/0041_voyeur_sex_candid_xxx_video_m_s.jpg[/IMG][/URL]<BR><BR>[b]Voyeur, Candid, [/b]<BR>0041_ Reallifecam captures pack 61 videos files 5198.web<BR><BR>[b]0041_voyeur_sex_candid_xxx_video_m[/b]<BR>MPEG-4 | Size: 65.5 MiB | Duration: 15mn 50s | 640x360<BR><BR>[b]~> Download video from KEEP2SHARE <~<BR>[url=http://k2s.cc/file/1ccdd56a50025/0041_voyeur_sex_candid_xxx_video_m.mp4]0041_voyeur_sex_candid_xxx_video_m.mp4[/url][/b]<BR><BR>More screenshots:<BR>[URL=http://pimpandhost.com/image/55233438-medium.html][IMG]http://ist3-1.filesor.com/pimpandhost.com/1/_/_/_/1/3/J/K/J/3JKJU/0041_voyeur_sex_candid_xxx_video_m_s_0.jpg[/IMG][/URL]<BR><BR><BR>","1333","2068","3626","1319"
" Reallifecam captures pack 61 videos files 5217.web","[URL=http://pimpandhost.com/image/55233376-original.html][IMG]http://ist3-1.filesor.com/pimpandhost.com/1/_/_/_/1/3/J/K/I/3JKIU/0042_voyeur_sex_candid_xxx_video_m_s.jpg[/IMG][/URL]<BR><BR>[b]Voyeur, Candid, [/b]<BR>0042_ Reallifecam captures pack 61 videos files 5217.web<BR><BR>[b]0042_voyeur_sex_candid_xxx_video_m[/b]<BR>MPEG-4 | Size: 17.2 MiB | Duration: 3mn 57s | 640x360<BR><BR>[b]~> Download video from KEEP2SHARE <~<BR>[url=http://k2s.cc/file/a061d85b2b77c/0042_voyeur_sex_candid_xxx_video_m.mp4]0042_voyeur_sex_candid_xxx_video_m.mp4[/url][/b]<BR><BR>More screenshots:<BR>[URL=http://pimpandhost.com/image/55233440-medium.html][IMG]http://ist3-2.filesor.com/pimpandhost.com/1/_/_/_/1/3/J/K/J/3JKJW/0042_voyeur_sex_candid_xxx_video_m_s_0.jpg[/IMG][/URL]<BR><BR><BR>","1333","2029","3621","1361"
" Reallifecam captures pack 61 videos files 5302.web","[URL=http://pimpandhost.com/image/55233381-original.html][IMG]http://ist3-1.filesor.com/pimpandhost.com/1/_/_/_/1/3/J/K/I/3JKIZ/0043_voyeur_sex_candid_xxx_video_m_s.jpg[/IMG][/URL]<BR><BR>[b]Voyeur, Candid, [/b]<BR>0043_ Reallifecam captures pack 61 videos files 5302.web<BR><BR>[b]0043_voyeur_sex_candid_xxx_video_m[/b]<BR>MPEG-4 | Size: 57.2 MiB | Duration: 35mn 32s | 640x368<BR><BR>[b]~> Download video from KEEP2SHARE <~<BR>[url=http://k2s.cc/file/2c85e66015b36/0043_voyeur_sex_candid_xxx_video_m.mp4]0043_voyeur_sex_candid_xxx_video_m.mp4[/url][/b]<BR><BR>More screenshots:<BR>[URL=http://pimpandhost.com/image/55233442-medium.html][IMG]http://ist3-1.filesor.com/pimpandhost.com/1/_/_/_/1/3/J/K/J/3JKJY/0043_voyeur_sex_candid_xxx_video_m_s_0.jpg[/IMG][/URL]<BR><BR><BR>","1385","1821","3602","1334"
" Reallifecam captures pack 61 videos files 5382.web","[URL=http://pimpandhost.com/image/55233383-original.html][IMG]http://ist3-2.filesor.com/pimpandhost.com/1/_/_/_/1/3/J/K/J/3JKJ1/0044_voyeur_sex_candid_xxx_video_m_s.jpg[/IMG][/URL]<BR><BR>[b]Voyeur, Candid, [/b]<BR>0044_ Reallifecam captures pack 61 videos files 5382.web<BR><BR>[b]0044_voyeur_sex_candid_xxx_video_m[/b]<BR>MPEG-4 | Size: 30.4 MiB | Duration: 8mn 55s | 480x360<BR><BR>[b]~> Download video from KEEP2SHARE <~<BR>[url=http://k2s.cc/file/f5e5fa2e36e58/0044_voyeur_sex_candid_xxx_video_m.mp4]0044_voyeur_sex_candid_xxx_video_m.mp4[/url][/b]<BR><BR>More screenshots:<BR>[URL=http://pimpandhost.com/image/55233444-medium.html][IMG]http://ist3-1.filesor.com/pimpandhost.com/1/_/_/_/1/3/J/K/K/3JKK0/0044_voyeur_sex_candid_xxx_video_m_s_0.jpg[/IMG][/URL]<BR><BR><BR>","1326","2191","3614","1360"
" Reallifecam captures pack 61 videos files 5457.web","[URL=http://pimpandhost.com/image/55233385-original.html][IMG]http://ist3-1.filesor.com/pimpandhost.com/1/_/_/_/1/3/J/K/J/3JKJ3/0045_voyeur_sex_candid_xxx_video_m_s.jpg[/IMG][/URL]<BR><BR>[b]Voyeur, Candid, [/b]<BR>0045_ Reallifecam captures pack 61 videos files 5457.web<BR><BR>[b]0045_voyeur_sex_candid_xxx_video_m[/b]<BR>MPEG-4 | Size: 29.4 MiB | Duration: 8mn 47s | 640x360<BR><BR>[b]~> Download video from KEEP2SHARE <~<BR>[url=http://k2s.cc/file/1a2741a9ef031/0045_voyeur_sex_candid_xxx_video_m.mp4]0045_voyeur_sex_candid_xxx_video_m.mp4[/url][/b]<BR><BR>More screenshots:<BR>[URL=http://pimpandhost.com/image/55233445-medium.html][IMG]http://ist3-1.filesor.com/pimpandhost.com/1/_/_/_/1/3/J/K/K/3JKK1/0045_voyeur_sex_candid_xxx_video_m_s_0.jpg[/IMG][/URL]<BR><BR><BR>","1396","1771","3627","1343"
" Reallifecam captures pack 61 videos files 5504.web","[URL=http://pimpandhost.com/image/55233390-original.html][IMG]http://ist3-1.filesor.com/pimpandhost.com/1/_/_/_/1/3/J/K/J/3JKJ8/0046_voyeur_sex_candid_xxx_video_m_s.jpg[/IMG][/URL]<BR><BR>[b]Voyeur, Candid, [/b]<BR>0046_ Reallifecam captures pack 61 videos files 5504.web<BR><BR>[b]0046_voyeur_sex_candid_xxx_video_m[/b]<BR>MPEG-4 | Size: 39.7 MiB | Duration: 12mn 26s | 640x360<BR><BR>[b]~> Download video from KEEP2SHARE <~<BR>[url=http://k2s.cc/file/787f24aeb54b5/0046_voyeur_sex_candid_xxx_video_m.mp4]0046_voyeur_sex_candid_xxx_video_m.mp4[/url][/b]<BR><BR>More screenshots:<BR>[URL=http://pimpandhost.com/image/55233446-medium.html][IMG]http://ist3-1.filesor.com/pimpandhost.com/1/_/_/_/1/3/J/K/K/3JKK2/0046_voyeur_sex_candid_xxx_video_m_s_0.jpg[/IMG][/URL]<BR><BR><BR>","1346","2007","3507","1380"
" Reallifecam captures pack 61 videos files 5509.web","[URL=http://pimpandhost.com/image/55233392-original.html][IMG]http://ist3-1.filesor.com/pimpandhost.com/1/_/_/_/1/3/J/K/J/3JKJa/0047_voyeur_sex_candid_xxx_video_m_s.jpg[/IMG][/URL]<BR><BR>[b]Voyeur, Candid, [/b]<BR>0047_ Reallifecam captures pack 61 videos files 5509.web<BR><BR>[b]0047_voyeur_sex_candid_xxx_video_m[/b]<BR>MPEG-4 | Size: 34.4 MiB | Duration: 17mn 53s | 640x360<BR><BR>[b]~> Download video from KEEP2SHARE <~<BR>[url=http://k2s.cc/file/86f45a0b024b6/0047_voyeur_sex_candid_xxx_video_m.mp4]0047_voyeur_sex_candid_xxx_video_m.mp4[/url][/b]<BR><BR>More screenshots:<BR>[URL=http://pimpandhost.com/image/55233448-medium.html][IMG]http://ist3-1.filesor.com/pimpandhost.com/1/_/_/_/1/3/J/K/K/3JKK4/0047_voyeur_sex_candid_xxx_video_m_s_0.jpg[/IMG][/URL]<BR><BR><BR>","1366","2247","3516","1390"
" Reallifecam captures pack 61 videos files 5586.web","[URL=http://pimpandhost.com/image/55233396-original.html][IMG]http://ist3-1.filesor.com/pimpandhost.com/1/_/_/_/1/3/J/K/J/3JKJe/0048_voyeur_sex_candid_xxx_video_m_s.jpg[/IMG][/URL]<BR><BR>[b]Voyeur, Candid, [/b]<BR>0048_ Reallifecam captures pack 61 videos files 5586.web<BR><BR>[b]0048_voyeur_sex_candid_xxx_video_m[/b]<BR>MPEG-4 | Size: 33.0 MiB | Duration: 7mn 38s | 640x360<BR><BR>[b]~> Download video from KEEP2SHARE <~<BR>[url=http://k2s.cc/file/f43c56ce34064/0048_voyeur_sex_candid_xxx_video_m.mp4]0048_voyeur_sex_candid_xxx_video_m.mp4[/url][/b]<BR><BR>More screenshots:<BR>[URL=http://pimpandhost.com/image/55233449-medium.html][IMG]http://ist3-1.filesor.com/pimpandhost.com/1/_/_/_/1/3/J/K/K/3JKK5/0048_voyeur_sex_candid_xxx_video_m_s_0.jpg[/IMG][/URL]<BR><BR><BR>","1337","1836","3646","1371"
" Reallifecam captures pack 61 videos files 5736.web","[URL=http://pimpandhost.com/image/55233397-original.html][IMG]http://ist3-2.filesor.com/pimpandhost.com/1/_/_/_/1/3/J/K/J/3JKJf/0049_voyeur_sex_candid_xxx_video_m_s.jpg[/IMG][/URL]<BR><BR>[b]Voyeur, Candid, [/b]<BR>0049_ Reallifecam captures pack 61 videos files 5736.web<BR><BR>[b]0049_voyeur_sex_candid_xxx_video_m[/b]<BR>MPEG-4 | Size: 44.1 MiB | Duration: 11mn 41s | 640x360<BR><BR>[b]~> Download video from KEEP2SHARE <~<BR>[url=http://k2s.cc/file/a4d8915ce87c4/0049_voyeur_sex_candid_xxx_video_m.mp4]0049_voyeur_sex_candid_xxx_video_m.mp4[/url][/b]<BR><BR>More screenshots:<BR>[URL=http://pimpandhost.com/image/55233450-medium.html][IMG]http://ist3-2.filesor.com/pimpandhost.com/1/_/_/_/1/3/J/K/K/3JKK6/0049_voyeur_sex_candid_xxx_video_m_s_0.jpg[/IMG][/URL]<BR><BR><BR>","1300","1822","3680","1333"
" Reallifecam captures pack 61 videos files 5748.web","[URL=http://pimpandhost.com/image/55233399-original.html][IMG]http://ist3-1.filesor.com/pimpandhost.com/1/_/_/_/1/3/J/K/J/3JKJh/0050_voyeur_sex_candid_xxx_video_m_s.jpg[/IMG][/URL]<BR><BR>[b]Voyeur, Candid, [/b]<BR>0050_ Reallifecam captures pack 61 videos files 5748.web<BR><BR>[b]0050_voyeur_sex_candid_xxx_video_m[/b]<BR>MPEG-4 | Size: 6.26 MiB | Duration: 1mn 42s | 428x360<BR><BR>[b]~> Download video from KEEP2SHARE <~<BR>[url=http://k2s.cc/file/b677c1e9964f6/0050_voyeur_sex_candid_xxx_video_m.mp4]0050_voyeur_sex_candid_xxx_video_m.mp4[/url][/b]<BR><BR>More screenshots:<BR>[URL=http://pimpandhost.com/image/55233454-medium.html][IMG]http://ist3-2.filesor.com/pimpandhost.com/1/_/_/_/1/3/J/K/K/3JKKa/0050_voyeur_sex_candid_xxx_video_m_s_0.jpg[/IMG][/URL]<BR><BR><BR>","1395","1952","3689","1379"
" Reallifecam captures pack 61 videos files 5772.web","[URL=http://pimpandhost.com/image/55233400-original.html][IMG]http://ist3-2.filesor.com/pimpandhost.com/1/_/_/_/1/3/J/K/J/3JKJi/0051_voyeur_sex_candid_xxx_video_m_s.jpg[/IMG][/URL]<BR><BR>[b]Voyeur, Candid, [/b]<BR>0051_ Reallifecam captures pack 61 videos files 5772.web<BR><BR>[b]0051_voyeur_sex_candid_xxx_video_m[/b]<BR>MPEG-4 | Size: 41.0 MiB | Duration: 10mn 0s | 640x360<BR><BR>[b]~> Download video from KEEP2SHARE <~<BR>[url=http://k2s.cc/file/1fa790d531458/0051_voyeur_sex_candid_xxx_video_m.mp4]0051_voyeur_sex_candid_xxx_video_m.mp4[/url][/b]<BR><BR>More screenshots:<BR>[URL=http://pimpandhost.com/image/55233456-medium.html][IMG]http://ist3-1.filesor.com/pimpandhost.com/1/_/_/_/1/3/J/K/K/3JKKc/0051_voyeur_sex_candid_xxx_video_m_s_0.jpg[/IMG][/URL]<BR><BR><BR>","1386","1906","3527","1312"
" Reallifecam captures pack 61 videos files 5781.web","[URL=http://pimpandhost.com/image/55233402-original.html][IMG]http://ist3-1.filesor.com/pimpandhost.com/1/_/_/_/1/3/J/K/J/3JKJk/0052_voyeur_sex_candid_xxx_video_m_s.jpg[/IMG][/URL]<BR><BR>[b]Voyeur, Candid, [/b]<BR>0052_ Reallifecam captures pack 61 videos files 5781.web<BR><BR>[b]0052_voyeur_sex_candid_xxx_video_m[/b]<BR>MPEG-4 | Size: 13.1 MiB | Duration: 3mn 59s | 640x360<BR><BR>[b]~> Download video from KEEP2SHARE <~<BR>[url=http://k2s.cc/file/74e74c9d19360/0052_voyeur_sex_candid_xxx_video_m.mp4]0052_voyeur_sex_candid_xxx_video_m.mp4[/url][/b]<BR><BR>More screenshots:<BR>[URL=http://pimpandhost.com/image/55233457-medium.html][IMG]http://ist3-2.filesor.com/pimpandhost.com/1/_/_/_/1/3/J/K/K/3JKKd/0052_voyeur_sex_candid_xxx_video_m_s_0.jpg[/IMG][/URL]<BR><BR><BR>","1322","2135","3646","1317"
" Reallifecam captures pack 61 videos files 5787.web","[URL=http://pimpandhost.com/image/55233404-original.html][IMG]http://ist3-2.filesor.com/pimpandhost.com/1/_/_/_/1/3/J/K/J/3JKJm/0053_voyeur_sex_candid_xxx_video_m_s.jpg[/IMG][/URL]<BR><BR>[b]Voyeur, Candid, [/b]<BR>0053_ Reallifecam captures pack 61 videos files 5787.web<BR><BR>[b]0053_voyeur_sex_candid_xxx_video_m[/b]<BR>MPEG-4 | Size: 39.4 MiB | Duration: 9mn 59s | 640x360<BR><BR>[b]~> Download video from KEEP2SHARE <~<BR>[url=http://k2s.cc/file/3527e5e1aebcd/0053_voyeur_sex_candid_xxx_video_m.mp4]0053_voyeur_sex_candid_xxx_video_m.mp4[/url][/b]<BR><BR>More screenshots:<BR>[URL=http://pimpandhost.com/image/55233458-medium.html][IMG]http://ist3-2.filesor.com/pimpandhost.com/1/_/_/_/1/3/J/K/K/3JKKe/0053_voyeur_sex_candid_xxx_video_m_s_0.jpg[/IMG][/URL]<BR><BR><BR>","1300","1826","3621","1346"
" Reallifecam captures pack 61 videos files 5790.web","[URL=http://pimpandhost.com/image/55233406-original.html][IMG]http://ist3-1.filesor.com/pimpandhost.com/1/_/_/_/1/3/J/K/J/3JKJo/0054_voyeur_sex_candid_xxx_video_m_s.jpg[/IMG][/URL]<BR><BR>[b]Voyeur, Candid, [/b]<BR>0054_ Reallifecam captures pack 61 videos files 5790.web<BR><BR>[b]0054_voyeur_sex_candid_xxx_video_m[/b]<BR>MPEG-4 | Size: 8.33 MiB | Duration: 2mn 25s | 640x360<BR><BR>[b]~> Download video from KEEP2SHARE <~<BR>[url=http://k2s.cc/file/4f35151637253/0054_voyeur_sex_candid_xxx_video_m.mp4]0054_voyeur_sex_candid_xxx_video_m.mp4[/url][/b]<BR><BR>More screenshots:<BR>[URL=http://pimpandhost.com/image/55233460-medium.html][IMG]http://ist3-2.filesor.com/pimpandhost.com/1/_/_/_/1/3/J/K/K/3JKKg/0054_voyeur_sex_candid_xxx_video_m_s_0.jpg[/IMG][/URL]<BR><BR><BR>","1393","2075","3552","1359"
" Reallifecam captures pack 61 videos files 5829.web","[URL=http://pimpandhost.com/image/55233407-original.html][IMG]http://ist3-2.filesor.com/pimpandhost.com/1/_/_/_/1/3/J/K/J/3JKJp/0055_voyeur_sex_candid_xxx_video_m_s.jpg[/IMG][/URL]<BR><BR>[b]Voyeur, Candid, [/b]<BR>0055_ Reallifecam captures pack 61 videos files 5829.web<BR><BR>[b]0055_voyeur_sex_candid_xxx_video_m[/b]<BR>MPEG-4 | Size: 14.0 MiB | Duration: 7mn 8s | 636x360<BR><BR>[b]~> Download video from KEEP2SHARE <~<BR>[url=http://k2s.cc/file/7665f71eaecc5/0055_voyeur_sex_candid_xxx_video_m.mp4]0055_voyeur_sex_candid_xxx_video_m.mp4[/url][/b]<BR><BR>More screenshots:<BR>[URL=http://pimpandhost.com/image/55233461-medium.html][IMG]http://ist3-1.filesor.com/pimpandhost.com/1/_/_/_/1/3/J/K/K/3JKKh/0055_voyeur_sex_candid_xxx_video_m_s_0.jpg[/IMG][/URL]<BR><BR><BR>","1347","1806","3596","1384"
" Reallifecam captures pack 61 videos files 5857.web","[URL=http://pimpandhost.com/image/55233409-original.html][IMG]http://ist3-2.filesor.com/pimpandhost.com/1/_/_/_/1/3/J/K/J/3JKJr/0056_voyeur_sex_candid_xxx_video_m_s.jpg[/IMG][/URL]<BR><BR>[b]Voyeur, Candid, [/b]<BR>0056_ Reallifecam captures pack 61 videos files 5857.web<BR><BR>[b]0056_voyeur_sex_candid_xxx_video_m[/b]<BR>MPEG-4 | Size: 75.4 MiB | Duration: 22mn 53s | 640x360<BR><BR>[b]~> Download video from KEEP2SHARE <~<BR>[url=http://k2s.cc/file/3039fb613eed0/0056_voyeur_sex_candid_xxx_video_m.mp4]0056_voyeur_sex_candid_xxx_video_m.mp4[/url][/b]<BR><BR>More screenshots:<BR>[URL=http://pimpandhost.com/image/55233464-medium.html][IMG]http://ist3-2.filesor.com/pimpandhost.com/1/_/_/_/1/3/J/K/K/3JKKk/0056_voyeur_sex_candid_xxx_video_m_s_0.jpg[/IMG][/URL]<BR><BR><BR>","1372","1685","3609","1372"
" Reallifecam captures pack 61 videos files 5895.web","[URL=http://pimpandhost.com/image/55233411-original.html][IMG]http://ist3-2.filesor.com/pimpandhost.com/1/_/_/_/1/3/J/K/J/3JKJt/0057_voyeur_sex_candid_xxx_video_m_s.jpg[/IMG][/URL]<BR><BR>[b]Voyeur, Candid, [/b]<BR>0057_ Reallifecam captures pack 61 videos files 5895.web<BR><BR>[b]0057_voyeur_sex_candid_xxx_video_m[/b]<BR>MPEG-4 | Size: 22.3 MiB | Duration: 6mn 25s | 480x360<BR><BR>[b]~> Download video from KEEP2SHARE <~<BR>[url=http://k2s.cc/file/f45add2fb117d/0057_voyeur_sex_candid_xxx_video_m.mp4]0057_voyeur_sex_candid_xxx_video_m.mp4[/url][/b]<BR><BR>More screenshots:<BR>[URL=http://pimpandhost.com/image/55233465-medium.html][IMG]http://ist3-1.filesor.com/pimpandhost.com/1/_/_/_/1/3/J/K/K/3JKKl/0057_voyeur_sex_candid_xxx_video_m_s_0.jpg[/IMG][/URL]<BR><BR><BR>","1356","1899","3509","1351"
" Reallifecam captures pack 61 videos files 5920.web","[URL=http://pimpandhost.com/image/55233413-original.html][IMG]http://ist3-2.filesor.com/pimpandhost.com/1/_/_/_/1/3/J/K/J/3JKJv/0058_voyeur_sex_candid_xxx_video_m_s.jpg[/IMG][/URL]<BR><BR>[b]Voyeur, Candid, [/b]<BR>0058_ Reallifecam captures pack 61 videos files 5920.web<BR><BR>[b]0058_voyeur_sex_candid_xxx_video_m[/b]<BR>MPEG-4 | Size: 34.8 MiB | Duration: 9mn 43s | 640x360<BR><BR>[b]~> Download video from KEEP2SHARE <~<BR>[url=http://k2s.cc/file/bd0c9f61f6c13/0058_voyeur_sex_candid_xxx_video_m.mp4]0058_voyeur_sex_candid_xxx_video_m.mp4[/url][/b]<BR><BR>More screenshots:<BR>[URL=http://pimpandhost.com/image/55233467-medium.html][IMG]http://ist3-2.filesor.com/pimpandhost.com/1/_/_/_/1/3/J/K/K/3JKKn/0058_voyeur_sex_candid_xxx_video_m_s_0.jpg[/IMG][/URL]<BR><BR><BR>","1395","2392","3560","1381"
" Reallifecam captures pack 61 videos files 6005.web","[URL=http://pimpandhost.com/image/55233417-original.html][IMG]http://ist3-1.filesor.com/pimpandhost.com/1/_/_/_/1/3/J/K/J/3JKJz/0059_voyeur_sex_candid_xxx_video_m_s.jpg[/IMG][/URL]<BR><BR>[b]Voyeur, Candid, [/b]<BR>0059_ Reallifecam captures pack 61 videos files 6005.web<BR><BR>[b]0059_voyeur_sex_candid_xxx_video_m[/b]<BR>MPEG-4 | Size: 34.3 MiB | Duration: 9mn 27s | 480x360<BR><BR>[b]~> Download video from KEEP2SHARE <~<BR>[url=http://k2s.cc/file/fcabe836d64d5/0059_voyeur_sex_candid_xxx_video_m.mp4]0059_voyeur_sex_candid_xxx_video_m.mp4[/url][/b]<BR><BR>More screenshots:<BR>[URL=http://pimpandhost.com/image/55233470-medium.html][IMG]http://ist3-2.filesor.com/pimpandhost.com/1/_/_/_/1/3/J/K/K/3JKKq/0059_voyeur_sex_candid_xxx_video_m_s_0.jpg[/IMG][/URL]<BR><BR><BR>","1344","1894","3686","1366"
" Reallifecam captures pack 61 videos files 6034.web","[URL=http://pimpandhost.com/image/55233420-original.html][IMG]http://ist3-1.filesor.com/pimpandhost.com/1/_/_/_/1/3/J/K/J/3JKJC/0060_voyeur_sex_candid_xxx_video_m_s.jpg[/IMG][/URL]<BR><BR>[b]Voyeur, Candid, [/b]<BR>0060_ Reallifecam captures pack 61 videos files 6034.web<BR><BR>[b]0060_voyeur_sex_candid_xxx_video_m[/b]<BR>MPEG-4 | Size: 29.2 MiB | Duration: 7mn 11s | 640x358<BR><BR>[b]~> Download video from KEEP2SHARE <~<BR>[url=http://k2s.cc/file/8c839726ea77b/0060_voyeur_sex_candid_xxx_video_m.mp4]0060_voyeur_sex_candid_xxx_video_m.mp4[/url][/b]<BR><BR>More screenshots:<BR>[URL=http://pimpandhost.com/image/55233471-medium.html][IMG]http://ist3-2.filesor.com/pimpandhost.com/1/_/_/_/1/3/J/K/K/3JKKr/0060_voyeur_sex_candid_xxx_video_m_s_0.jpg[/IMG][/URL]<BR><BR><BR>","1314","2089","3667","1315"
" Reallifecam captures pack 61 videos files 6035.web","[URL=http://pimpandhost.com/image/55233422-original.html][IMG]http://ist3-2.filesor.com/pimpandhost.com/1/_/_/_/1/3/J/K/J/3JKJE/0061_voyeur_sex_candid_xxx_video_m_s.jpg[/IMG][/URL]<BR><BR>[b]Voyeur, Candid, [/b]<BR>0061_ Reallifecam captures pack 61 videos files 6035.web<BR><BR>[b]0061_voyeur_sex_candid_xxx_video_m[/b]<BR>MPEG-4 | Size: 25.3 MiB | Duration: 6mn 3s | 640x360<BR><BR>[b]~> Download video from KEEP2SHARE <~<BR>[url=http://k2s.cc/file/dfb8066092aed/0061_voyeur_sex_candid_xxx_video_m.mp4]0061_voyeur_sex_candid_xxx_video_m.mp4[/url][/b]<BR><BR>More screenshots:<BR>[URL=http://pimpandhost.com/image/55233476-medium.html][IMG]http://ist3-1.filesor.com/pimpandhost.com/1/_/_/_/1/3/J/K/K/3JKKw/0061_voyeur_sex_candid_xxx_video_m_s_0.jpg[/IMG][/URL]<BR><BR><BR>","1301","1894","3623","1395"
" Reallifecam captures pack 61 videos files 6057.web","[URL=http://pimpandhost.com/image/55233423-original.html][IMG]http://ist3-1.filesor.com/pimpandhost.com/1/_/_/_/1/3/J/K/J/3JKJF/0062_voyeur_sex_candid_xxx_video_m_s.jpg[/IMG][/URL]<BR><BR>[b]Voyeur, Candid, [/b]<BR>0062_ Reallifecam captures pack 61 videos files 6057.web<BR><BR>[b]0062_voyeur_sex_candid_xxx_video_m[/b]<BR>MPEG-4 | Size: 64.8 MiB | Duration: 29mn 59s | 854x478<BR><BR>[b]~> Download video from KEEP2SHARE <~<BR>[url=http://k2s.cc/file/1e6e580af7e1c/0062_voyeur_sex_candid_xxx_video_m.mp4]0062_voyeur_sex_candid_xxx_video_m.mp4[/url][/b]<BR><BR>More screenshots:<BR>[URL=http://pimpandhost.com/image/55233478-medium.html][IMG]http://ist3-2.filesor.com/pimpandhost.com/1/_/_/_/1/3/J/K/K/3JKKy/0062_voyeur_sex_candid_xxx_video_m_s_0.jpg[/IMG][/URL]<BR><BR><BR>","1307","2287","3606","1354"
" Reallifecam captures pack 61 videos files 6081.web","[URL=http://pimpandhost.com/image/55233425-original.html][IMG]http://ist3-2.filesor.com/pimpandhost.com/1/_/_/_/1/3/J/K/J/3JKJH/0063_voyeur_sex_candid_xxx_video_m_s.jpg[/IMG][/URL]<BR><BR>[b]Voyeur, Candid, [/b]<BR>0063_ Reallifecam captures pack 61 videos files 6081.web<BR><BR>[b]0063_voyeur_sex_candid_xxx_video_m[/b]<BR>MPEG-4 | Size: 34.5 MiB | Duration: 10mn 0s | 480x360<BR><BR>[b]~> Download video from KEEP2SHARE <~<BR>[url=http://k2s.cc/file/2c79d88e24845/0063_voyeur_sex_candid_xxx_video_m.mp4]0063_voyeur_sex_candid_xxx_video_m.mp4[/url][/b]<BR><BR>More screenshots:<BR>[URL=http://pimpandhost.com/image/55233479-medium.html][IMG]http://ist3-2.filesor.com/pimpandhost.com/1/_/_/_/1/3/J/K/K/3JKKz/0063_voyeur_sex_candid_xxx_video_m_s_0.jpg[/IMG][/URL]<BR><BR><BR>","1321","1508","3576","1393"
" Reallifecam captures pack 61 videos files 6096.web","[URL=http://pimpandhost.com/image/55233426-original.html][IMG]http://ist3-2.filesor.com/pimpandhost.com/1/_/_/_/1/3/J/K/J/3JKJI/0064_voyeur_sex_candid_xxx_video_m_s.jpg[/IMG][/URL]<BR><BR>[b]Voyeur, Candid, [/b]<BR>0064_ Reallifecam captures pack 61 videos files 6096.web<BR><BR>[b]0064_voyeur_sex_candid_xxx_video_m[/b]<BR>MPEG-4 | Size: 3.57 MiB | Duration: 1mn 4s | 480x360<BR><BR>[b]~> Download video from KEEP2SHARE <~<BR>[url=http://k2s.cc/file/1b53d6fc4f5c1/0064_voyeur_sex_candid_xxx_video_m.mp4]0064_voyeur_sex_candid_xxx_video_m.mp4[/url][/b]<BR><BR>More screenshots:<BR><BR><BR><BR>","1321","2337","3629","1378"
" Reallifecam captures pack 61 videos files 6098.web","[URL=http://pimpandhost.com/image/55233428-original.html][IMG]http://ist3-2.filesor.com/pimpandhost.com/1/_/_/_/1/3/J/K/J/3JKJK/0065_voyeur_sex_candid_xxx_video_m_s.jpg[/IMG][/URL]<BR><BR>[b]Voyeur, Candid, [/b]<BR>0065_ Reallifecam captures pack 61 videos files 6098.web<BR><BR>[b]0065_voyeur_sex_candid_xxx_video_m[/b]<BR>MPEG-4 | Size: 8.45 MiB | Duration: 2mn 35s | 640x360<BR><BR>[b]~> Download video from KEEP2SHARE <~<BR>[url=http://k2s.cc/file/1edaaea6eac1a/0065_voyeur_sex_candid_xxx_video_m.mp4]0065_voyeur_sex_candid_xxx_video_m.mp4[/url][/b]<BR><BR>More screenshots:<BR>[URL=http://pimpandhost.com/image/55233482-medium.html][IMG]http://ist3-2.filesor.com/pimpandhost.com/1/_/_/_/1/3/J/K/K/3JKKC/0065_voyeur_sex_candid_xxx_video_m_s_0.jpg[/IMG][/URL]<BR><BR><BR>","1337","2126","3557","1332"
" Reallifecam captures pack 61 videos files 6198.web","[URL=http://pimpandhost.com/image/55233430-original.html][IMG]http://ist3-1.filesor.com/pimpandhost.com/1/_/_/_/1/3/J/K/J/3JKJM/0066_voyeur_sex_candid_xxx_video_m_s.jpg[/IMG][/URL]<BR><BR>[b]Voyeur, Candid, [/b]<BR>0066_ Reallifecam captures pack 61 videos files 6198.web<BR><BR>[b]0066_voyeur_sex_candid_xxx_video_m[/b]<BR>MPEG-4 | Size: 43.9 MiB | Duration: 13mn 0s | 640x360<BR><BR>[b]~> Download video from KEEP2SHARE <~<BR>[url=http://k2s.cc/file/08ab896bb0227/0066_voyeur_sex_candid_xxx_video_m.mp4]0066_voyeur_sex_candid_xxx_video_m.mp4[/url][/b]<BR><BR>More screenshots:<BR>[URL=http://pimpandhost.com/image/55233483-medium.html][IMG]http://ist3-2.filesor.com/pimpandhost.com/1/_/_/_/1/3/J/K/K/3JKKD/0066_voyeur_sex_candid_xxx_video_m_s_0.jpg[/IMG][/URL]<BR><BR><BR>","1369","2030","3524","1312"
" Reallifecam captures pack 61 videos files 6852.web","[URL=http://pimpandhost.com/image/55233433-original.html][IMG]http://ist3-1.filesor.com/pimpandhost.com/1/_/_/_/1/3/J/K/J/3JKJP/0067_voyeur_sex_candid_xxx_video_m_s.jpg[/IMG][/URL]<BR><BR>[b]Voyeur, Candid, [/b]<BR>0067_ Reallifecam captures pack 61 videos files 6852.web<BR><BR>[b]0067_voyeur_sex_candid_xxx_video_m[/b]<BR>MPEG-4 | Size: 48.8 MiB | Duration: 14mn 15s | 640x360<BR><BR>[b]~> Download video from KEEP2SHARE <~<BR>[url=http://k2s.cc/file/237596d9cec16/0067_voyeur_sex_candid_xxx_video_m.mp4]0067_voyeur_sex_candid_xxx_video_m.mp4[/url][/b]<BR><BR>More screenshots:<BR>[URL=http://pimpandhost.com/image/55233484-medium.html][IMG]http://ist3-2.filesor.com/pimpandhost.com/1/_/_/_/1/3/J/K/K/3JKKE/0067_voyeur_sex_candid_xxx_video_m_s_0.jpg[/IMG][/URL]<BR><BR><BR>","1302","1543","3658","1317"
" Reallifecam captures pack 61 videos leora ","[URL=http://pimpandhost.com/image/55233436-original.html][IMG]http://ist3-1.filesor.com/pimpandhost.com/1/_/_/_/1/3/J/K/J/3JKJS/0068_voyeur_sex_candid_xxx_video_3_s.jpg[/IMG][/URL]<BR><BR>[b]Voyeur, Candid, [/b]<BR>0068_ Reallifecam captures pack 61 videos leora <BR><BR>[b]0068_voyeur_sex_candid_xxx_video_3[/b]<BR>MPEG-4 | Size: 10.8 MiB | Duration: 8mn 16s | 768x432<BR><BR>[b]~> Download video from KEEP2SHARE <~<BR>[url=http://k2s.cc/file/7ef1b61f2e145/0068_voyeur_sex_candid_xxx_video_3.mp4]0068_voyeur_sex_candid_xxx_video_3.mp4[/url][/b]<BR><BR>More screenshots:<BR>[URL=http://pimpandhost.com/image/55233487-medium.html][IMG]http://ist3-1.filesor.com/pimpandhost.com/1/_/_/_/1/3/J/K/K/3JKKH/0068_voyeur_sex_candid_xxx_video_3_s_0.jpg[/IMG][/URL]<BR><BR><BR>","1370","2061","3564","1372"
