" Chaturbate JulianJaxon Fucking 3 Girls 8 Videos julianjaxo","[URL=http://pimpandhost.com/image/55481890-original.html][IMG]http://ist3-2.filesor.com/pimpandhost.com/1/_/_/_/1/3/K/N/n/3KNnc/0001_webcam_sex_xxx_video_2_s.jpg[/IMG][/URL]<BR><BR>[b]Webcam, amateur, homemade, [/b]<BR>0001_ Chaturbate JulianJaxon Fucking 3 Girls 8 Videos julianjaxon 2016020714310<BR><BR>[b]0001_webcam_sex_xxx_video_2[/b]<BR>MPEG-4 | Size: 1.23 GiB | Duration: 2h 10mn | 704x384<BR><BR>[b]~> Download video from KEEP2SHARE <~<BR>[url=http://k2s.cc/file/290ec17a1d5b1/0001_webcam_sex_xxx_video_2.mp4.part1.rar]0001_webcam_sex_xxx_video_2.mp4.part1.rar[/url]<BR>[url=http://k2s.cc/file/d5427db4a9491/0001_webcam_sex_xxx_video_2.mp4.part2.rar]0001_webcam_sex_xxx_video_2.mp4.part2.rar[/url]<BR>[url=http://k2s.cc/file/58e5bc58bba8e/0001_webcam_sex_xxx_video_2.mp4.part3.rar]0001_webcam_sex_xxx_video_2.mp4.part3.rar[/url][/b]<BR><BR>More screenshots:<BR>[URL=http://pimpandhost.com/image/55481910-medium.html][IMG]http://ist3-2.filesor.com/pimpandhost.com/1/_/_/_/1/3/K/N/n/3KNnw/0001_webcam_sex_xxx_video_2_s_0.jpg[/IMG][/URL]<BR><BR><BR>","1334","2395","3691","1373"
" Chaturbate JulianJaxon Fucking 3 Girls 8 Videos julianjaxo","[URL=http://pimpandhost.com/image/55481893-original.html][IMG]http://ist3-1.filesor.com/pimpandhost.com/1/_/_/_/1/3/K/N/n/3KNnf/0002_webcam_sex_xxx_video_6_s.jpg[/IMG][/URL]<BR><BR>[b]Webcam, amateur, homemade, [/b]<BR>0002_ Chaturbate JulianJaxon Fucking 3 Girls 8 Videos julianjaxon 2016020717111<BR><BR>[b]0002_webcam_sex_xxx_video_6[/b]<BR>MPEG-4 | Size: 462 MiB | Duration: 55mn 8s | 704x384<BR><BR>[b]~> Download video from KEEP2SHARE <~<BR>[url=http://k2s.cc/file/1bd3bd5aa31a6/0002_webcam_sex_xxx_video_6.mp4]0002_webcam_sex_xxx_video_6.mp4[/url][/b]<BR><BR>More screenshots:<BR>[URL=http://pimpandhost.com/image/55481915-medium.html][IMG]http://ist3-2.filesor.com/pimpandhost.com/1/_/_/_/1/3/K/N/n/3KNnB/0002_webcam_sex_xxx_video_6_s_0.jpg[/IMG][/URL]<BR><BR><BR>","1350","1976","3686","1321"
" Chaturbate JulianJaxon Fucking 3 Girls 8 Videos julianjaxo","[URL=http://pimpandhost.com/image/55481895-original.html][IMG]http://ist3-1.filesor.com/pimpandhost.com/1/_/_/_/1/3/K/N/n/3KNnh/0003_webcam_sex_xxx_video_3_s.jpg[/IMG][/URL]<BR><BR>[b]Webcam, amateur, homemade, [/b]<BR>0003_ Chaturbate JulianJaxon Fucking 3 Girls 8 Videos julianjaxon 2016020821212<BR><BR>[b]0003_webcam_sex_xxx_video_3[/b]<BR>MPEG-4 | Size: 994 MiB | Duration: 1h 42mn | 704x384<BR><BR>[b]~> Download video from KEEP2SHARE <~<BR>[url=http://k2s.cc/file/3522c7e6f7836/0003_webcam_sex_xxx_video_3.mp4.part1.rar]0003_webcam_sex_xxx_video_3.mp4.part1.rar[/url]<BR>[url=http://k2s.cc/file/ee04830cfc04b/0003_webcam_sex_xxx_video_3.mp4.part2.rar]0003_webcam_sex_xxx_video_3.mp4.part2.rar[/url]<BR>[url=http://k2s.cc/file/7d721f9b1350d/0003_webcam_sex_xxx_video_3.mp4.part3.rar]0003_webcam_sex_xxx_video_3.mp4.part3.rar[/url][/b]<BR><BR>More screenshots:<BR>[URL=http://pimpandhost.com/image/55481919-medium.html][IMG]http://ist3-1.filesor.com/pimpandhost.com/1/_/_/_/1/3/K/N/n/3KNnF/0003_webcam_sex_xxx_video_3_s_0.jpg[/IMG][/URL]<BR><BR><BR>","1326","1599","3621","1333"
" Chaturbate JulianJaxon Fucking 3 Girls 8 Videos julianjaxo","[URL=http://pimpandhost.com/image/55481896-original.html][IMG]http://ist3-2.filesor.com/pimpandhost.com/1/_/_/_/1/3/K/N/n/3KNni/0004_webcam_sex_xxx_video_7_s.jpg[/IMG][/URL]<BR><BR>[b]Webcam, amateur, homemade, [/b]<BR>0004_ Chaturbate JulianJaxon Fucking 3 Girls 8 Videos julianjaxon 2016020902355<BR><BR>[b]0004_webcam_sex_xxx_video_7[/b]<BR>MPEG-4 | Size: 580 MiB | Duration: 59mn 14s | 704x384<BR><BR>[b]~> Download video from KEEP2SHARE <~<BR>[url=http://k2s.cc/file/cc51f433daedc/0004_webcam_sex_xxx_video_7.mp4.part1.rar]0004_webcam_sex_xxx_video_7.mp4.part1.rar[/url]<BR>[url=http://k2s.cc/file/ededa9d4560d0/0004_webcam_sex_xxx_video_7.mp4.part2.rar]0004_webcam_sex_xxx_video_7.mp4.part2.rar[/url][/b]<BR><BR>More screenshots:<BR>[URL=http://pimpandhost.com/image/55481923-medium.html][IMG]http://ist3-2.filesor.com/pimpandhost.com/1/_/_/_/1/3/K/N/n/3KNnJ/0004_webcam_sex_xxx_video_7_s_0.jpg[/IMG][/URL]<BR><BR><BR>","1382","1835","3596","1396"
" Chaturbate JulianJaxon Fucking 3 Girls 8 Videos julianjaxo","[URL=http://pimpandhost.com/image/55481898-original.html][IMG]http://ist3-2.filesor.com/pimpandhost.com/1/_/_/_/1/3/K/N/n/3KNnk/0005_webcam_sex_xxx_video_3_s.jpg[/IMG][/URL]<BR><BR>[b]Webcam, amateur, homemade, [/b]<BR>0005_ Chaturbate JulianJaxon Fucking 3 Girls 8 Videos julianjaxon 2016020903361<BR><BR>[b]0005_webcam_sex_xxx_video_3[/b]<BR>MPEG-4 | Size: 639 MiB | Duration: 1h 5mn | 704x384<BR><BR>[b]~> Download video from KEEP2SHARE <~<BR>[url=http://k2s.cc/file/bc0b565bb0cfd/0005_webcam_sex_xxx_video_3.mp4.part1.rar]0005_webcam_sex_xxx_video_3.mp4.part1.rar[/url]<BR>[url=http://k2s.cc/file/57966e7db91bb/0005_webcam_sex_xxx_video_3.mp4.part2.rar]0005_webcam_sex_xxx_video_3.mp4.part2.rar[/url][/b]<BR><BR>More screenshots:<BR>[URL=http://pimpandhost.com/image/55481931-medium.html][IMG]http://ist3-1.filesor.com/pimpandhost.com/1/_/_/_/1/3/K/N/n/3KNnR/0005_webcam_sex_xxx_video_3_s_0.jpg[/IMG][/URL]<BR><BR><BR>","1357","2213","3517","1308"
" Chaturbate JulianJaxon Fucking 3 Girls 8 Videos julianjaxo","[URL=http://pimpandhost.com/image/55481900-original.html][IMG]http://ist3-2.filesor.com/pimpandhost.com/1/_/_/_/1/3/K/N/n/3KNnm/0006_webcam_sex_xxx_video_4_s.jpg[/IMG][/URL]<BR><BR>[b]Webcam, amateur, homemade, [/b]<BR>0006_ Chaturbate JulianJaxon Fucking 3 Girls 8 Videos julianjaxon 2016021306390<BR><BR>[b]0006_webcam_sex_xxx_video_4[/b]<BR>MPEG-4 | Size: 338 MiB | Duration: 34mn 41s | 704x384<BR><BR>[b]~> Download video from KEEP2SHARE <~<BR>[url=http://k2s.cc/file/668d1bc746bbd/0006_webcam_sex_xxx_video_4.mp4]0006_webcam_sex_xxx_video_4.mp4[/url][/b]<BR><BR>More screenshots:<BR>[URL=http://pimpandhost.com/image/55481936-medium.html][IMG]http://ist3-1.filesor.com/pimpandhost.com/1/_/_/_/1/3/K/N/n/3KNnW/0006_webcam_sex_xxx_video_4_s_0.jpg[/IMG][/URL]<BR><BR><BR>","1316","1544","3632","1341"
" Chaturbate JulianJaxon Fucking 3 Girls 8 Videos julianjaxo","[URL=http://pimpandhost.com/image/55481903-original.html][IMG]http://ist3-1.filesor.com/pimpandhost.com/1/_/_/_/1/3/K/N/n/3KNnp/0007_webcam_sex_xxx_video_3_s.jpg[/IMG][/URL]<BR><BR>[b]Webcam, amateur, homemade, [/b]<BR>0007_ Chaturbate JulianJaxon Fucking 3 Girls 8 Videos julianjaxon 2016031704414<BR><BR>[b]0007_webcam_sex_xxx_video_3[/b]<BR>MPEG-4 | Size: 611 MiB | Duration: 1h 3mn | 704x384<BR><BR>[b]~> Download video from KEEP2SHARE <~<BR>[url=http://k2s.cc/file/eda9cae700536/0007_webcam_sex_xxx_video_3.mp4.part1.rar]0007_webcam_sex_xxx_video_3.mp4.part1.rar[/url]<BR>[url=http://k2s.cc/file/bf8d5687597af/0007_webcam_sex_xxx_video_3.mp4.part2.rar]0007_webcam_sex_xxx_video_3.mp4.part2.rar[/url][/b]<BR><BR>More screenshots:<BR>[URL=http://pimpandhost.com/image/55481941-medium.html][IMG]http://ist3-1.filesor.com/pimpandhost.com/1/_/_/_/1/3/K/N/o/3KNo1/0007_webcam_sex_xxx_video_3_s_0.jpg[/IMG][/URL]<BR><BR><BR>","1315","1549","3650","1394"
" Chaturbate JulianJaxon Fucking 3 Girls 8 Videos julianjaxo","[URL=http://pimpandhost.com/image/55481905-original.html][IMG]http://ist3-1.filesor.com/pimpandhost.com/1/_/_/_/1/3/K/N/n/3KNnr/0008_webcam_sex_xxx_video_7_s.jpg[/IMG][/URL]<BR><BR>[b]Webcam, amateur, homemade, [/b]<BR>0008_ Chaturbate JulianJaxon Fucking 3 Girls 8 Videos julianjaxon 2016032404422<BR><BR>[b]0008_webcam_sex_xxx_video_7[/b]<BR>MPEG-4 | Size: 211 MiB | Duration: 21mn 32s | 704x384<BR><BR>[b]~> Download video from KEEP2SHARE <~<BR>[url=http://k2s.cc/file/b58c07a51f0d9/0008_webcam_sex_xxx_video_7.mp4]0008_webcam_sex_xxx_video_7.mp4[/url][/b]<BR><BR>More screenshots:<BR>[URL=http://pimpandhost.com/image/55481944-medium.html][IMG]http://ist3-1.filesor.com/pimpandhost.com/1/_/_/_/1/3/K/N/o/3KNo4/0008_webcam_sex_xxx_video_7_s_0.jpg[/IMG][/URL]<BR><BR><BR>","1350","1916","3673","1385"
" Chaturbate Wannaownit Cum Loving Brunette Gets Fucked Up T","[URL=http://pimpandhost.com/image/55481908-original.html][IMG]http://ist3-2.filesor.com/pimpandhost.com/1/_/_/_/1/3/K/N/n/3KNnu/0009_webcam_sex_xxx_video_8_s.jpg[/IMG][/URL]<BR><BR>[b]Webcam, amateur, homemade, [/b]<BR>0009_ Chaturbate Wannaownit Cum Loving Brunette Gets Fucked Up The Ass Again 19 Vides wannaownit 2016042704311<BR><BR>[b]0009_webcam_sex_xxx_video_8[/b]<BR>MPEG-4 | Size: 1.33 GiB | Duration: 2h 19mn | 704x384<BR><BR>[b]~> Download video from KEEP2SHARE <~<BR>[url=http://k2s.cc/file/c90843c86c857/0009_webcam_sex_xxx_video_8.mp4.part1.rar]0009_webcam_sex_xxx_video_8.mp4.part1.rar[/url]<BR>[url=http://k2s.cc/file/6051d2233d441/0009_webcam_sex_xxx_video_8.mp4.part2.rar]0009_webcam_sex_xxx_video_8.mp4.part2.rar[/url]<BR>[url=http://k2s.cc/file/a7b6d9e1089ea/0009_webcam_sex_xxx_video_8.mp4.part3.rar]0009_webcam_sex_xxx_video_8.mp4.part3.rar[/url][/b]<BR><BR>More screenshots:<BR>[URL=http://pimpandhost.com/image/55481948-medium.html][IMG]http://ist3-1.filesor.com/pimpandhost.com/1/_/_/_/1/3/K/N/o/3KNo8/0009_webcam_sex_xxx_video_8_s_0.jpg[/IMG][/URL]<BR><BR><BR>","1346","2235","3614","1396"
" Chaturbate Wannaownit Cum Loving Brunette Gets Fucked Up T","[URL=http://pimpandhost.com/image/55481914-original.html][IMG]http://ist3-2.filesor.com/pimpandhost.com/1/_/_/_/1/3/K/N/n/3KNnA/0010_webcam_sex_xxx_video_3_s.jpg[/IMG][/URL]<BR><BR>[b]Webcam, amateur, homemade, [/b]<BR>0010_ Chaturbate Wannaownit Cum Loving Brunette Gets Fucked Up The Ass Again 19 Vides wannaownit 2016042719575<BR><BR>[b]0010_webcam_sex_xxx_video_3[/b]<BR>MPEG-4 | Size: 408 MiB | Duration: 42mn 0s | 704x384<BR><BR>[b]~> Download video from KEEP2SHARE <~<BR>[url=http://k2s.cc/file/91f3af15f9f29/0010_webcam_sex_xxx_video_3.mp4]0010_webcam_sex_xxx_video_3.mp4[/url][/b]<BR><BR>More screenshots:<BR>[URL=http://pimpandhost.com/image/55481953-medium.html][IMG]http://ist3-2.filesor.com/pimpandhost.com/1/_/_/_/1/3/K/N/o/3KNod/0010_webcam_sex_xxx_video_3_s_0.jpg[/IMG][/URL]<BR><BR><BR>","1334","1945","3535","1361"
" Chaturbate Wannaownit Cum Loving Brunette Gets Fucked Up T","[URL=http://pimpandhost.com/image/55481917-original.html][IMG]http://ist3-2.filesor.com/pimpandhost.com/1/_/_/_/1/3/K/N/n/3KNnD/0011_webcam_sex_xxx_video_7_s.jpg[/IMG][/URL]<BR><BR>[b]Webcam, amateur, homemade, [/b]<BR>0011_ Chaturbate Wannaownit Cum Loving Brunette Gets Fucked Up The Ass Again 19 Vides wannaownit 2016042804064<BR><BR>[b]0011_webcam_sex_xxx_video_7[/b]<BR>MPEG-4 | Size: 537 MiB | Duration: 54mn 47s | 704x384<BR><BR>[b]~> Download video from KEEP2SHARE <~<BR>[url=http://k2s.cc/file/ea8753bb69916/0011_webcam_sex_xxx_video_7.mp4.part1.rar]0011_webcam_sex_xxx_video_7.mp4.part1.rar[/url]<BR>[url=http://k2s.cc/file/a34e280c4bbe4/0011_webcam_sex_xxx_video_7.mp4.part2.rar]0011_webcam_sex_xxx_video_7.mp4.part2.rar[/url][/b]<BR><BR>More screenshots:<BR>[URL=http://pimpandhost.com/image/55481959-medium.html][IMG]http://ist3-2.filesor.com/pimpandhost.com/1/_/_/_/1/3/K/N/o/3KNoj/0011_webcam_sex_xxx_video_7_s_0.jpg[/IMG][/URL]<BR><BR><BR>","1361","2202","3690","1342"
" Chaturbate Wannaownit Cum Loving Brunette Gets Fucked Up T","[URL=http://pimpandhost.com/image/55481918-original.html][IMG]http://ist3-1.filesor.com/pimpandhost.com/1/_/_/_/1/3/K/N/n/3KNnE/0012_webcam_sex_xxx_video_5_s.jpg[/IMG][/URL]<BR><BR>[b]Webcam, amateur, homemade, [/b]<BR>0012_ Chaturbate Wannaownit Cum Loving Brunette Gets Fucked Up The Ass Again 19 Vides wannaownit 2016042918345<BR><BR>[b]0012_webcam_sex_xxx_video_5[/b]<BR>MPEG-4 | Size: 1.39 GiB | Duration: 2h 26mn | 704x384<BR><BR>[b]~> Download video from KEEP2SHARE <~<BR>[url=http://k2s.cc/file/3efd7e1957888/0012_webcam_sex_xxx_video_5.mp4.part1.rar]0012_webcam_sex_xxx_video_5.mp4.part1.rar[/url]<BR>[url=http://k2s.cc/file/6f8c141e41d34/0012_webcam_sex_xxx_video_5.mp4.part2.rar]0012_webcam_sex_xxx_video_5.mp4.part2.rar[/url]<BR>[url=http://k2s.cc/file/185ef8b38b3ae/0012_webcam_sex_xxx_video_5.mp4.part3.rar]0012_webcam_sex_xxx_video_5.mp4.part3.rar[/url]<BR>[url=http://k2s.cc/file/845edbcf80597/0012_webcam_sex_xxx_video_5.mp4.part4.rar]0012_webcam_sex_xxx_video_5.mp4.part4.rar[/url][/b]<BR><BR>More screenshots:<BR>[URL=http://pimpandhost.com/image/55481962-medium.html][IMG]http://ist3-1.filesor.com/pimpandhost.com/1/_/_/_/1/3/K/N/o/3KNom/0012_webcam_sex_xxx_video_5_s_0.jpg[/IMG][/URL]<BR><BR><BR>","1315","1884","3576","1373"
" Chaturbate Wannaownit Cum Loving Brunette Gets Fucked Up T","[URL=http://pimpandhost.com/image/55481922-original.html][IMG]http://ist3-1.filesor.com/pimpandhost.com/1/_/_/_/1/3/K/N/n/3KNnI/0013_webcam_sex_xxx_video_1_s.jpg[/IMG][/URL]<BR><BR>[b]Webcam, amateur, homemade, [/b]<BR>0013_ Chaturbate Wannaownit Cum Loving Brunette Gets Fucked Up The Ass Again 19 Vides wannaownit 2016043004340<BR><BR>[b]0013_webcam_sex_xxx_video_1[/b]<BR>MPEG-4 | Size: 204 MiB | Duration: 20mn 48s | 704x384<BR><BR>[b]~> Download video from KEEP2SHARE <~<BR>[url=http://k2s.cc/file/3df0a97661f82/0013_webcam_sex_xxx_video_1.mp4]0013_webcam_sex_xxx_video_1.mp4[/url][/b]<BR><BR>More screenshots:<BR>[URL=http://pimpandhost.com/image/55481968-medium.html][IMG]http://ist3-1.filesor.com/pimpandhost.com/1/_/_/_/1/3/K/N/o/3KNos/0013_webcam_sex_xxx_video_1_s_0.jpg[/IMG][/URL]<BR><BR><BR>","1322","1920","3663","1338"
" Chaturbate Wannaownit Cum Loving Brunette Gets Fucked Up T","[URL=http://pimpandhost.com/image/55481925-original.html][IMG]http://ist3-1.filesor.com/pimpandhost.com/1/_/_/_/1/3/K/N/n/3KNnL/0014_webcam_sex_xxx_video_3_s.jpg[/IMG][/URL]<BR><BR>[b]Webcam, amateur, homemade, [/b]<BR>0014_ Chaturbate Wannaownit Cum Loving Brunette Gets Fucked Up The Ass Again 19 Vides wannaownit 2016043004555<BR><BR>[b]0014_webcam_sex_xxx_video_3[/b]<BR>MPEG-4 | Size: 254 MiB | Duration: 26mn 16s | 704x384<BR><BR>[b]~> Download video from KEEP2SHARE <~<BR>[url=http://k2s.cc/file/d995a3aeec841/0014_webcam_sex_xxx_video_3.mp4]0014_webcam_sex_xxx_video_3.mp4[/url][/b]<BR><BR>More screenshots:<BR>[URL=http://pimpandhost.com/image/55481978-medium.html][IMG]http://ist3-1.filesor.com/pimpandhost.com/1/_/_/_/1/3/K/N/o/3KNoC/0014_webcam_sex_xxx_video_3_s_0.jpg[/IMG][/URL]<BR><BR><BR>","1352","1925","3659","1367"
" Chaturbate Wannaownit Cum Loving Brunette Gets Fucked Up T","[URL=http://pimpandhost.com/image/55481926-original.html][IMG]http://ist3-1.filesor.com/pimpandhost.com/1/_/_/_/1/3/K/N/n/3KNnM/0015_webcam_sex_xxx_video_5_s.jpg[/IMG][/URL]<BR><BR>[b]Webcam, amateur, homemade, [/b]<BR>0015_ Chaturbate Wannaownit Cum Loving Brunette Gets Fucked Up The Ass Again 19 Vides wannaownit 2016043005275<BR><BR>[b]0015_webcam_sex_xxx_video_5[/b]<BR>MPEG-4 | Size: 598 MiB | Duration: 1h 0mn | 704x384<BR><BR>[b]~> Download video from KEEP2SHARE <~<BR>[url=http://k2s.cc/file/38738be526f02/0015_webcam_sex_xxx_video_5.mp4.part1.rar]0015_webcam_sex_xxx_video_5.mp4.part1.rar[/url]<BR>[url=http://k2s.cc/file/714e05f5e3701/0015_webcam_sex_xxx_video_5.mp4.part2.rar]0015_webcam_sex_xxx_video_5.mp4.part2.rar[/url][/b]<BR><BR>More screenshots:<BR>[URL=http://pimpandhost.com/image/55481985-medium.html][IMG]http://ist3-1.filesor.com/pimpandhost.com/1/_/_/_/1/3/K/N/o/3KNoJ/0015_webcam_sex_xxx_video_5_s_0.jpg[/IMG][/URL]<BR><BR><BR>","1353","1987","3622","1302"
" Chaturbate Wannaownit Cum Loving Brunette Gets Fucked Up T","[URL=http://pimpandhost.com/image/55481934-original.html][IMG]http://ist3-2.filesor.com/pimpandhost.com/1/_/_/_/1/3/K/N/n/3KNnU/0016_webcam_sex_xxx_video_4_s.jpg[/IMG][/URL]<BR><BR>[b]Webcam, amateur, homemade, [/b]<BR>0016_ Chaturbate Wannaownit Cum Loving Brunette Gets Fucked Up The Ass Again 19 Vides wannaownit 2016050104015<BR><BR>[b]0016_webcam_sex_xxx_video_4[/b]<BR>MPEG-4 | Size: 1.04 GiB | Duration: 1h 49mn | 704x384<BR><BR>[b]~> Download video from KEEP2SHARE <~<BR>[url=http://k2s.cc/file/49f0f0c7cd188/0016_webcam_sex_xxx_video_4.mp4.part1.rar]0016_webcam_sex_xxx_video_4.mp4.part1.rar[/url]<BR>[url=http://k2s.cc/file/98408af8562bd/0016_webcam_sex_xxx_video_4.mp4.part2.rar]0016_webcam_sex_xxx_video_4.mp4.part2.rar[/url]<BR>[url=http://k2s.cc/file/33606cc8d51c6/0016_webcam_sex_xxx_video_4.mp4.part3.rar]0016_webcam_sex_xxx_video_4.mp4.part3.rar[/url][/b]<BR><BR>More screenshots:<BR>[URL=http://pimpandhost.com/image/55481998-medium.html][IMG]http://ist3-2.filesor.com/pimpandhost.com/1/_/_/_/1/3/K/N/o/3KNoW/0016_webcam_sex_xxx_video_4_s_0.jpg[/IMG][/URL]<BR><BR><BR>","1300","1924","3674","1346"
" Chaturbate Wannaownit Cum Loving Brunette Gets Fucked Up T","[URL=http://pimpandhost.com/image/55481938-original.html][IMG]http://ist3-1.filesor.com/pimpandhost.com/1/_/_/_/1/3/K/N/n/3KNnY/0017_webcam_sex_xxx_video_7_s.jpg[/IMG][/URL]<BR><BR>[b]Webcam, amateur, homemade, [/b]<BR>0017_ Chaturbate Wannaownit Cum Loving Brunette Gets Fucked Up The Ass Again 19 Vides wannaownit 2016050203575<BR><BR>[b]0017_webcam_sex_xxx_video_7[/b]<BR>MPEG-4 | Size: 1.48 GiB | Duration: 2h 35mn | 704x384<BR><BR>[b]~> Download video from KEEP2SHARE <~<BR>[url=http://k2s.cc/file/8d4075ea86a37/0017_webcam_sex_xxx_video_7.mp4.part1.rar]0017_webcam_sex_xxx_video_7.mp4.part1.rar[/url]<BR>[url=http://k2s.cc/file/024f84a65c7e7/0017_webcam_sex_xxx_video_7.mp4.part2.rar]0017_webcam_sex_xxx_video_7.mp4.part2.rar[/url]<BR>[url=http://k2s.cc/file/f29098c2e7609/0017_webcam_sex_xxx_video_7.mp4.part3.rar]0017_webcam_sex_xxx_video_7.mp4.part3.rar[/url]<BR>[url=http://k2s.cc/file/47e674a0bc0da/0017_webcam_sex_xxx_video_7.mp4.part4.rar]0017_webcam_sex_xxx_video_7.mp4.part4.rar[/url][/b]<BR><BR>More screenshots:<BR><BR><BR><BR>","1329","1894","3584","1363"
" Chaturbate Wannaownit Cum Loving Brunette Gets Fucked Up T","[URL=http://pimpandhost.com/image/55481942-original.html][IMG]http://ist3-1.filesor.com/pimpandhost.com/1/_/_/_/1/3/K/N/o/3KNo2/0018_webcam_sex_xxx_video_4_s.jpg[/IMG][/URL]<BR><BR>[b]Webcam, amateur, homemade, [/b]<BR>0018_ Chaturbate Wannaownit Cum Loving Brunette Gets Fucked Up The Ass Again 19 Vides wannaownit 2016050404560<BR><BR>[b]0018_webcam_sex_xxx_video_4[/b]<BR>MPEG-4 | Size: 747 MiB | Duration: 1h 22mn | 704x384<BR><BR>[b]~> Download video from KEEP2SHARE <~<BR>[url=http://k2s.cc/file/8ee2a832c84ad/0018_webcam_sex_xxx_video_4.mp4.part1.rar]0018_webcam_sex_xxx_video_4.mp4.part1.rar[/url]<BR>[url=http://k2s.cc/file/32edebf27b709/0018_webcam_sex_xxx_video_4.mp4.part2.rar]0018_webcam_sex_xxx_video_4.mp4.part2.rar[/url][/b]<BR><BR>More screenshots:<BR>[URL=http://pimpandhost.com/image/55482047-medium.html][IMG]http://ist3-1.filesor.com/pimpandhost.com/1/_/_/_/1/3/K/N/p/3KNpJ/0018_webcam_sex_xxx_video_4_s_0.jpg[/IMG][/URL]<BR><BR><BR>","1394","2037","3549","1354"
" Chaturbate Wannaownit Cum Loving Brunette Gets Fucked Up T","[URL=http://pimpandhost.com/image/55481943-original.html][IMG]http://ist3-1.filesor.com/pimpandhost.com/1/_/_/_/1/3/K/N/o/3KNo3/0019_webcam_sex_xxx_video_0_s.jpg[/IMG][/URL]<BR><BR>[b]Webcam, amateur, homemade, [/b]<BR>0019_ Chaturbate Wannaownit Cum Loving Brunette Gets Fucked Up The Ass Again 19 Vides wannaownit 2016051019020<BR><BR>[b]0019_webcam_sex_xxx_video_0[/b]<BR>MPEG-4 | Size: 437 MiB | Duration: 44mn 55s | 704x384<BR><BR>[b]~> Download video from KEEP2SHARE <~<BR>[url=http://k2s.cc/file/d702b53930db7/0019_webcam_sex_xxx_video_0.mp4]0019_webcam_sex_xxx_video_0.mp4[/url][/b]<BR><BR>More screenshots:<BR>[URL=http://pimpandhost.com/image/55482055-medium.html][IMG]http://ist3-1.filesor.com/pimpandhost.com/1/_/_/_/1/3/K/N/p/3KNpR/0019_webcam_sex_xxx_video_0_s_0.jpg[/IMG][/URL]<BR><BR><BR>","1338","1672","3692","1353"
" Chaturbate Wannaownit Cum Loving Brunette Gets Fucked Up T","[URL=http://pimpandhost.com/image/55481945-original.html][IMG]http://ist3-2.filesor.com/pimpandhost.com/1/_/_/_/1/3/K/N/o/3KNo5/0020_webcam_sex_xxx_video_2_s.jpg[/IMG][/URL]<BR><BR>[b]Webcam, amateur, homemade, [/b]<BR>0020_ Chaturbate Wannaownit Cum Loving Brunette Gets Fucked Up The Ass Again 19 Vides wannaownit 2016051019500<BR><BR>[b]0020_webcam_sex_xxx_video_2[/b]<BR>MPEG-4 | Size: 121 MiB | Duration: 12mn 55s | 704x384<BR><BR>[b]~> Download video from KEEP2SHARE <~<BR>[url=http://k2s.cc/file/9fdd8958f9500/0020_webcam_sex_xxx_video_2.mp4]0020_webcam_sex_xxx_video_2.mp4[/url][/b]<BR><BR>More screenshots:<BR>[URL=http://pimpandhost.com/image/55482062-medium.html][IMG]http://ist3-1.filesor.com/pimpandhost.com/1/_/_/_/1/3/K/N/p/3KNpY/0020_webcam_sex_xxx_video_2_s_0.jpg[/IMG][/URL]<BR><BR><BR>","1362","1804","3550","1384"
" Chaturbate Wannaownit Cum Loving Brunette Gets Fucked Up T","[URL=http://pimpandhost.com/image/55481946-original.html][IMG]http://ist3-2.filesor.com/pimpandhost.com/1/_/_/_/1/3/K/N/o/3KNo6/0021_webcam_sex_xxx_video_9_s.jpg[/IMG][/URL]<BR><BR>[b]Webcam, amateur, homemade, [/b]<BR>0021_ Chaturbate Wannaownit Cum Loving Brunette Gets Fucked Up The Ass Again 19 Vides wannaownit 2016051217115<BR><BR>[b]0021_webcam_sex_xxx_video_9[/b]<BR>MPEG-4 | Size: 311 MiB | Duration: 36mn 10s | 704x384<BR><BR>[b]~> Download video from KEEP2SHARE <~<BR>[url=http://k2s.cc/file/8a7b23a0dfb95/0021_webcam_sex_xxx_video_9.mp4]0021_webcam_sex_xxx_video_9.mp4[/url][/b]<BR><BR>More screenshots:<BR>[URL=http://pimpandhost.com/image/55482071-medium.html][IMG]http://ist3-1.filesor.com/pimpandhost.com/1/_/_/_/1/3/K/N/q/3KNq7/0021_webcam_sex_xxx_video_9_s_0.jpg[/IMG][/URL]<BR><BR><BR>","1381","1555","3544","1332"
" Chaturbate Wannaownit Cum Loving Brunette Gets Fucked Up T","[URL=http://pimpandhost.com/image/55481950-original.html][IMG]http://ist3-2.filesor.com/pimpandhost.com/1/_/_/_/1/3/K/N/o/3KNoa/0022_webcam_sex_xxx_video_4_s.jpg[/IMG][/URL]<BR><BR>[b]Webcam, amateur, homemade, [/b]<BR>0022_ Chaturbate Wannaownit Cum Loving Brunette Gets Fucked Up The Ass Again 19 Vides wannaownit 2016051218055<BR><BR>[b]0022_webcam_sex_xxx_video_4[/b]<BR>MPEG-4 | Size: 98.3 MiB | Duration: 10mn 54s | 704x384<BR><BR>[b]~> Download video from KEEP2SHARE <~<BR>[url=http://k2s.cc/file/82f3a2192c5aa/0022_webcam_sex_xxx_video_4.mp4]0022_webcam_sex_xxx_video_4.mp4[/url][/b]<BR><BR>More screenshots:<BR>[URL=http://pimpandhost.com/image/55482082-medium.html][IMG]http://ist3-2.filesor.com/pimpandhost.com/1/_/_/_/1/3/K/N/q/3KNqi/0022_webcam_sex_xxx_video_4_s_0.jpg[/IMG][/URL]<BR><BR><BR>","1353","1516","3699","1306"
" Chaturbate Wannaownit Cum Loving Brunette Gets Fucked Up T","[URL=http://pimpandhost.com/image/55481952-original.html][IMG]http://ist3-1.filesor.com/pimpandhost.com/1/_/_/_/1/3/K/N/o/3KNoc/0023_webcam_sex_xxx_video_9_s.jpg[/IMG][/URL]<BR><BR>[b]Webcam, amateur, homemade, [/b]<BR>0023_ Chaturbate Wannaownit Cum Loving Brunette Gets Fucked Up The Ass Again 19 Vides wannaownit 2016051505345<BR><BR>[b]0023_webcam_sex_xxx_video_9[/b]<BR>MPEG-4 | Size: 1.08 GiB | Duration: 1h 53mn | 704x384<BR><BR>[b]~> Download video from KEEP2SHARE <~<BR>[url=http://k2s.cc/file/a609d61e14c9f/0023_webcam_sex_xxx_video_9.mp4.part1.rar]0023_webcam_sex_xxx_video_9.mp4.part1.rar[/url]<BR>[url=http://k2s.cc/file/7474f6d59f7bd/0023_webcam_sex_xxx_video_9.mp4.part2.rar]0023_webcam_sex_xxx_video_9.mp4.part2.rar[/url]<BR>[url=http://k2s.cc/file/897623d8f3dfd/0023_webcam_sex_xxx_video_9.mp4.part3.rar]0023_webcam_sex_xxx_video_9.mp4.part3.rar[/url][/b]<BR><BR>More screenshots:<BR><BR><BR><BR>","1356","2040","3517","1356"
" Chaturbate Wannaownit Cum Loving Brunette Gets Fucked Up T","[URL=http://pimpandhost.com/image/55481954-original.html][IMG]http://ist3-1.filesor.com/pimpandhost.com/1/_/_/_/1/3/K/N/o/3KNoe/0024_webcam_sex_xxx_video_8_s.jpg[/IMG][/URL]<BR><BR>[b]Webcam, amateur, homemade, [/b]<BR>0024_ Chaturbate Wannaownit Cum Loving Brunette Gets Fucked Up The Ass Again 19 Vides wannaownit 2016051618445<BR><BR>[b]0024_webcam_sex_xxx_video_8[/b]<BR>MPEG-4 | Size: 297 MiB | Duration: 32mn 23s | 704x384<BR><BR>[b]~> Download video from KEEP2SHARE <~<BR>[url=http://k2s.cc/file/380fb7888bbbb/0024_webcam_sex_xxx_video_8.mp4]0024_webcam_sex_xxx_video_8.mp4[/url][/b]<BR><BR>More screenshots:<BR>[URL=http://pimpandhost.com/image/55482119-medium.html][IMG]http://ist3-1.filesor.com/pimpandhost.com/1/_/_/_/1/3/K/N/q/3KNqT/0024_webcam_sex_xxx_video_8_s_0.jpg[/IMG][/URL]<BR><BR><BR>","1307","2364","3504","1336"
" Chaturbate Wannaownit Cum Loving Brunette Gets Fucked Up T","[URL=http://pimpandhost.com/image/55481956-original.html][IMG]http://ist3-1.filesor.com/pimpandhost.com/1/_/_/_/1/3/K/N/o/3KNog/0025_webcam_sex_xxx_video_9_s.jpg[/IMG][/URL]<BR><BR>[b]Webcam, amateur, homemade, [/b]<BR>0025_ Chaturbate Wannaownit Cum Loving Brunette Gets Fucked Up The Ass Again 19 Vides wannaownit 2016051619210<BR><BR>[b]0025_webcam_sex_xxx_video_9[/b]<BR>MPEG-4 | Size: 229 MiB | Duration: 23mn 20s | 704x384<BR><BR>[b]~> Download video from KEEP2SHARE <~<BR>[url=http://k2s.cc/file/719207bf34b7d/0025_webcam_sex_xxx_video_9.mp4]0025_webcam_sex_xxx_video_9.mp4[/url][/b]<BR><BR>More screenshots:<BR>[URL=http://pimpandhost.com/image/55482133-medium.html][IMG]http://ist3-2.filesor.com/pimpandhost.com/1/_/_/_/1/3/K/N/r/3KNr7/0025_webcam_sex_xxx_video_9_s_0.jpg[/IMG][/URL]<BR><BR><BR>","1340","1900","3699","1333"
" Chaturbate Wannaownit Cum Loving Brunette Gets Fucked Up T","[URL=http://pimpandhost.com/image/55481960-original.html][IMG]http://ist3-1.filesor.com/pimpandhost.com/1/_/_/_/1/3/K/N/o/3KNok/0026_webcam_sex_xxx_video_5_s.jpg[/IMG][/URL]<BR><BR>[b]Webcam, amateur, homemade, [/b]<BR>0026_ Chaturbate Wannaownit Cum Loving Brunette Gets Fucked Up The Ass Again 19 Vides wannaownit 2016051619470<BR><BR>[b]0026_webcam_sex_xxx_video_5[/b]<BR>MPEG-4 | Size: 392 MiB | Duration: 45mn 20s | 704x384<BR><BR>[b]~> Download video from KEEP2SHARE <~<BR>[url=http://k2s.cc/file/8e4e32ebaf195/0026_webcam_sex_xxx_video_5.mp4]0026_webcam_sex_xxx_video_5.mp4[/url][/b]<BR><BR>More screenshots:<BR>[URL=http://pimpandhost.com/image/55482150-medium.html][IMG]http://ist3-1.filesor.com/pimpandhost.com/1/_/_/_/1/3/K/N/r/3KNro/0026_webcam_sex_xxx_video_5_s_0.jpg[/IMG][/URL]<BR><BR><BR>","1304","1712","3674","1342"
" Chaturbate Wannaownit Cum Loving Brunette Gets Fucked Up T","[URL=http://pimpandhost.com/image/55481963-original.html][IMG]http://ist3-1.filesor.com/pimpandhost.com/1/_/_/_/1/3/K/N/o/3KNon/0027_webcam_sex_xxx_video_5_s.jpg[/IMG][/URL]<BR><BR>[b]Webcam, amateur, homemade, [/b]<BR>0027_ Chaturbate Wannaownit Cum Loving Brunette Gets Fucked Up The Ass Again 19 Vides wannaownit 2016051704320<BR><BR>[b]0027_webcam_sex_xxx_video_5[/b]<BR>MPEG-4 | Size: 1.48 GiB | Duration: 2h 35mn | 704x384<BR><BR>[b]~> Download video from KEEP2SHARE <~<BR>[url=http://k2s.cc/file/2a23312f29180/0027_webcam_sex_xxx_video_5.mp4.part1.rar]0027_webcam_sex_xxx_video_5.mp4.part1.rar[/url]<BR>[url=http://k2s.cc/file/e5b6ec0314fd4/0027_webcam_sex_xxx_video_5.mp4.part2.rar]0027_webcam_sex_xxx_video_5.mp4.part2.rar[/url]<BR>[url=http://k2s.cc/file/6d2364352ef6f/0027_webcam_sex_xxx_video_5.mp4.part3.rar]0027_webcam_sex_xxx_video_5.mp4.part3.rar[/url]<BR>[url=http://k2s.cc/file/412d36011253c/0027_webcam_sex_xxx_video_5.mp4.part4.rar]0027_webcam_sex_xxx_video_5.mp4.part4.rar[/url][/b]<BR><BR>More screenshots:<BR>[URL=http://pimpandhost.com/image/55482165-medium.html][IMG]http://ist3-2.filesor.com/pimpandhost.com/1/_/_/_/1/3/K/N/r/3KNrD/0027_webcam_sex_xxx_video_5_s_0.jpg[/IMG][/URL]<BR><BR><BR>","1343","2243","3690","1304"
" Chaturbate artmaya Cam Shows May 9, 14, 18 2016 artmaya 09","[URL=http://pimpandhost.com/image/55481966-original.html][IMG]http://ist3-2.filesor.com/pimpandhost.com/1/_/_/_/1/3/K/N/o/3KNoq/0028_webcam_sex_xxx_video_6_s.jpg[/IMG][/URL]<BR><BR>[b]Webcam, amateur, homemade, [/b]<BR>0028_ Chaturbate artmaya Cam Shows May 9, 14, 18 2016 artmaya 09 05 201<BR><BR>[b]0028_webcam_sex_xxx_video_6[/b]<BR>MPEG-4 | Size: 2.88 GiB | Duration: 5h 41mn | 800x600<BR><BR>[b]~> Download video from KEEP2SHARE <~<BR>[url=http://k2s.cc/file/49aeabf2e153c/0028_webcam_sex_xxx_video_6.mp4.part1.rar]0028_webcam_sex_xxx_video_6.mp4.part1.rar[/url]<BR>[url=http://k2s.cc/file/3f57d5179a3a3/0028_webcam_sex_xxx_video_6.mp4.part2.rar]0028_webcam_sex_xxx_video_6.mp4.part2.rar[/url]<BR>[url=http://k2s.cc/file/0d8deb56b2c6a/0028_webcam_sex_xxx_video_6.mp4.part3.rar]0028_webcam_sex_xxx_video_6.mp4.part3.rar[/url]<BR>[url=http://k2s.cc/file/e955cd2285dd4/0028_webcam_sex_xxx_video_6.mp4.part4.rar]0028_webcam_sex_xxx_video_6.mp4.part4.rar[/url]<BR>[url=http://k2s.cc/file/5a4317163619c/0028_webcam_sex_xxx_video_6.mp4.part5.rar]0028_webcam_sex_xxx_video_6.mp4.part5.rar[/url]<BR>[url=http://k2s.cc/file/4823fe0b0db06/0028_webcam_sex_xxx_video_6.mp4.part6.rar]0028_webcam_sex_xxx_video_6.mp4.part6.rar[/url]<BR>[url=http://k2s.cc/file/ff3dafbcacc0d/0028_webcam_sex_xxx_video_6.mp4.part7.rar]0028_webcam_sex_xxx_video_6.mp4.part7.rar[/url][/b]<BR><BR>More screenshots:<BR><BR><BR><BR>","1316","1676","3677","1397"
" Chaturbate artmaya Cam Shows May 9, 14, 18 2016 artmaya 14","[URL=http://pimpandhost.com/image/55481973-original.html][IMG]http://ist3-2.filesor.com/pimpandhost.com/1/_/_/_/1/3/K/N/o/3KNox/0029_webcam_sex_xxx_video_6_s.jpg[/IMG][/URL]<BR><BR>[b]Webcam, amateur, homemade, [/b]<BR>0029_ Chaturbate artmaya Cam Shows May 9, 14, 18 2016 artmaya 14 05 201<BR><BR>[b]0029_webcam_sex_xxx_video_6[/b]<BR>MPEG-TS | Size: 2.31 GiB | Duration: 4h 33mn | 800x600<BR><BR>[b]~> Download video from KEEP2SHARE <~<BR>[url=http://k2s.cc/file/2761ab21badd7/0029_webcam_sex_xxx_video_6.mp4.part1.rar]0029_webcam_sex_xxx_video_6.mp4.part1.rar[/url]<BR>[url=http://k2s.cc/file/fd7fb90075780/0029_webcam_sex_xxx_video_6.mp4.part2.rar]0029_webcam_sex_xxx_video_6.mp4.part2.rar[/url]<BR>[url=http://k2s.cc/file/075df1f17d904/0029_webcam_sex_xxx_video_6.mp4.part3.rar]0029_webcam_sex_xxx_video_6.mp4.part3.rar[/url]<BR>[url=http://k2s.cc/file/447249540c466/0029_webcam_sex_xxx_video_6.mp4.part4.rar]0029_webcam_sex_xxx_video_6.mp4.part4.rar[/url]<BR>[url=http://k2s.cc/file/430bab675903e/0029_webcam_sex_xxx_video_6.mp4.part5.rar]0029_webcam_sex_xxx_video_6.mp4.part5.rar[/url]<BR>[url=http://k2s.cc/file/c52eb0fb0299a/0029_webcam_sex_xxx_video_6.mp4.part6.rar]0029_webcam_sex_xxx_video_6.mp4.part6.rar[/url][/b]<BR><BR>More screenshots:<BR><BR><BR><BR>","1326","1596","3558","1379"
" Chaturbate artmaya Cam Shows May 9, 14, 18 2016 artmaya 18","[URL=http://pimpandhost.com/image/55481977-original.html][IMG]http://ist3-1.filesor.com/pimpandhost.com/1/_/_/_/1/3/K/N/o/3KNoB/0030_webcam_sex_xxx_video_6_s.jpg[/IMG][/URL]<BR><BR>[b]Webcam, amateur, homemade, [/b]<BR>0030_ Chaturbate artmaya Cam Shows May 9, 14, 18 2016 artmaya 18 05 201<BR><BR>[b]0030_webcam_sex_xxx_video_6[/b]<BR>MPEG-4 | Size: 2.26 GiB | Duration: 5h 29mn | 800x600<BR><BR>[b]~> Download video from KEEP2SHARE <~<BR>[url=http://k2s.cc/file/5e95c27dab3bc/0030_webcam_sex_xxx_video_6.mp4.part1.rar]0030_webcam_sex_xxx_video_6.mp4.part1.rar[/url]<BR>[url=http://k2s.cc/file/1f8ec5e831cf0/0030_webcam_sex_xxx_video_6.mp4.part2.rar]0030_webcam_sex_xxx_video_6.mp4.part2.rar[/url]<BR>[url=http://k2s.cc/file/85d0ace976531/0030_webcam_sex_xxx_video_6.mp4.part3.rar]0030_webcam_sex_xxx_video_6.mp4.part3.rar[/url]<BR>[url=http://k2s.cc/file/d9b391c741408/0030_webcam_sex_xxx_video_6.mp4.part4.rar]0030_webcam_sex_xxx_video_6.mp4.part4.rar[/url]<BR>[url=http://k2s.cc/file/32787d629c9ba/0030_webcam_sex_xxx_video_6.mp4.part5.rar]0030_webcam_sex_xxx_video_6.mp4.part5.rar[/url][/b]<BR><BR>More screenshots:<BR>[URL=http://pimpandhost.com/image/55482219-medium.html][IMG]http://ist3-1.filesor.com/pimpandhost.com/1/_/_/_/1/3/K/N/s/3KNsv/0030_webcam_sex_xxx_video_6_s_0.jpg[/IMG][/URL]<BR><BR><BR>","1312","1753","3671","1369"
" Chaturbate ceceseptember Cam Shows May 3, 9, 11, 12, 15, 1","[URL=http://pimpandhost.com/image/55481981-original.html][IMG]http://ist3-1.filesor.com/pimpandhost.com/1/_/_/_/1/3/K/N/o/3KNoF/0031_webcam_sex_xxx_video_6_s.jpg[/IMG][/URL]<BR><BR>[b]Webcam, amateur, homemade, [/b]<BR>0031_ Chaturbate ceceseptember Cam Shows May 3, 9, 11, 12, 15, 16, 17, 18, 20 2016 ceceseptember 03 05 201<BR><BR>[b]0031_webcam_sex_xxx_video_6[/b]<BR>MPEG-TS | Size: 557 MiB | Duration: 1h 39mn | 640x480<BR><BR>[b]~> Download video from KEEP2SHARE <~<BR>[url=http://k2s.cc/file/4a7d6ab777f56/0031_webcam_sex_xxx_video_6.mp4.part1.rar]0031_webcam_sex_xxx_video_6.mp4.part1.rar[/url]<BR>[url=http://k2s.cc/file/67713ad6a336d/0031_webcam_sex_xxx_video_6.mp4.part2.rar]0031_webcam_sex_xxx_video_6.mp4.part2.rar[/url][/b]<BR><BR>More screenshots:<BR>[URL=http://pimpandhost.com/image/55482247-medium.html][IMG]http://ist3-1.filesor.com/pimpandhost.com/1/_/_/_/1/3/K/N/s/3KNsX/0031_webcam_sex_xxx_video_6_s_0.jpg[/IMG][/URL]<BR><BR><BR>","1388","2348","3549","1396"
" Chaturbate ceceseptember Cam Shows May 3, 9, 11, 12, 15, 1","[URL=http://pimpandhost.com/image/55481988-original.html][IMG]http://ist3-2.filesor.com/pimpandhost.com/1/_/_/_/1/3/K/N/o/3KNoM/0032_webcam_sex_xxx_video_6_s.jpg[/IMG][/URL]<BR><BR>[b]Webcam, amateur, homemade, [/b]<BR>0032_ Chaturbate ceceseptember Cam Shows May 3, 9, 11, 12, 15, 16, 17, 18, 20 2016 ceceseptember 09 05 201<BR><BR>[b]0032_webcam_sex_xxx_video_6[/b]<BR>MPEG-4 | Size: 632 MiB | Duration: 1h 59mn | 640x480<BR><BR>[b]~> Download video from KEEP2SHARE <~<BR>[url=http://k2s.cc/file/00c7370b43267/0032_webcam_sex_xxx_video_6.mp4.part1.rar]0032_webcam_sex_xxx_video_6.mp4.part1.rar[/url]<BR>[url=http://k2s.cc/file/9864c18a913bd/0032_webcam_sex_xxx_video_6.mp4.part2.rar]0032_webcam_sex_xxx_video_6.mp4.part2.rar[/url][/b]<BR><BR>More screenshots:<BR>[URL=http://pimpandhost.com/image/55482259-medium.html][IMG]http://ist3-2.filesor.com/pimpandhost.com/1/_/_/_/1/3/K/N/t/3KNt9/0032_webcam_sex_xxx_video_6_s_0.jpg[/IMG][/URL]<BR><BR><BR>","1391","1746","3562","1330"
" Chaturbate ceceseptember Cam Shows May 3, 9, 11, 12, 15, 1","[URL=http://pimpandhost.com/image/55481993-original.html][IMG]http://ist3-2.filesor.com/pimpandhost.com/1/_/_/_/1/3/K/N/o/3KNoR/0033_webcam_sex_xxx_video_6_s.jpg[/IMG][/URL]<BR><BR>[b]Webcam, amateur, homemade, [/b]<BR>0033_ Chaturbate ceceseptember Cam Shows May 3, 9, 11, 12, 15, 16, 17, 18, 20 2016 ceceseptember 11 05 201<BR><BR>[b]0033_webcam_sex_xxx_video_6[/b]<BR>MPEG-TS | Size: 577 MiB | Duration: 1h 27mn | 640x480<BR><BR>[b]~> Download video from KEEP2SHARE <~<BR>[url=http://k2s.cc/file/6386e009cf267/0033_webcam_sex_xxx_video_6.mp4.part1.rar]0033_webcam_sex_xxx_video_6.mp4.part1.rar[/url]<BR>[url=http://k2s.cc/file/95bc8807df265/0033_webcam_sex_xxx_video_6.mp4.part2.rar]0033_webcam_sex_xxx_video_6.mp4.part2.rar[/url][/b]<BR><BR>More screenshots:<BR>[URL=http://pimpandhost.com/image/55482277-medium.html][IMG]http://ist3-1.filesor.com/pimpandhost.com/1/_/_/_/1/3/K/N/t/3KNtr/0033_webcam_sex_xxx_video_6_s_0.jpg[/IMG][/URL]<BR><BR><BR>","1372","1771","3626","1376"
" Chaturbate ceceseptember Cam Shows May 3, 9, 11, 12, 15, 1","[URL=http://pimpandhost.com/image/55482008-original.html][IMG]http://ist3-2.filesor.com/pimpandhost.com/1/_/_/_/1/3/K/N/p/3KNp6/0034_webcam_sex_xxx_video_6_s.jpg[/IMG][/URL]<BR><BR>[b]Webcam, amateur, homemade, [/b]<BR>0034_ Chaturbate ceceseptember Cam Shows May 3, 9, 11, 12, 15, 16, 17, 18, 20 2016 ceceseptember 12 04 201<BR><BR>[b]0034_webcam_sex_xxx_video_6[/b]<BR>MPEG-4 | Size: 1.20 GiB | Duration: 4h 53mn | 640x480<BR><BR>[b]~> Download video from KEEP2SHARE <~<BR>[url=http://k2s.cc/file/d8092e44ff6a4/0034_webcam_sex_xxx_video_6.mp4.part1.rar]0034_webcam_sex_xxx_video_6.mp4.part1.rar[/url]<BR>[url=http://k2s.cc/file/476c68e83d615/0034_webcam_sex_xxx_video_6.mp4.part2.rar]0034_webcam_sex_xxx_video_6.mp4.part2.rar[/url]<BR>[url=http://k2s.cc/file/3c43c3e72ff63/0034_webcam_sex_xxx_video_6.mp4.part3.rar]0034_webcam_sex_xxx_video_6.mp4.part3.rar[/url][/b]<BR><BR>More screenshots:<BR>[URL=http://pimpandhost.com/image/55482290-medium.html][IMG]http://ist3-2.filesor.com/pimpandhost.com/1/_/_/_/1/3/K/N/t/3KNtE/0034_webcam_sex_xxx_video_6_s_0.jpg[/IMG][/URL]<BR><BR><BR>","1354","1945","3535","1397"
" Chaturbate ceceseptember Cam Shows May 3, 9, 11, 12, 15, 1","[URL=http://pimpandhost.com/image/55482042-original.html][IMG]http://ist3-1.filesor.com/pimpandhost.com/1/_/_/_/1/3/K/N/p/3KNpE/0035_webcam_sex_xxx_video_6_s.jpg[/IMG][/URL]<BR><BR>[b]Webcam, amateur, homemade, [/b]<BR>0035_ Chaturbate ceceseptember Cam Shows May 3, 9, 11, 12, 15, 16, 17, 18, 20 2016 ceceseptember 15 04 201<BR><BR>[b]0035_webcam_sex_xxx_video_6[/b]<BR>MPEG-TS | Size: 668 MiB | Duration: 1h 43mn | 640x480<BR><BR>[b]~> Download video from KEEP2SHARE <~<BR>[url=http://k2s.cc/file/fef7fa37fcf9d/0035_webcam_sex_xxx_video_6.mp4.part1.rar]0035_webcam_sex_xxx_video_6.mp4.part1.rar[/url]<BR>[url=http://k2s.cc/file/f2d5b6c5e88f5/0035_webcam_sex_xxx_video_6.mp4.part2.rar]0035_webcam_sex_xxx_video_6.mp4.part2.rar[/url][/b]<BR><BR>More screenshots:<BR>[URL=http://pimpandhost.com/image/55482304-medium.html][IMG]http://ist3-1.filesor.com/pimpandhost.com/1/_/_/_/1/3/K/N/t/3KNtS/0035_webcam_sex_xxx_video_6_s_0.jpg[/IMG][/URL]<BR><BR><BR>","1332","1610","3502","1348"
" Chaturbate ceceseptember Cam Shows May 3, 9, 11, 12, 15, 1","[URL=http://pimpandhost.com/image/55482053-original.html][IMG]http://ist3-2.filesor.com/pimpandhost.com/1/_/_/_/1/3/K/N/p/3KNpP/0036_webcam_sex_xxx_video_6_s.jpg[/IMG][/URL]<BR><BR>[b]Webcam, amateur, homemade, [/b]<BR>0036_ Chaturbate ceceseptember Cam Shows May 3, 9, 11, 12, 15, 16, 17, 18, 20 2016 ceceseptember 16 05 201<BR><BR>[b]0036_webcam_sex_xxx_video_6[/b]<BR>MPEG-TS | Size: 1.14 GiB | Duration: 2h 44mn | 640x480<BR><BR>[b]~> Download video from KEEP2SHARE <~<BR>[url=http://k2s.cc/file/90290be322eac/0036_webcam_sex_xxx_video_6.mp4.part1.rar]0036_webcam_sex_xxx_video_6.mp4.part1.rar[/url]<BR>[url=http://k2s.cc/file/f3b8dc320bca5/0036_webcam_sex_xxx_video_6.mp4.part2.rar]0036_webcam_sex_xxx_video_6.mp4.part2.rar[/url]<BR>[url=http://k2s.cc/file/fb6deb8e60005/0036_webcam_sex_xxx_video_6.mp4.part3.rar]0036_webcam_sex_xxx_video_6.mp4.part3.rar[/url][/b]<BR><BR>More screenshots:<BR>[URL=http://pimpandhost.com/image/55482311-medium.html][IMG]http://ist3-2.filesor.com/pimpandhost.com/1/_/_/_/1/3/K/N/t/3KNtZ/0036_webcam_sex_xxx_video_6_s_0.jpg[/IMG][/URL]<BR><BR><BR>","1332","2306","3590","1358"
" Chaturbate ceceseptember Cam Shows May 3, 9, 11, 12, 15, 1","[URL=http://pimpandhost.com/image/55482060-original.html][IMG]http://ist3-1.filesor.com/pimpandhost.com/1/_/_/_/1/3/K/N/p/3KNpW/0037_webcam_sex_xxx_video_6_s.jpg[/IMG][/URL]<BR><BR>[b]Webcam, amateur, homemade, [/b]<BR>0037_ Chaturbate ceceseptember Cam Shows May 3, 9, 11, 12, 15, 16, 17, 18, 20 2016 ceceseptember 17 05 201<BR><BR>[b]0037_webcam_sex_xxx_video_6[/b]<BR>MPEG-TS | Size: 666 MiB | Duration: 2h 7mn | 640x480<BR><BR>[b]~> Download video from KEEP2SHARE <~<BR>[url=http://k2s.cc/file/23893c7675225/0037_webcam_sex_xxx_video_6.mp4.part1.rar]0037_webcam_sex_xxx_video_6.mp4.part1.rar[/url]<BR>[url=http://k2s.cc/file/5dcd7e439134d/0037_webcam_sex_xxx_video_6.mp4.part2.rar]0037_webcam_sex_xxx_video_6.mp4.part2.rar[/url][/b]<BR><BR>More screenshots:<BR>[URL=http://pimpandhost.com/image/55482325-medium.html][IMG]http://ist3-2.filesor.com/pimpandhost.com/1/_/_/_/1/3/K/N/u/3KNud/0037_webcam_sex_xxx_video_6_s_0.jpg[/IMG][/URL]<BR><BR><BR>","1300","2167","3573","1312"
" Chaturbate ceceseptember Cam Shows May 3, 9, 11, 12, 15, 1","[URL=http://pimpandhost.com/image/55482067-original.html][IMG]http://ist3-2.filesor.com/pimpandhost.com/1/_/_/_/1/3/K/N/q/3KNq3/0038_webcam_sex_xxx_video_6_s.jpg[/IMG][/URL]<BR><BR>[b]Webcam, amateur, homemade, [/b]<BR>0038_ Chaturbate ceceseptember Cam Shows May 3, 9, 11, 12, 15, 16, 17, 18, 20 2016 ceceseptember 18 04 201<BR><BR>[b]0038_webcam_sex_xxx_video_6[/b]<BR>MPEG-4 | Size: 1.30 GiB | Duration: 4h 54mn | 640x480<BR><BR>[b]~> Download video from KEEP2SHARE <~<BR>[url=http://k2s.cc/file/f9026dd18e27c/0038_webcam_sex_xxx_video_6.mp4.part1.rar]0038_webcam_sex_xxx_video_6.mp4.part1.rar[/url]<BR>[url=http://k2s.cc/file/3690f12326b6f/0038_webcam_sex_xxx_video_6.mp4.part2.rar]0038_webcam_sex_xxx_video_6.mp4.part2.rar[/url]<BR>[url=http://k2s.cc/file/f288b4ce6aad4/0038_webcam_sex_xxx_video_6.mp4.part3.rar]0038_webcam_sex_xxx_video_6.mp4.part3.rar[/url][/b]<BR><BR>More screenshots:<BR>[URL=http://pimpandhost.com/image/55482343-medium.html][IMG]http://ist3-1.filesor.com/pimpandhost.com/1/_/_/_/1/3/K/N/u/3KNuv/0038_webcam_sex_xxx_video_6_s_0.jpg[/IMG][/URL]<BR><BR><BR>","1302","1697","3663","1391"
" Chaturbate ceceseptember Cam Shows May 3, 9, 11, 12, 15, 1","[URL=http://pimpandhost.com/image/55482076-original.html][IMG]http://ist3-2.filesor.com/pimpandhost.com/1/_/_/_/1/3/K/N/q/3KNqc/0039_webcam_sex_xxx_video_6_s.jpg[/IMG][/URL]<BR><BR>[b]Webcam, amateur, homemade, [/b]<BR>0039_ Chaturbate ceceseptember Cam Shows May 3, 9, 11, 12, 15, 16, 17, 18, 20 2016 ceceseptember 18 05 201<BR><BR>[b]0039_webcam_sex_xxx_video_6[/b]<BR>MPEG-4 | Size: 822 MiB | Duration: 1h 55mn | 640x480<BR><BR>[b]~> Download video from KEEP2SHARE <~<BR>[url=http://k2s.cc/file/b7519b28654e7/0039_webcam_sex_xxx_video_6.mp4.part1.rar]0039_webcam_sex_xxx_video_6.mp4.part1.rar[/url]<BR>[url=http://k2s.cc/file/589a26e659a49/0039_webcam_sex_xxx_video_6.mp4.part2.rar]0039_webcam_sex_xxx_video_6.mp4.part2.rar[/url][/b]<BR><BR>More screenshots:<BR>[URL=http://pimpandhost.com/image/55482350-medium.html][IMG]http://ist3-2.filesor.com/pimpandhost.com/1/_/_/_/1/3/K/N/u/3KNuC/0039_webcam_sex_xxx_video_6_s_0.jpg[/IMG][/URL]<BR><BR><BR>","1316","1555","3671","1306"
" Chaturbate ceceseptember Cam Shows May 3, 9, 11, 12, 15, 1","[URL=http://pimpandhost.com/image/55482080-original.html][IMG]http://ist3-1.filesor.com/pimpandhost.com/1/_/_/_/1/3/K/N/q/3KNqg/0040_webcam_sex_xxx_video_6_s.jpg[/IMG][/URL]<BR><BR>[b]Webcam, amateur, homemade, [/b]<BR>0040_ Chaturbate ceceseptember Cam Shows May 3, 9, 11, 12, 15, 16, 17, 18, 20 2016 ceceseptember 20 04 201<BR><BR>[b]0040_webcam_sex_xxx_video_6[/b]<BR>MPEG-TS | Size: 876 MiB | Duration: 1h 19mn | 640x480<BR><BR>[b]~> Download video from KEEP2SHARE <~<BR>[url=http://k2s.cc/file/e8b77c46371eb/0040_webcam_sex_xxx_video_6.mp4.part1.rar]0040_webcam_sex_xxx_video_6.mp4.part1.rar[/url]<BR>[url=http://k2s.cc/file/cee34ea567385/0040_webcam_sex_xxx_video_6.mp4.part2.rar]0040_webcam_sex_xxx_video_6.mp4.part2.rar[/url][/b]<BR><BR>More screenshots:<BR>[URL=http://pimpandhost.com/image/55482366-medium.html][IMG]http://ist3-1.filesor.com/pimpandhost.com/1/_/_/_/1/3/K/N/u/3KNuS/0040_webcam_sex_xxx_video_6_s_0.jpg[/IMG][/URL]<BR><BR><BR>","1333","1648","3572","1305"
" Chaturbate leo4leea PhotoVideo Sets cowgir","[URL=http://pimpandhost.com/image/55482090-original.html][IMG]http://ist3-2.filesor.com/pimpandhost.com/1/_/_/_/1/3/K/N/q/3KNqq/0041_webcam_sex_xxx_video_l_s.jpg[/IMG][/URL]<BR><BR>[b]Webcam, amateur, homemade, [/b]<BR>0041_ Chaturbate leo4leea PhotoVideo Sets cowgir<BR><BR>[b]0041_webcam_sex_xxx_video_l[/b]<BR>AVI | Size: 24.6 MiB | Duration: 1mn 53s | 1024x576<BR><BR>[b]~> Download video from KEEP2SHARE <~<BR>[url=http://k2s.cc/file/d3839a337352a/0041_webcam_sex_xxx_video_l.avi]0041_webcam_sex_xxx_video_l.avi[/url][/b]<BR><BR>More screenshots:<BR>[URL=http://pimpandhost.com/image/55482380-medium.html][IMG]http://ist3-2.filesor.com/pimpandhost.com/1/_/_/_/1/3/K/N/v/3KNv6/0041_webcam_sex_xxx_video_l_s_0.jpg[/IMG][/URL]<BR><BR><BR>","1347","2392","3663","1300"
" Chaturbate leo4leea PhotoVideo Sets facia","[URL=http://pimpandhost.com/image/55482121-original.html][IMG]http://ist3-1.filesor.com/pimpandhost.com/1/_/_/_/1/3/K/N/q/3KNqV/0043_webcam_sex_xxx_video_l_s.jpg[/IMG][/URL]<BR><BR>[b]Webcam, amateur, homemade, [/b]<BR>0043_ Chaturbate leo4leea PhotoVideo Sets facia<BR><BR>[b]0043_webcam_sex_xxx_video_l[/b]<BR>Flash Video | Size: 7.38 MiB | Duration: 3mn 2s | 480x320<BR><BR>[b]~> Download video from KEEP2SHARE <~<BR>[url=http://k2s.cc/file/382c53341700c/0043_webcam_sex_xxx_video_l.flv]0043_webcam_sex_xxx_video_l.flv[/url][/b]<BR><BR>More screenshots:<BR><BR><BR><BR>","1349","2390","3694","1381"
" Chaturbate leo4leea PhotoVideo Sets first recorded squir","[URL=http://pimpandhost.com/image/55482127-original.html][IMG]http://ist3-2.filesor.com/pimpandhost.com/1/_/_/_/1/3/K/N/r/3KNr1/0044_webcam_sex_xxx_video_t_s.jpg[/IMG][/URL]<BR><BR>[b]Webcam, amateur, homemade, [/b]<BR>0044_ Chaturbate leo4leea PhotoVideo Sets first recorded squir<BR><BR>[b]0044_webcam_sex_xxx_video_t[/b]<BR>MPEG-4 | Size: 5.26 MiB | Duration: 53s 110ms | 568x320<BR><BR>[b]~> Download video from KEEP2SHARE <~<BR>[url=http://k2s.cc/file/2e3cc750494ef/0044_webcam_sex_xxx_video_t.MOV]0044_webcam_sex_xxx_video_t.MOV[/url][/b]<BR><BR>More screenshots:<BR>[URL=http://pimpandhost.com/image/55482415-medium.html][IMG]http://ist3-2.filesor.com/pimpandhost.com/1/_/_/_/1/3/K/N/v/3KNvF/0044_webcam_sex_xxx_video_t_s_0.jpg[/IMG][/URL]<BR><BR><BR>","1311","2381","3558","1343"
" Chaturbate leo4leea PhotoVideo Sets several squirt","[URL=http://pimpandhost.com/image/55482145-original.html][IMG]http://ist3-1.filesor.com/pimpandhost.com/1/_/_/_/1/3/K/N/r/3KNrj/0045_webcam_sex_xxx_video_s_s.jpg[/IMG][/URL]<BR><BR>[b]Webcam, amateur, homemade, [/b]<BR>0045_ Chaturbate leo4leea PhotoVideo Sets several squirt<BR><BR>[b]0045_webcam_sex_xxx_video_s[/b]<BR>MPEG-4 | Size: 259 MiB | Duration: 3mn 22s | 1280x720<BR><BR>[b]~> Download video from KEEP2SHARE <~<BR>[url=http://k2s.cc/file/e0ec38198fa1d/0045_webcam_sex_xxx_video_s.MOV]0045_webcam_sex_xxx_video_s.MOV[/url][/b]<BR><BR>More screenshots:<BR>[URL=http://pimpandhost.com/image/55482424-medium.html][IMG]http://ist3-2.filesor.com/pimpandhost.com/1/_/_/_/1/3/K/N/v/3KNvO/0045_webcam_sex_xxx_video_s_s_0.jpg[/IMG][/URL]<BR><BR><BR>","1388","2167","3500","1388"
" Gia Paige CamSoda 16.05.24 480p 16.05.24 Gia Paige CamSoda","[URL=http://pimpandhost.com/image/55482161-original.html][IMG]http://ist3-2.filesor.com/pimpandhost.com/1/_/_/_/1/3/K/N/r/3KNrz/0046_webcam_sex_xxx_video_r_s.jpg[/IMG][/URL]<BR><BR>[b]Webcam, amateur, homemade, [/b]<BR>0046_ Gia Paige CamSoda 16.05.24 480p 16.05.24 Gia Paige CamSoda skb<BR><BR>[b]0046_webcam_sex_xxx_video_r[/b]<BR>MPEG-4 | Size: 1.17 GiB | Duration: 1h 28mn | 854x480<BR><BR>[b]~> Download video from KEEP2SHARE <~<BR>[url=http://k2s.cc/file/4357d0947cab3/0046_webcam_sex_xxx_video_r.mp4.part1.rar]0046_webcam_sex_xxx_video_r.mp4.part1.rar[/url]<BR>[url=http://k2s.cc/file/1efb0a423deed/0046_webcam_sex_xxx_video_r.mp4.part2.rar]0046_webcam_sex_xxx_video_r.mp4.part2.rar[/url]<BR>[url=http://k2s.cc/file/a37d41e4acd91/0046_webcam_sex_xxx_video_r.mp4.part3.rar]0046_webcam_sex_xxx_video_r.mp4.part3.rar[/url][/b]<BR><BR>More screenshots:<BR>[URL=http://pimpandhost.com/image/55482430-medium.html][IMG]http://ist3-2.filesor.com/pimpandhost.com/1/_/_/_/1/3/K/N/v/3KNvU/0046_webcam_sex_xxx_video_r_s_0.jpg[/IMG][/URL]<BR><BR><BR>","1348","1835","3501","1350"
" MFC Adinasweety  Part 3 of 3 Beautiful camgirl with an UNR","[URL=http://pimpandhost.com/image/55482181-original.html][IMG]http://ist3-2.filesor.com/pimpandhost.com/1/_/_/_/1/3/K/N/r/3KNrT/0047_webcam_sex_xxx_video_s_s.jpg[/IMG][/URL]<BR><BR>[b]Webcam, amateur, homemade, [/b]<BR>0047_ MFC Adinasweety  Part 3 of 3 Beautiful camgirl with an UNREAL body adinasweety 070315 1315 mfc myfreecam<BR><BR>[b]0047_webcam_sex_xxx_video_s[/b]<BR>MPEG-4 | Size: 336 MiB | Duration: 2h 13mn | 320x240<BR><BR>[b]~> Download video from KEEP2SHARE <~<BR>[url=http://k2s.cc/file/04b9471537113/0047_webcam_sex_xxx_video_s.mp4]0047_webcam_sex_xxx_video_s.mp4[/url][/b]<BR><BR>More screenshots:<BR>[URL=http://pimpandhost.com/image/55482452-medium.html][IMG]http://ist3-1.filesor.com/pimpandhost.com/1/_/_/_/1/3/K/N/w/3KNwg/0047_webcam_sex_xxx_video_s_s_0.jpg[/IMG][/URL]<BR><BR><BR>","1359","2237","3581","1376"
" MFC Adinasweety  Part 3 of 3 Beautiful camgirl with an UNR","[URL=http://pimpandhost.com/image/55482215-original.html][IMG]http://ist3-1.filesor.com/pimpandhost.com/1/_/_/_/1/3/K/N/s/3KNsr/0050_webcam_sex_xxx_video_s_s.jpg[/IMG][/URL]<BR><BR>[b]Webcam, amateur, homemade, [/b]<BR>0050_ MFC Adinasweety  Part 3 of 3 Beautiful camgirl with an UNREAL body adinasweety 140315 2225 mfc myfreecam<BR><BR>[b]0050_webcam_sex_xxx_video_s[/b]<BR>MPEG-4 | Size: 305 MiB | Duration: 2h 2mn | 320x240<BR><BR>[b]~> Download video from KEEP2SHARE <~<BR>[url=http://k2s.cc/file/6d23193da1aa7/0050_webcam_sex_xxx_video_s.mp4]0050_webcam_sex_xxx_video_s.mp4[/url][/b]<BR><BR>More screenshots:<BR>[URL=http://pimpandhost.com/image/55482462-medium.html][IMG]http://ist3-2.filesor.com/pimpandhost.com/1/_/_/_/1/3/K/N/w/3KNwq/0050_webcam_sex_xxx_video_s_s_0.jpg[/IMG][/URL]<BR><BR><BR>","1388","1734","3663","1321"
" MFC Adinasweety  Part 3 of 3 Beautiful camgirl with an UNR","[URL=http://pimpandhost.com/image/55482246-original.html][IMG]http://ist3-2.filesor.com/pimpandhost.com/1/_/_/_/1/3/K/N/s/3KNsW/0052_webcam_sex_xxx_video_s_s.jpg[/IMG][/URL]<BR><BR>[b]Webcam, amateur, homemade, [/b]<BR>0052_ MFC Adinasweety  Part 3 of 3 Beautiful camgirl with an UNREAL body adinasweety 150315 1116 mfc myfreecam<BR><BR>[b]0052_webcam_sex_xxx_video_s[/b]<BR>MPEG-4 | Size: 212 MiB | Duration: 1h 23mn | 320x240<BR><BR>[b]~> Download video from KEEP2SHARE <~<BR>[url=http://k2s.cc/file/c79aeba3a2c18/0052_webcam_sex_xxx_video_s.mp4]0052_webcam_sex_xxx_video_s.mp4[/url][/b]<BR><BR>More screenshots:<BR>[URL=http://pimpandhost.com/image/55482478-medium.html][IMG]http://ist3-1.filesor.com/pimpandhost.com/1/_/_/_/1/3/K/N/w/3KNwG/0052_webcam_sex_xxx_video_s_s_0.jpg[/IMG][/URL]<BR><BR><BR>","1342","1660","3553","1389"
" MFC Adinasweety  Part 3 of 3 Beautiful camgirl with an UNR","[URL=http://pimpandhost.com/image/55482253-original.html][IMG]http://ist3-1.filesor.com/pimpandhost.com/1/_/_/_/1/3/K/N/t/3KNt3/0053_webcam_sex_xxx_video_s_s.jpg[/IMG][/URL]<BR><BR>[b]Webcam, amateur, homemade, [/b]<BR>0053_ MFC Adinasweety  Part 3 of 3 Beautiful camgirl with an UNREAL body adinasweety 150315 1410 mfc myfreecam<BR><BR>[b]0053_webcam_sex_xxx_video_s[/b]<BR>MPEG-4 | Size: 141 MiB | Duration: 56mn 14s | 320x240<BR><BR>[b]~> Download video from KEEP2SHARE <~<BR>[url=http://k2s.cc/file/3dfbff2e20614/0053_webcam_sex_xxx_video_s.mp4]0053_webcam_sex_xxx_video_s.mp4[/url][/b]<BR><BR>More screenshots:<BR>[URL=http://pimpandhost.com/image/55482481-medium.html][IMG]http://ist3-1.filesor.com/pimpandhost.com/1/_/_/_/1/3/K/N/w/3KNwJ/0053_webcam_sex_xxx_video_s_s_0.jpg[/IMG][/URL]<BR><BR><BR>","1317","1571","3679","1366"
" MFC Adinasweety  Part 3 of 3 Beautiful camgirl with an UNR","[URL=http://pimpandhost.com/image/55482263-original.html][IMG]http://ist3-2.filesor.com/pimpandhost.com/1/_/_/_/1/3/K/N/t/3KNtd/0054_webcam_sex_xxx_video_s_s.jpg[/IMG][/URL]<BR><BR>[b]Webcam, amateur, homemade, [/b]<BR>0054_ MFC Adinasweety  Part 3 of 3 Beautiful camgirl with an UNREAL body adinasweety 170315 2236 mfc myfreecam<BR><BR>[b]0054_webcam_sex_xxx_video_s[/b]<BR>MPEG-4 | Size: 143 MiB | Duration: 56mn 42s | 320x240<BR><BR>[b]~> Download video from KEEP2SHARE <~<BR>[url=http://k2s.cc/file/4e5d1c550824b/0054_webcam_sex_xxx_video_s.mp4]0054_webcam_sex_xxx_video_s.mp4[/url][/b]<BR><BR>More screenshots:<BR>[URL=http://pimpandhost.com/image/55482483-medium.html][IMG]http://ist3-1.filesor.com/pimpandhost.com/1/_/_/_/1/3/K/N/w/3KNwL/0054_webcam_sex_xxx_video_s_s_0.jpg[/IMG][/URL]<BR><BR><BR>","1306","2275","3592","1318"
" MFC Adinasweety  Part 3 of 3 Beautiful camgirl with an UNR","[URL=http://pimpandhost.com/image/55482270-original.html][IMG]http://ist3-2.filesor.com/pimpandhost.com/1/_/_/_/1/3/K/N/t/3KNtk/0055_webcam_sex_xxx_video_s_s.jpg[/IMG][/URL]<BR><BR>[b]Webcam, amateur, homemade, [/b]<BR>0055_ MFC Adinasweety  Part 3 of 3 Beautiful camgirl with an UNREAL body adinasweety 180315 1518 mfc myfreecam<BR><BR>[b]0055_webcam_sex_xxx_video_s[/b]<BR>MPEG-4 | Size: 109 MiB | Duration: 43mn 1s | 320x240<BR><BR>[b]~> Download video from KEEP2SHARE <~<BR>[url=http://k2s.cc/file/cac79e434d27d/0055_webcam_sex_xxx_video_s.mp4]0055_webcam_sex_xxx_video_s.mp4[/url][/b]<BR><BR>More screenshots:<BR>[URL=http://pimpandhost.com/image/55482488-medium.html][IMG]http://ist3-1.filesor.com/pimpandhost.com/1/_/_/_/1/3/K/N/w/3KNwQ/0055_webcam_sex_xxx_video_s_s_0.jpg[/IMG][/URL]<BR><BR><BR>","1384","2174","3622","1371"
" MFC Adinasweety  Part 3 of 3 Beautiful camgirl with an UNR","[URL=http://pimpandhost.com/image/55482284-original.html][IMG]http://ist3-2.filesor.com/pimpandhost.com/1/_/_/_/1/3/K/N/t/3KNty/0056_webcam_sex_xxx_video_s_s.jpg[/IMG][/URL]<BR><BR>[b]Webcam, amateur, homemade, [/b]<BR>0056_ MFC Adinasweety  Part 3 of 3 Beautiful camgirl with an UNREAL body adinasweety 190215 1011 mfc myfreecam<BR><BR>[b]0056_webcam_sex_xxx_video_s[/b]<BR>MPEG-4 | Size: 632 MiB | Duration: 4h 11mn | 320x240<BR><BR>[b]~> Download video from KEEP2SHARE <~<BR>[url=http://k2s.cc/file/b60ed71b2e120/0056_webcam_sex_xxx_video_s.mp4.part1.rar]0056_webcam_sex_xxx_video_s.mp4.part1.rar[/url]<BR>[url=http://k2s.cc/file/4320f6c88ef19/0056_webcam_sex_xxx_video_s.mp4.part2.rar]0056_webcam_sex_xxx_video_s.mp4.part2.rar[/url][/b]<BR><BR>More screenshots:<BR>[URL=http://pimpandhost.com/image/55482490-medium.html][IMG]http://ist3-1.filesor.com/pimpandhost.com/1/_/_/_/1/3/K/N/w/3KNwS/0056_webcam_sex_xxx_video_s_s_0.jpg[/IMG][/URL]<BR><BR><BR>","1349","2052","3618","1398"
" MFC Adinasweety  Part 3 of 3 Beautiful camgirl with an UNR","[URL=http://pimpandhost.com/image/55482297-original.html][IMG]http://ist3-2.filesor.com/pimpandhost.com/1/_/_/_/1/3/K/N/t/3KNtL/0057_webcam_sex_xxx_video_s_s.jpg[/IMG][/URL]<BR><BR>[b]Webcam, amateur, homemade, [/b]<BR>0057_ MFC Adinasweety  Part 3 of 3 Beautiful camgirl with an UNREAL body adinasweety 190315 1047 mfc myfreecam<BR><BR>[b]0057_webcam_sex_xxx_video_s[/b]<BR>MPEG-4 | Size: 261 MiB | Duration: 1h 43mn | 320x240<BR><BR>[b]~> Download video from KEEP2SHARE <~<BR>[url=http://k2s.cc/file/0f8423ca597df/0057_webcam_sex_xxx_video_s.mp4]0057_webcam_sex_xxx_video_s.mp4[/url][/b]<BR><BR>More screenshots:<BR>[URL=http://pimpandhost.com/image/55482493-medium.html][IMG]http://ist3-2.filesor.com/pimpandhost.com/1/_/_/_/1/3/K/N/w/3KNwV/0057_webcam_sex_xxx_video_s_s_0.jpg[/IMG][/URL]<BR><BR><BR>","1399","2035","3595","1358"
" MFC Adinasweety  Part 3 of 3 Beautiful camgirl with an UNR","[URL=http://pimpandhost.com/image/55482302-original.html][IMG]http://ist3-1.filesor.com/pimpandhost.com/1/_/_/_/1/3/K/N/t/3KNtQ/0058_webcam_sex_xxx_video_s_s.jpg[/IMG][/URL]<BR><BR>[b]Webcam, amateur, homemade, [/b]<BR>0058_ MFC Adinasweety  Part 3 of 3 Beautiful camgirl with an UNREAL body adinasweety 190315 1048 mfc myfreecam<BR><BR>[b]0058_webcam_sex_xxx_video_s[/b]<BR>MPEG-4 | Size: 259 MiB | Duration: 1h 42mn | 320x240<BR><BR>[b]~> Download video from KEEP2SHARE <~<BR>[url=http://k2s.cc/file/80df6bb05ed73/0058_webcam_sex_xxx_video_s.mp4]0058_webcam_sex_xxx_video_s.mp4[/url][/b]<BR><BR>More screenshots:<BR>[URL=http://pimpandhost.com/image/55482498-medium.html][IMG]http://ist3-2.filesor.com/pimpandhost.com/1/_/_/_/1/3/K/N/x/3KNx0/0058_webcam_sex_xxx_video_s_s_0.jpg[/IMG][/URL]<BR><BR><BR>","1341","2292","3566","1329"
" MFC Adinasweety  Part 3 of 3 Beautiful camgirl with an UNR","[URL=http://pimpandhost.com/image/55482308-original.html][IMG]http://ist3-2.filesor.com/pimpandhost.com/1/_/_/_/1/3/K/N/t/3KNtW/0059_webcam_sex_xxx_video_s_s.jpg[/IMG][/URL]<BR><BR>[b]Webcam, amateur, homemade, [/b]<BR>0059_ MFC Adinasweety  Part 3 of 3 Beautiful camgirl with an UNREAL body adinasweety 190315 1233 mfc myfreecam<BR><BR>[b]0059_webcam_sex_xxx_video_s[/b]<BR>MPEG-4 | Size: 123 MiB | Duration: 49mn 3s | 320x240<BR><BR>[b]~> Download video from KEEP2SHARE <~<BR>[url=http://k2s.cc/file/d1f67ea38c4b7/0059_webcam_sex_xxx_video_s.mp4]0059_webcam_sex_xxx_video_s.mp4[/url][/b]<BR><BR>More screenshots:<BR>[URL=http://pimpandhost.com/image/55482500-medium.html][IMG]http://ist3-2.filesor.com/pimpandhost.com/1/_/_/_/1/3/K/N/x/3KNx2/0059_webcam_sex_xxx_video_s_s_0.jpg[/IMG][/URL]<BR><BR><BR>","1314","1630","3602","1357"
" MFC Adinasweety  Part 3 of 3 Beautiful camgirl with an UNR","[URL=http://pimpandhost.com/image/55482320-original.html][IMG]http://ist3-2.filesor.com/pimpandhost.com/1/_/_/_/1/3/K/N/u/3KNu8/0060_webcam_sex_xxx_video_s_s.jpg[/IMG][/URL]<BR><BR>[b]Webcam, amateur, homemade, [/b]<BR>0060_ MFC Adinasweety  Part 3 of 3 Beautiful camgirl with an UNREAL body adinasweety 210215 1154 mfc myfreecam<BR><BR>[b]0060_webcam_sex_xxx_video_s[/b]<BR>MPEG-4 | Size: 26.5 MiB | Duration: 10mn 35s | 320x240<BR><BR>[b]~> Download video from KEEP2SHARE <~<BR>[url=http://k2s.cc/file/d6387503bb1db/0060_webcam_sex_xxx_video_s.mp4]0060_webcam_sex_xxx_video_s.mp4[/url][/b]<BR><BR>More screenshots:<BR>[URL=http://pimpandhost.com/image/55482506-medium.html][IMG]http://ist3-2.filesor.com/pimpandhost.com/1/_/_/_/1/3/K/N/x/3KNx8/0060_webcam_sex_xxx_video_s_s_0.jpg[/IMG][/URL]<BR><BR><BR>","1332","2198","3591","1349"
" MFC Adinasweety  Part 3 of 3 Beautiful camgirl with an UNR","[URL=http://pimpandhost.com/image/55482331-original.html][IMG]http://ist3-1.filesor.com/pimpandhost.com/1/_/_/_/1/3/K/N/u/3KNuj/0061_webcam_sex_xxx_video_s_s.jpg[/IMG][/URL]<BR><BR>[b]Webcam, amateur, homemade, [/b]<BR>0061_ MFC Adinasweety  Part 3 of 3 Beautiful camgirl with an UNREAL body adinasweety 250215 1103 mfc myfreecam<BR><BR>[b]0061_webcam_sex_xxx_video_s[/b]<BR>MPEG-4 | Size: 715 MiB | Duration: 4h 44mn | 320x240<BR><BR>[b]~> Download video from KEEP2SHARE <~<BR>[url=http://k2s.cc/file/580c22b7fd3a1/0061_webcam_sex_xxx_video_s.mp4.part1.rar]0061_webcam_sex_xxx_video_s.mp4.part1.rar[/url]<BR>[url=http://k2s.cc/file/0c717d91f87e6/0061_webcam_sex_xxx_video_s.mp4.part2.rar]0061_webcam_sex_xxx_video_s.mp4.part2.rar[/url][/b]<BR><BR>More screenshots:<BR>[URL=http://pimpandhost.com/image/55482513-medium.html][IMG]http://ist3-1.filesor.com/pimpandhost.com/1/_/_/_/1/3/K/N/x/3KNxf/0061_webcam_sex_xxx_video_s_s_0.jpg[/IMG][/URL]<BR><BR><BR>","1386","1814","3529","1393"
" Stoni Ray Collection Stoni Ray0","[URL=http://pimpandhost.com/image/55482337-original.html][IMG]http://ist3-1.filesor.com/pimpandhost.com/1/_/_/_/1/3/K/N/u/3KNup/0062_webcam_sex_xxx_video_1_s.jpg[/IMG][/URL]<BR><BR>[b]Webcam, amateur, homemade, [/b]<BR>0062_ Stoni Ray Collection Stoni Ray0<BR><BR>[b]0062_webcam_sex_xxx_video_1[/b]<BR>MPEG-4 | Size: 26.9 MiB | Duration: 7mn 31s | 640x360<BR><BR>[b]~> Download video from KEEP2SHARE <~<BR>[url=http://k2s.cc/file/8a5dae7df879e/0062_webcam_sex_xxx_video_1.mp4]0062_webcam_sex_xxx_video_1.mp4[/url][/b]<BR><BR>More screenshots:<BR>[URL=http://pimpandhost.com/image/55482517-medium.html][IMG]http://ist3-1.filesor.com/pimpandhost.com/1/_/_/_/1/3/K/N/x/3KNxj/0062_webcam_sex_xxx_video_1_s_0.jpg[/IMG][/URL]<BR><BR><BR>","1321","2044","3520","1304"
" Stoni Ray Collection Stoni Ray0","[URL=http://pimpandhost.com/image/55482345-original.html][IMG]http://ist3-2.filesor.com/pimpandhost.com/1/_/_/_/1/3/K/N/u/3KNux/0063_webcam_sex_xxx_video_2_s.jpg[/IMG][/URL]<BR><BR>[b]Webcam, amateur, homemade, [/b]<BR>0063_ Stoni Ray Collection Stoni Ray0<BR><BR>[b]0063_webcam_sex_xxx_video_2[/b]<BR>MPEG-4 | Size: 32.8 MiB | Duration: 9mn 43s | 640x360<BR><BR>[b]~> Download video from KEEP2SHARE <~<BR>[url=http://k2s.cc/file/53c3f3246f425/0063_webcam_sex_xxx_video_2.mp4]0063_webcam_sex_xxx_video_2.mp4[/url][/b]<BR><BR>More screenshots:<BR>[URL=http://pimpandhost.com/image/55482528-medium.html][IMG]http://ist3-2.filesor.com/pimpandhost.com/1/_/_/_/1/3/K/N/x/3KNxu/0063_webcam_sex_xxx_video_2_s_0.jpg[/IMG][/URL]<BR><BR><BR>","1335","2140","3652","1385"
" Stoni Ray Collection Stoni Ray0","[URL=http://pimpandhost.com/image/55482349-original.html][IMG]http://ist3-2.filesor.com/pimpandhost.com/1/_/_/_/1/3/K/N/u/3KNuB/0064_webcam_sex_xxx_video_3_s.jpg[/IMG][/URL]<BR><BR>[b]Webcam, amateur, homemade, [/b]<BR>0064_ Stoni Ray Collection Stoni Ray0<BR><BR>[b]0064_webcam_sex_xxx_video_3[/b]<BR>MPEG-4 | Size: 109 MiB | Duration: 11mn 17s | 1280x720<BR><BR>[b]~> Download video from KEEP2SHARE <~<BR>[url=http://k2s.cc/file/8390c8ac55f78/0064_webcam_sex_xxx_video_3.mp4]0064_webcam_sex_xxx_video_3.mp4[/url][/b]<BR><BR>More screenshots:<BR>[URL=http://pimpandhost.com/image/55482544-medium.html][IMG]http://ist3-2.filesor.com/pimpandhost.com/1/_/_/_/1/3/K/N/x/3KNxK/0064_webcam_sex_xxx_video_3_s_0.jpg[/IMG][/URL]<BR><BR><BR>","1332","1815","3663","1331"
" Stoni Ray Collection Stoni Ray0","[URL=http://pimpandhost.com/image/55482360-original.html][IMG]http://ist3-2.filesor.com/pimpandhost.com/1/_/_/_/1/3/K/N/u/3KNuM/0065_webcam_sex_xxx_video_4_s.jpg[/IMG][/URL]<BR><BR>[b]Webcam, amateur, homemade, [/b]<BR>0065_ Stoni Ray Collection Stoni Ray0<BR><BR>[b]0065_webcam_sex_xxx_video_4[/b]<BR>MPEG-4 | Size: 20.9 MiB | Duration: 6mn 20s | 640x360<BR><BR>[b]~> Download video from KEEP2SHARE <~<BR>[url=http://k2s.cc/file/2c894d5d9d6e1/0065_webcam_sex_xxx_video_4.mp4]0065_webcam_sex_xxx_video_4.mp4[/url][/b]<BR><BR>More screenshots:<BR>[URL=http://pimpandhost.com/image/55482560-medium.html][IMG]http://ist3-1.filesor.com/pimpandhost.com/1/_/_/_/1/3/K/N/y/3KNy0/0065_webcam_sex_xxx_video_4_s_0.jpg[/IMG][/URL]<BR><BR><BR>","1395","1757","3678","1335"
" Stoni Ray Collection Stoni Ray0","[URL=http://pimpandhost.com/image/55482364-original.html][IMG]http://ist3-2.filesor.com/pimpandhost.com/1/_/_/_/1/3/K/N/u/3KNuQ/0066_webcam_sex_xxx_video_5_s.jpg[/IMG][/URL]<BR><BR>[b]Webcam, amateur, homemade, [/b]<BR>0066_ Stoni Ray Collection Stoni Ray0<BR><BR>[b]0066_webcam_sex_xxx_video_5[/b]<BR>MPEG-4 | Size: 24.7 MiB | Duration: 7mn 56s | 640x360<BR><BR>[b]~> Download video from KEEP2SHARE <~<BR>[url=http://k2s.cc/file/6f998a5aa1bc5/0066_webcam_sex_xxx_video_5.mp4]0066_webcam_sex_xxx_video_5.mp4[/url][/b]<BR><BR>More screenshots:<BR>[URL=http://pimpandhost.com/image/55482571-medium.html][IMG]http://ist3-2.filesor.com/pimpandhost.com/1/_/_/_/1/3/K/N/y/3KNyb/0066_webcam_sex_xxx_video_5_s_0.jpg[/IMG][/URL]<BR><BR><BR>","1316","1694","3630","1330"
" Stoni Ray Collection Stoni Ray0","[URL=http://pimpandhost.com/image/55482376-original.html][IMG]http://ist3-2.filesor.com/pimpandhost.com/1/_/_/_/1/3/K/N/v/3KNv2/0067_webcam_sex_xxx_video_6_s.jpg[/IMG][/URL]<BR><BR>[b]Webcam, amateur, homemade, [/b]<BR>0067_ Stoni Ray Collection Stoni Ray0<BR><BR>[b]0067_webcam_sex_xxx_video_6[/b]<BR>MPEG-4 | Size: 35.1 MiB | Duration: 10mn 6s | 640x360<BR><BR>[b]~> Download video from KEEP2SHARE <~<BR>[url=http://k2s.cc/file/6bfcaa3ff63f9/0067_webcam_sex_xxx_video_6.mp4]0067_webcam_sex_xxx_video_6.mp4[/url][/b]<BR><BR>More screenshots:<BR><BR><BR><BR>","1336","1641","3674","1368"
" Stoni Ray Collection Stoni Ray0","[URL=http://pimpandhost.com/image/55482383-original.html][IMG]http://ist3-1.filesor.com/pimpandhost.com/1/_/_/_/1/3/K/N/v/3KNv9/0068_webcam_sex_xxx_video_7_s.jpg[/IMG][/URL]<BR><BR>[b]Webcam, amateur, homemade, [/b]<BR>0068_ Stoni Ray Collection Stoni Ray0<BR><BR>[b]0068_webcam_sex_xxx_video_7[/b]<BR>MPEG-4 | Size: 30.1 MiB | Duration: 8mn 37s | 640x360<BR><BR>[b]~> Download video from KEEP2SHARE <~<BR>[url=http://k2s.cc/file/004a361a449e3/0068_webcam_sex_xxx_video_7.mp4]0068_webcam_sex_xxx_video_7.mp4[/url][/b]<BR><BR>More screenshots:<BR><BR><BR><BR>","1394","1793","3534","1379"
" Stoni Ray Collection Stoni Ray0","[URL=http://pimpandhost.com/image/55482386-original.html][IMG]http://ist3-1.filesor.com/pimpandhost.com/1/_/_/_/1/3/K/N/v/3KNvc/0069_webcam_sex_xxx_video_8_s.jpg[/IMG][/URL]<BR><BR>[b]Webcam, amateur, homemade, [/b]<BR>0069_ Stoni Ray Collection Stoni Ray0<BR><BR>[b]0069_webcam_sex_xxx_video_8[/b]<BR>MPEG-4 | Size: 87.9 MiB | Duration: 10mn 6s | 1280x720<BR><BR>[b]~> Download video from KEEP2SHARE <~<BR>[url=http://k2s.cc/file/86e47ae6814aa/0069_webcam_sex_xxx_video_8.mp4]0069_webcam_sex_xxx_video_8.mp4[/url][/b]<BR><BR>More screenshots:<BR><BR><BR><BR>","1368","1787","3642","1389"
" Stoni Ray Collection Stoni Ray1","[URL=http://pimpandhost.com/image/55482413-original.html][IMG]http://ist3-2.filesor.com/pimpandhost.com/1/_/_/_/1/3/K/N/v/3KNvD/0071_webcam_sex_xxx_video_0_s.jpg[/IMG][/URL]<BR><BR>[b]Webcam, amateur, homemade, [/b]<BR>0071_ Stoni Ray Collection Stoni Ray1<BR><BR>[b]0071_webcam_sex_xxx_video_0[/b]<BR>MPEG-4 | Size: 25.7 MiB | Duration: 8mn 11s | 640x360<BR><BR>[b]~> Download video from KEEP2SHARE <~<BR>[url=http://k2s.cc/file/ee9c91aaf46f5/0071_webcam_sex_xxx_video_0.mp4]0071_webcam_sex_xxx_video_0.mp4[/url][/b]<BR><BR>More screenshots:<BR>[URL=http://pimpandhost.com/image/55482675-medium.html][IMG]http://ist3-2.filesor.com/pimpandhost.com/1/_/_/_/1/3/K/N/z/3KNzR/0071_webcam_sex_xxx_video_0_s_0.jpg[/IMG][/URL]<BR><BR><BR>","1393","2230","3687","1328"
" Stoni Ray Collection Stoni Ray1","[URL=http://pimpandhost.com/image/55482418-original.html][IMG]http://ist3-2.filesor.com/pimpandhost.com/1/_/_/_/1/3/K/N/v/3KNvI/0072_webcam_sex_xxx_video_1_s.jpg[/IMG][/URL]<BR><BR>[b]Webcam, amateur, homemade, [/b]<BR>0072_ Stoni Ray Collection Stoni Ray1<BR><BR>[b]0072_webcam_sex_xxx_video_1[/b]<BR>MPEG-4 | Size: 26.4 MiB | Duration: 8mn 9s | 640x360<BR><BR>[b]~> Download video from KEEP2SHARE <~<BR>[url=http://k2s.cc/file/d1b6b60571d97/0072_webcam_sex_xxx_video_1.mp4]0072_webcam_sex_xxx_video_1.mp4[/url][/b]<BR><BR>More screenshots:<BR>[URL=http://pimpandhost.com/image/55482691-medium.html][IMG]http://ist3-2.filesor.com/pimpandhost.com/1/_/_/_/1/3/K/N/A/3KNA7/0072_webcam_sex_xxx_video_1_s_0.jpg[/IMG][/URL]<BR><BR><BR>","1352","2125","3524","1385"
" Stoni Ray Collection Stoni Ray1","[URL=http://pimpandhost.com/image/55482422-original.html][IMG]http://ist3-2.filesor.com/pimpandhost.com/1/_/_/_/1/3/K/N/v/3KNvM/0073_webcam_sex_xxx_video_2_s.jpg[/IMG][/URL]<BR><BR>[b]Webcam, amateur, homemade, [/b]<BR>0073_ Stoni Ray Collection Stoni Ray1<BR><BR>[b]0073_webcam_sex_xxx_video_2[/b]<BR>MPEG-4 | Size: 31.7 MiB | Duration: 9mn 26s | 640x360<BR><BR>[b]~> Download video from KEEP2SHARE <~<BR>[url=http://k2s.cc/file/62b90d293f456/0073_webcam_sex_xxx_video_2.mp4]0073_webcam_sex_xxx_video_2.mp4[/url][/b]<BR><BR>More screenshots:<BR>[URL=http://pimpandhost.com/image/55482699-medium.html][IMG]http://ist3-2.filesor.com/pimpandhost.com/1/_/_/_/1/3/K/N/A/3KNAf/0073_webcam_sex_xxx_video_2_s_0.jpg[/IMG][/URL]<BR><BR><BR>","1304","2340","3531","1399"
" Stoni Ray Collection Stoni Ray1","[URL=http://pimpandhost.com/image/55482426-original.html][IMG]http://ist3-2.filesor.com/pimpandhost.com/1/_/_/_/1/3/K/N/v/3KNvQ/0074_webcam_sex_xxx_video_3_s.jpg[/IMG][/URL]<BR><BR>[b]Webcam, amateur, homemade, [/b]<BR>0074_ Stoni Ray Collection Stoni Ray1<BR><BR>[b]0074_webcam_sex_xxx_video_3[/b]<BR>MPEG-4 | Size: 21.4 MiB | Duration: 6mn 1s | 640x360<BR><BR>[b]~> Download video from KEEP2SHARE <~<BR>[url=http://k2s.cc/file/590020d565535/0074_webcam_sex_xxx_video_3.mp4]0074_webcam_sex_xxx_video_3.mp4[/url][/b]<BR><BR>More screenshots:<BR>[URL=http://pimpandhost.com/image/55482707-medium.html][IMG]http://ist3-1.filesor.com/pimpandhost.com/1/_/_/_/1/3/K/N/A/3KNAn/0074_webcam_sex_xxx_video_3_s_0.jpg[/IMG][/URL]<BR><BR><BR>","1322","1537","3569","1338"
" Stoni Ray Collection Stoni Ray1","[URL=http://pimpandhost.com/image/55482429-original.html][IMG]http://ist3-1.filesor.com/pimpandhost.com/1/_/_/_/1/3/K/N/v/3KNvT/0075_webcam_sex_xxx_video_4_s.jpg[/IMG][/URL]<BR><BR>[b]Webcam, amateur, homemade, [/b]<BR>0075_ Stoni Ray Collection Stoni Ray1<BR><BR>[b]0075_webcam_sex_xxx_video_4[/b]<BR>MPEG-4 | Size: 23.0 MiB | Duration: 6mn 56s | 640x360<BR><BR>[b]~> Download video from KEEP2SHARE <~<BR>[url=http://k2s.cc/file/5d452c9b0633d/0075_webcam_sex_xxx_video_4.mp4]0075_webcam_sex_xxx_video_4.mp4[/url][/b]<BR><BR>More screenshots:<BR><BR><BR><BR>","1325","2395","3638","1362"
" Stoni Ray Collection Stoni Ray1","[URL=http://pimpandhost.com/image/55482451-original.html][IMG]http://ist3-2.filesor.com/pimpandhost.com/1/_/_/_/1/3/K/N/w/3KNwf/0077_webcam_sex_xxx_video_6_s.jpg[/IMG][/URL]<BR><BR>[b]Webcam, amateur, homemade, [/b]<BR>0077_ Stoni Ray Collection Stoni Ray1<BR><BR>[b]0077_webcam_sex_xxx_video_6[/b]<BR>MPEG-4 | Size: 30.1 MiB | Duration: 9mn 23s | 640x360<BR><BR>[b]~> Download video from KEEP2SHARE <~<BR>[url=http://k2s.cc/file/7644a36fc99fb/0077_webcam_sex_xxx_video_6.mp4]0077_webcam_sex_xxx_video_6.mp4[/url][/b]<BR><BR>More screenshots:<BR>[URL=http://pimpandhost.com/image/55482812-medium.html][IMG]http://ist3-2.filesor.com/pimpandhost.com/1/_/_/_/1/3/K/N/C/3KNC4/0077_webcam_sex_xxx_video_6_s_0.jpg[/IMG][/URL]<BR><BR><BR>","1315","2003","3560","1308"
" Tattooed stud shoves his fat cock into a hot blonde Tattoo","[URL=http://pimpandhost.com/image/55482453-original.html][IMG]http://ist3-1.filesor.com/pimpandhost.com/1/_/_/_/1/3/K/N/w/3KNwh/0078_webcam_sex_xxx_video_e_s.jpg[/IMG][/URL]<BR><BR>[b]Webcam, amateur, homemade, [/b]<BR>0078_ Tattooed stud shoves his fat cock into a hot blonde Tattooed stud shoves his fat cock into a hot blond<BR><BR>[b]0078_webcam_sex_xxx_video_e[/b]<BR>MPEG-4 | Size: 131 MiB | Duration: 9mn 35s | 640x480<BR><BR>[b]~> Download video from KEEP2SHARE <~<BR>[url=http://k2s.cc/file/4b576168487d6/0078_webcam_sex_xxx_video_e.mp4]0078_webcam_sex_xxx_video_e.mp4[/url][/b]<BR><BR>More screenshots:<BR>[URL=http://pimpandhost.com/image/55482819-medium.html][IMG]http://ist3-2.filesor.com/pimpandhost.com/1/_/_/_/1/3/K/N/C/3KNCb/0078_webcam_sex_xxx_video_e_s_0.jpg[/IMG][/URL]<BR><BR><BR>","1389","1926","3674","1356"
